[
    {
        "prob": 0.9832214117050171,
        "relation": "R",
        "symChild": {
            "latex": "c",
            "strokeIds": [
                2
            ]
        },
        "symRoot": {
            "latex": "b",
            "strokeIds": [
                0
            ]
        }
    },
    {
        "prob": 0.9999654293060303,
        "relation": "Sup",
        "symChild": {
            "latex": "2",
            "strokeIds": [
                1
            ]
        },
        "symRoot": {
            "latex": "b",
            "strokeIds": [
                0
            ]
        }
    },
    {
        "prob": 0.9091018438339233,
        "relation": "R",
        "symChild": {
            "latex": "-",
            "strokeIds": [
                4
            ]
        },
        "symRoot": {
            "latex": "c",
            "strokeIds": [
                2
            ]
        }
    },
    {
        "prob": 0.994305431842804,
        "relation": "Sup",
        "symChild": {
            "latex": "2",
            "strokeIds": [
                3
            ]
        },
        "symRoot": {
            "latex": "c",
            "strokeIds": [
                2
            ]
        }
    },
    {
        "prob": 0.9998121857643127,
        "relation": "R",
        "symChild": {
            "latex": "4",
            "strokeIds": [
                5,
                6
            ]
        },
        "symRoot": {
            "latex": "-",
            "strokeIds": [
                4
            ]
        }
    },
    {
        "prob": 0.43814876675605774,
        "relation": "R",
        "symChild": {
            "latex": "b",
            "strokeIds": [
                7
            ]
        },
        "symRoot": {
            "latex": "-",
            "strokeIds": [
                4
            ]
        }
    },
    {
        "prob": 0.9997584223747253,
        "relation": "R",
        "symChild": {
            "latex": "b",
            "strokeIds": [
                7
            ]
        },
        "symRoot": {
            "latex": "4",
            "strokeIds": [
                5,
                6
            ]
        }
    },
    {
        "prob": 0.9991253018379211,
        "relation": "R",
        "symChild": {
            "latex": "d",
            "strokeIds": [
                9,
                10
            ]
        },
        "symRoot": {
            "latex": "b",
            "strokeIds": [
                7
            ]
        }
    },
    {
        "prob": 0.6488446593284607,
        "relation": "R",
        "symChild": {
            "latex": "-",
            "strokeIds": [
                11
            ]
        },
        "symRoot": {
            "latex": "b",
            "strokeIds": [
                7
            ]
        }
    },
    {
        "prob": 0.9997417330741882,
        "relation": "Sup",
        "symChild": {
            "latex": "3",
            "strokeIds": [
                8
            ]
        },
        "symRoot": {
            "latex": "b",
            "strokeIds": [
                7
            ]
        }
    },
    {
        "prob": 0.9840230941772461,
        "relation": "R",
        "symChild": {
            "latex": "-",
            "strokeIds": [
                11
            ]
        },
        "symRoot": {
            "latex": "d",
            "strokeIds": [
                9,
                10
            ]
        }
    },
    {
        "prob": 0.9998942613601685,
        "relation": "R",
        "symChild": {
            "latex": "4",
            "strokeIds": [
                12,
                13
            ]
        },
        "symRoot": {
            "latex": "-",
            "strokeIds": [
                11
            ]
        }
    },
    {
        "prob": 0.9478936791419983,
        "relation": "R",
        "symChild": {
            "latex": "a",
            "strokeIds": [
                30
            ]
        },
        "symRoot": {
            "latex": "-",
            "strokeIds": [
                11
            ]
        }
    },
    {
        "prob": 0.9998893737792969,
        "relation": "R",
        "symChild": {
            "latex": "a",
            "strokeIds": [
                30
            ]
        },
        "symRoot": {
            "latex": "4",
            "strokeIds": [
                12,
                13
            ]
        }
    },
    {
        "prob": 0.7785851955413818,
        "relation": "R",
        "symChild": {
            "latex": "c",
            "strokeIds": [
                31
            ]
        },
        "symRoot": {
            "latex": "4",
            "strokeIds": [
                12,
                13
            ]
        }
    },
    {
        "prob": 0.9996570348739624,
        "relation": "R",
        "symChild": {
            "latex": "1",
            "strokeIds": [
                17
            ]
        },
        "symRoot": {
            "latex": "+",
            "strokeIds": [
                15,
                16
            ]
        }
    },
    {
        "prob": 0.9013426899909973,
        "relation": "R",
        "symChild": {
            "latex": "8",
            "strokeIds": [
                18
            ]
        },
        "symRoot": {
            "latex": "+",
            "strokeIds": [
                15,
                16
            ]
        }
    },
    {
        "prob": 0.9999403953552246,
        "relation": "R",
        "symChild": {
            "latex": "8",
            "strokeIds": [
                18
            ]
        },
        "symRoot": {
            "latex": "1",
            "strokeIds": [
                17
            ]
        }
    },
    {
        "prob": 0.9998778104782104,
        "relation": "R",
        "symChild": {
            "latex": "a",
            "strokeIds": [
                19
            ]
        },
        "symRoot": {
            "latex": "8",
            "strokeIds": [
                18
            ]
        }
    },
    {
        "prob": 0.6961121559143066,
        "relation": "R",
        "symChild": {
            "latex": "b",
            "strokeIds": [
                20
            ]
        },
        "symRoot": {
            "latex": "8",
            "strokeIds": [
                18
            ]
        }
    },
    {
        "prob": 0.9999821186065674,
        "relation": "R",
        "symChild": {
            "latex": "b",
            "strokeIds": [
                20
            ]
        },
        "symRoot": {
            "latex": "a",
            "strokeIds": [
                19
            ]
        }
    },
    {
        "prob": 0.9586011171340942,
        "relation": "R",
        "symChild": {
            "latex": "c",
            "strokeIds": [
                21
            ]
        },
        "symRoot": {
            "latex": "a",
            "strokeIds": [
                19
            ]
        }
    },
    {
        "prob": 0.9999879598617554,
        "relation": "R",
        "symChild": {
            "latex": "c",
            "strokeIds": [
                21
            ]
        },
        "symRoot": {
            "latex": "b",
            "strokeIds": [
                20
            ]
        }
    },
    {
        "prob": 0.9051622152328491,
        "relation": "R",
        "symChild": {
            "latex": "d",
            "strokeIds": [
                22
            ]
        },
        "symRoot": {
            "latex": "b",
            "strokeIds": [
                20
            ]
        }
    },
    {
        "prob": 0.9913434982299805,
        "relation": "R",
        "symChild": {
            "latex": "d",
            "strokeIds": [
                22
            ]
        },
        "symRoot": {
            "latex": "c",
            "strokeIds": [
                21
            ]
        }
    },
    {
        "prob": 0.34172892570495605,
        "relation": "R",
        "symChild": {
            "latex": "-",
            "strokeIds": [
                23
            ]
        },
        "symRoot": {
            "latex": "c",
            "strokeIds": [
                21
            ]
        }
    },
    {
        "prob": 0.9997907280921936,
        "relation": "R",
        "symChild": {
            "latex": "-",
            "strokeIds": [
                23
            ]
        },
        "symRoot": {
            "latex": "d",
            "strokeIds": [
                22
            ]
        }
    },
    {
        "prob": 0.9999890327453613,
        "relation": "R",
        "symChild": {
            "latex": "2",
            "strokeIds": [
                24
            ]
        },
        "symRoot": {
            "latex": "-",
            "strokeIds": [
                23
            ]
        }
    },
    {
        "prob": 0.9896485209465027,
        "relation": "R",
        "symChild": {
            "latex": "7",
            "strokeIds": [
                25,
                26
            ]
        },
        "symRoot": {
            "latex": "-",
            "strokeIds": [
                23
            ]
        }
    },
    {
        "prob": 0.3004366159439087,
        "relation": "R",
        "symChild": {
            "latex": "a",
            "strokeIds": [
                32
            ]
        },
        "symRoot": {
            "latex": "-",
            "strokeIds": [
                23
            ]
        }
    },
    {
        "prob": 0.9999455213546753,
        "relation": "R",
        "symChild": {
            "latex": "7",
            "strokeIds": [
                25,
                26
            ]
        },
        "symRoot": {
            "latex": "2",
            "strokeIds": [
                24
            ]
        }
    },
    {
        "prob": 0.9984073042869568,
        "relation": "R",
        "symChild": {
            "latex": "a",
            "strokeIds": [
                32
            ]
        },
        "symRoot": {
            "latex": "7",
            "strokeIds": [
                25,
                26
            ]
        }
    },
    {
        "prob": 0.32559826970100403,
        "relation": "R",
        "symChild": {
            "latex": "2",
            "strokeIds": [
                33
            ]
        },
        "symRoot": {
            "latex": "7",
            "strokeIds": [
                25,
                26
            ]
        }
    },
    {
        "prob": 0.46701446175575256,
        "relation": "Sup",
        "symChild": {
            "latex": "2",
            "strokeIds": [
                33
            ]
        },
        "symRoot": {
            "latex": "7",
            "strokeIds": [
                25,
                26
            ]
        }
    },
    {
        "prob": 0.9998805522918701,
        "relation": "Sup",
        "symChild": {
            "latex": "2",
            "strokeIds": [
                29
            ]
        },
        "symRoot": {
            "latex": "d",
            "strokeIds": [
                27,
                28
            ]
        }
    },
    {
        "prob": 0.9996739625930786,
        "relation": "R",
        "symChild": {
            "latex": "c",
            "strokeIds": [
                31
            ]
        },
        "symRoot": {
            "latex": "a",
            "strokeIds": [
                30
            ]
        }
    },
    {
        "prob": 0.9990971088409424,
        "relation": "Sup",
        "symChild": {
            "latex": "3",
            "strokeIds": [
                14
            ]
        },
        "symRoot": {
            "latex": "c",
            "strokeIds": [
                31
            ]
        }
    },
    {
        "prob": 0.963508129119873,
        "relation": "R",
        "symChild": {
            "latex": "d",
            "strokeIds": [
                27,
                28
            ]
        },
        "symRoot": {
            "latex": "a",
            "strokeIds": [
                32
            ]
        }
    },
    {
        "prob": 0.9999840259552002,
        "relation": "Sup",
        "symChild": {
            "latex": "2",
            "strokeIds": [
                33
            ]
        },
        "symRoot": {
            "latex": "a",
            "strokeIds": [
                32
            ]
        }
    },
    {
        "prob": 0.8571003079414368,
        "relation": "Be",
        "symChild": {
            "latex": "y",
            "strokeIds": [
                36,
                37
            ]
        },
        "symRoot": {
            "latex": "-",
            "strokeIds": [
                34
            ]
        }
    },
    {
        "prob": 0.8752385377883911,
        "relation": "Ab",
        "symChild": {
            "latex": "b",
            "strokeIds": [
                0
            ]
        },
        "symRoot": {
            "latex": "-",
            "strokeIds": [
                34
            ]
        }
    },
    {
        "prob": 0.9632857441902161,
        "relation": "Ab",
        "symChild": {
            "latex": "2",
            "strokeIds": [
                1
            ]
        },
        "symRoot": {
            "latex": "-",
            "strokeIds": [
                34
            ]
        }
    },
    {
        "prob": 0.9454306960105896,
        "relation": "Ab",
        "symChild": {
            "latex": "c",
            "strokeIds": [
                2
            ]
        },
        "symRoot": {
            "latex": "-",
            "strokeIds": [
                34
            ]
        }
    },
    {
        "prob": 0.9687787890434265,
        "relation": "Ab",
        "symChild": {
            "latex": "2",
            "strokeIds": [
                3
            ]
        },
        "symRoot": {
            "latex": "-",
            "strokeIds": [
                34
            ]
        }
    },
    {
        "prob": 0.8934136033058167,
        "relation": "Ab",
        "symChild": {
            "latex": "-",
            "strokeIds": [
                4
            ]
        },
        "symRoot": {
            "latex": "-",
            "strokeIds": [
                34
            ]
        }
    },
    {
        "prob": 0.9402810335159302,
        "relation": "Ab",
        "symChild": {
            "latex": "4",
            "strokeIds": [
                5,
                6
            ]
        },
        "symRoot": {
            "latex": "-",
            "strokeIds": [
                34
            ]
        }
    },
    {
        "prob": 0.8047856688499451,
        "relation": "Ab",
        "symChild": {
            "latex": "b",
            "strokeIds": [
                7
            ]
        },
        "symRoot": {
            "latex": "-",
            "strokeIds": [
                34
            ]
        }
    },
    {
        "prob": 0.8892772197723389,
        "relation": "Ab",
        "symChild": {
            "latex": "3",
            "strokeIds": [
                8
            ]
        },
        "symRoot": {
            "latex": "-",
            "strokeIds": [
                34
            ]
        }
    },
    {
        "prob": 0.9483506083488464,
        "relation": "Ab",
        "symChild": {
            "latex": "d",
            "strokeIds": [
                9,
                10
            ]
        },
        "symRoot": {
            "latex": "-",
            "strokeIds": [
                34
            ]
        }
    },
    {
        "prob": 0.894307017326355,
        "relation": "Ab",
        "symChild": {
            "latex": "-",
            "strokeIds": [
                11
            ]
        },
        "symRoot": {
            "latex": "-",
            "strokeIds": [
                34
            ]
        }
    },
    {
        "prob": 0.8598109483718872,
        "relation": "Ab",
        "symChild": {
            "latex": "4",
            "strokeIds": [
                12,
                13
            ]
        },
        "symRoot": {
            "latex": "-",
            "strokeIds": [
                34
            ]
        }
    },
    {
        "prob": 0.863305389881134,
        "relation": "Ab",
        "symChild": {
            "latex": "a",
            "strokeIds": [
                30
            ]
        },
        "symRoot": {
            "latex": "-",
            "strokeIds": [
                34
            ]
        }
    },
    {
        "prob": 0.9337350130081177,
        "relation": "Ab",
        "symChild": {
            "latex": "3",
            "strokeIds": [
                14
            ]
        },
        "symRoot": {
            "latex": "-",
            "strokeIds": [
                34
            ]
        }
    },
    {
        "prob": 0.9606534838676453,
        "relation": "Ab",
        "symChild": {
            "latex": "1",
            "strokeIds": [
                17
            ]
        },
        "symRoot": {
            "latex": "-",
            "strokeIds": [
                34
            ]
        }
    },
    {
        "prob": 0.9351989030838013,
        "relation": "Ab",
        "symChild": {
            "latex": "8",
            "strokeIds": [
                18
            ]
        },
        "symRoot": {
            "latex": "-",
            "strokeIds": [
                34
            ]
        }
    },
    {
        "prob": 0.8256196975708008,
        "relation": "Ab",
        "symChild": {
            "latex": "a",
            "strokeIds": [
                19
            ]
        },
        "symRoot": {
            "latex": "-",
            "strokeIds": [
                34
            ]
        }
    },
    {
        "prob": 0.7998040318489075,
        "relation": "Ab",
        "symChild": {
            "latex": "b",
            "strokeIds": [
                20
            ]
        },
        "symRoot": {
            "latex": "-",
            "strokeIds": [
                34
            ]
        }
    },
    {
        "prob": 0.7877770662307739,
        "relation": "Ab",
        "symChild": {
            "latex": "c",
            "strokeIds": [
                21
            ]
        },
        "symRoot": {
            "latex": "-",
            "strokeIds": [
                34
            ]
        }
    },
    {
        "prob": 0.7698197960853577,
        "relation": "Ab",
        "symChild": {
            "latex": "d",
            "strokeIds": [
                22
            ]
        },
        "symRoot": {
            "latex": "-",
            "strokeIds": [
                34
            ]
        }
    },
    {
        "prob": 0.5281301736831665,
        "relation": "Ab",
        "symChild": {
            "latex": "-",
            "strokeIds": [
                23
            ]
        },
        "symRoot": {
            "latex": "-",
            "strokeIds": [
                34
            ]
        }
    },
    {
        "prob": 0.9149114489555359,
        "relation": "Ab",
        "symChild": {
            "latex": "2",
            "strokeIds": [
                24
            ]
        },
        "symRoot": {
            "latex": "-",
            "strokeIds": [
                34
            ]
        }
    },
    {
        "prob": 0.7470001578330994,
        "relation": "Ab",
        "symChild": {
            "latex": "a",
            "strokeIds": [
                32
            ]
        },
        "symRoot": {
            "latex": "-",
            "strokeIds": [
                34
            ]
        }
    },
    {
        "prob": 0.33949241042137146,
        "relation": "Ab",
        "symChild": {
            "latex": "2",
            "strokeIds": [
                33
            ]
        },
        "symRoot": {
            "latex": "-",
            "strokeIds": [
                34
            ]
        }
    },
    {
        "prob": 0.3815475404262543,
        "relation": "Ab",
        "symChild": {
            "latex": "2",
            "strokeIds": [
                29
            ]
        },
        "symRoot": {
            "latex": "-",
            "strokeIds": [
                34
            ]
        }
    },
    {
        "prob": 0.49445274472236633,
        "relation": "Sup",
        "symChild": {
            "latex": "y",
            "strokeIds": [
                36,
                37
            ]
        },
        "symRoot": {
            "latex": "a",
            "strokeIds": [
                35
            ]
        }
    }
]
