[
    {
        "prob": 0.9995808005332947,
        "relation": "R",
        "symChild": {
            "latex": "a",
            "strokeIds": [
                3
            ]
        },
        "symRoot": {
            "latex": "a",
            "strokeIds": [
                0
            ]
        }
    },
    {
        "prob": 0.5021736025810242,
        "relation": "R",
        "symChild": {
            "latex": "=",
            "strokeIds": [
                5,
                6
            ]
        },
        "symRoot": {
            "latex": "a",
            "strokeIds": [
                0
            ]
        }
    },
    {
        "prob": 0.9999151229858398,
        "relation": "Sup",
        "symChild": {
            "latex": "x",
            "strokeIds": [
                1,
                2
            ]
        },
        "symRoot": {
            "latex": "a",
            "strokeIds": [
                0
            ]
        }
    },
    {
        "prob": 0.39862769842147827,
        "relation": "R",
        "symChild": {
            "latex": "y",
            "strokeIds": [
                4
            ]
        },
        "symRoot": {
            "latex": "x",
            "strokeIds": [
                1,
                2
            ]
        }
    },
    {
        "prob": 0.9875048995018005,
        "relation": "R",
        "symChild": {
            "latex": "=",
            "strokeIds": [
                5,
                6
            ]
        },
        "symRoot": {
            "latex": "a",
            "strokeIds": [
                3
            ]
        }
    },
    {
        "prob": 0.8828713297843933,
        "relation": "R",
        "symChild": {
            "latex": "a",
            "strokeIds": [
                7
            ]
        },
        "symRoot": {
            "latex": "a",
            "strokeIds": [
                3
            ]
        }
    },
    {
        "prob": 0.9998900890350342,
        "relation": "Sup",
        "symChild": {
            "latex": "y",
            "strokeIds": [
                4
            ]
        },
        "symRoot": {
            "latex": "a",
            "strokeIds": [
                3
            ]
        }
    },
    {
        "prob": 0.8039705753326416,
        "relation": "R",
        "symChild": {
            "latex": "x",
            "strokeIds": [
                8
            ]
        },
        "symRoot": {
            "latex": "y",
            "strokeIds": [
                4
            ]
        }
    },
    {
        "prob": 0.9994877576828003,
        "relation": "R",
        "symChild": {
            "latex": "a",
            "strokeIds": [
                7
            ]
        },
        "symRoot": {
            "latex": "=",
            "strokeIds": [
                5,
                6
            ]
        }
    },
    {
        "prob": 0.9997397065162659,
        "relation": "Sup",
        "symChild": {
            "latex": "x",
            "strokeIds": [
                8
            ]
        },
        "symRoot": {
            "latex": "a",
            "strokeIds": [
                7
            ]
        }
    },
    {
        "prob": 0.9702367782592773,
        "relation": "R",
        "symChild": {
            "latex": "+",
            "strokeIds": [
                9,
                10
            ]
        },
        "symRoot": {
            "latex": "x",
            "strokeIds": [
                8
            ]
        }
    },
    {
        "prob": 0.8546139597892761,
        "relation": "R",
        "symChild": {
            "latex": "y",
            "strokeIds": [
                11
            ]
        },
        "symRoot": {
            "latex": "x",
            "strokeIds": [
                8
            ]
        }
    },
    {
        "prob": 0.99967360496521,
        "relation": "R",
        "symChild": {
            "latex": "y",
            "strokeIds": [
                11
            ]
        },
        "symRoot": {
            "latex": "+",
            "strokeIds": [
                9,
                10
            ]
        }
    }
]
