[
    {
        "prob": 0.998778760433197,
        "relation": "R",
        "symChild": {
            "latex": "=",
            "strokeIds": [
                2,
                3
            ]
        },
        "symRoot": {
            "latex": "x",
            "strokeIds": [
                0,
                1
            ]
        }
    },
    {
        "prob": 0.8309699892997742,
        "relation": "R",
        "symChild": {
            "latex": "-",
            "strokeIds": [
                16
            ]
        },
        "symRoot": {
            "latex": "x",
            "strokeIds": [
                0,
                1
            ]
        }
    },
    {
        "prob": 0.9996647834777832,
        "relation": "R",
        "symChild": {
            "latex": "-",
            "strokeIds": [
                16
            ]
        },
        "symRoot": {
            "latex": "=",
            "strokeIds": [
                2,
                3
            ]
        }
    },
    {
        "prob": 0.9996243715286255,
        "relation": "R",
        "symChild": {
            "latex": "b",
            "strokeIds": [
                5
            ]
        },
        "symRoot": {
            "latex": "-",
            "strokeIds": [
                4
            ]
        }
    },
    {
        "prob": 0.5205284953117371,
        "relation": "R",
        "symChild": {
            "latex": "\\pm",
            "strokeIds": [
                6,
                7,
                8
            ]
        },
        "symRoot": {
            "latex": "-",
            "strokeIds": [
                4
            ]
        }
    },
    {
        "prob": 0.9998732805252075,
        "relation": "R",
        "symChild": {
            "latex": "\\pm",
            "strokeIds": [
                6,
                7,
                8
            ]
        },
        "symRoot": {
            "latex": "b",
            "strokeIds": [
                5
            ]
        }
    },
    {
        "prob": 0.9586055874824524,
        "relation": "R",
        "symChild": {
            "latex": "\\sqrt",
            "strokeIds": [
                9
            ]
        },
        "symRoot": {
            "latex": "\\pm",
            "strokeIds": [
                6,
                7,
                8
            ]
        }
    },
    {
        "prob": 0.9947615265846252,
        "relation": "In",
        "symChild": {
            "latex": "b",
            "strokeIds": [
                10
            ]
        },
        "symRoot": {
            "latex": "\\sqrt",
            "strokeIds": [
                9
            ]
        }
    },
    {
        "prob": 0.9942798614501953,
        "relation": "In",
        "symChild": {
            "latex": "-",
            "strokeIds": [
                12
            ]
        },
        "symRoot": {
            "latex": "\\sqrt",
            "strokeIds": [
                9
            ]
        }
    },
    {
        "prob": 0.9995927214622498,
        "relation": "In",
        "symChild": {
            "latex": "4",
            "strokeIds": [
                13
            ]
        },
        "symRoot": {
            "latex": "\\sqrt",
            "strokeIds": [
                9
            ]
        }
    },
    {
        "prob": 0.9981482028961182,
        "relation": "In",
        "symChild": {
            "latex": "a",
            "strokeIds": [
                14
            ]
        },
        "symRoot": {
            "latex": "\\sqrt",
            "strokeIds": [
                9
            ]
        }
    },
    {
        "prob": 0.9849745631217957,
        "relation": "In",
        "symChild": {
            "latex": "c",
            "strokeIds": [
                15
            ]
        },
        "symRoot": {
            "latex": "\\sqrt",
            "strokeIds": [
                9
            ]
        }
    },
    {
        "prob": 0.9943358302116394,
        "relation": "R",
        "symChild": {
            "latex": "-",
            "strokeIds": [
                12
            ]
        },
        "symRoot": {
            "latex": "b",
            "strokeIds": [
                10
            ]
        }
    },
    {
        "prob": 0.9999837875366211,
        "relation": "Sup",
        "symChild": {
            "latex": "2",
            "strokeIds": [
                11
            ]
        },
        "symRoot": {
            "latex": "b",
            "strokeIds": [
                10
            ]
        }
    },
    {
        "prob": 0.9999765157699585,
        "relation": "R",
        "symChild": {
            "latex": "4",
            "strokeIds": [
                13
            ]
        },
        "symRoot": {
            "latex": "-",
            "strokeIds": [
                12
            ]
        }
    },
    {
        "prob": 0.9999809265136719,
        "relation": "R",
        "symChild": {
            "latex": "a",
            "strokeIds": [
                14
            ]
        },
        "symRoot": {
            "latex": "4",
            "strokeIds": [
                13
            ]
        }
    },
    {
        "prob": 0.9999864101409912,
        "relation": "R",
        "symChild": {
            "latex": "c",
            "strokeIds": [
                15
            ]
        },
        "symRoot": {
            "latex": "a",
            "strokeIds": [
                14
            ]
        }
    },
    {
        "prob": 0.9989822506904602,
        "relation": "Be",
        "symChild": {
            "latex": "2",
            "strokeIds": [
                17
            ]
        },
        "symRoot": {
            "latex": "-",
            "strokeIds": [
                16
            ]
        }
    },
    {
        "prob": 0.9708776473999023,
        "relation": "Be",
        "symChild": {
            "latex": "a",
            "strokeIds": [
                18
            ]
        },
        "symRoot": {
            "latex": "-",
            "strokeIds": [
                16
            ]
        }
    },
    {
        "prob": 0.96959388256073,
        "relation": "Ab",
        "symChild": {
            "latex": "-",
            "strokeIds": [
                4
            ]
        },
        "symRoot": {
            "latex": "-",
            "strokeIds": [
                16
            ]
        }
    },
    {
        "prob": 0.9546087384223938,
        "relation": "Ab",
        "symChild": {
            "latex": "b",
            "strokeIds": [
                5
            ]
        },
        "symRoot": {
            "latex": "-",
            "strokeIds": [
                16
            ]
        }
    },
    {
        "prob": 0.958245575428009,
        "relation": "Ab",
        "symChild": {
            "latex": "\\pm",
            "strokeIds": [
                6,
                7,
                8
            ]
        },
        "symRoot": {
            "latex": "-",
            "strokeIds": [
                16
            ]
        }
    },
    {
        "prob": 0.9987912774085999,
        "relation": "Ab",
        "symChild": {
            "latex": "\\sqrt",
            "strokeIds": [
                9
            ]
        },
        "symRoot": {
            "latex": "-",
            "strokeIds": [
                16
            ]
        }
    },
    {
        "prob": 0.7449832558631897,
        "relation": "Ab",
        "symChild": {
            "latex": "b",
            "strokeIds": [
                10
            ]
        },
        "symRoot": {
            "latex": "-",
            "strokeIds": [
                16
            ]
        }
    },
    {
        "prob": 0.9257567524909973,
        "relation": "Ab",
        "symChild": {
            "latex": "2",
            "strokeIds": [
                11
            ]
        },
        "symRoot": {
            "latex": "-",
            "strokeIds": [
                16
            ]
        }
    },
    {
        "prob": 0.8120080828666687,
        "relation": "Ab",
        "symChild": {
            "latex": "-",
            "strokeIds": [
                12
            ]
        },
        "symRoot": {
            "latex": "-",
            "strokeIds": [
                16
            ]
        }
    },
    {
        "prob": 0.9673786163330078,
        "relation": "Ab",
        "symChild": {
            "latex": "4",
            "strokeIds": [
                13
            ]
        },
        "symRoot": {
            "latex": "-",
            "strokeIds": [
                16
            ]
        }
    },
    {
        "prob": 0.8868846297264099,
        "relation": "Ab",
        "symChild": {
            "latex": "a",
            "strokeIds": [
                14
            ]
        },
        "symRoot": {
            "latex": "-",
            "strokeIds": [
                16
            ]
        }
    },
    {
        "prob": 0.951375424861908,
        "relation": "Ab",
        "symChild": {
            "latex": "c",
            "strokeIds": [
                15
            ]
        },
        "symRoot": {
            "latex": "-",
            "strokeIds": [
                16
            ]
        }
    },
    {
        "prob": 0.9999736547470093,
        "relation": "R",
        "symChild": {
            "latex": "a",
            "strokeIds": [
                18
            ]
        },
        "symRoot": {
            "latex": "2",
            "strokeIds": [
                17
            ]
        }
    }
]
