[
    {
        "prob": 0.9977734684944153,
        "relation": "R",
        "symChild": {
            "latex": "-",
            "strokeIds": [
                8
            ]
        },
        "symRoot": {
            "latex": "\\sum",
            "strokeIds": [
                0
            ]
        }
    },
    {
        "prob": 0.5163716077804565,
        "relation": "R",
        "symChild": {
            "latex": "x",
            "strokeIds": [
                9,
                10
            ]
        },
        "symRoot": {
            "latex": "\\sum",
            "strokeIds": [
                0
            ]
        }
    },
    {
        "prob": 0.9998425245285034,
        "relation": "Be",
        "symChild": {
            "latex": "i",
            "strokeIds": [
                1,
                2
            ]
        },
        "symRoot": {
            "latex": "\\sum",
            "strokeIds": [
                0
            ]
        }
    },
    {
        "prob": 0.9810778498649597,
        "relation": "Be",
        "symChild": {
            "latex": "1",
            "strokeIds": [
                5
            ]
        },
        "symRoot": {
            "latex": "\\sum",
            "strokeIds": [
                0
            ]
        }
    },
    {
        "prob": 0.9945123195648193,
        "relation": "Ab",
        "symChild": {
            "latex": "k",
            "strokeIds": [
                6,
                7
            ]
        },
        "symRoot": {
            "latex": "\\sum",
            "strokeIds": [
                0
            ]
        }
    },
    {
        "prob": 0.9999040365219116,
        "relation": "R",
        "symChild": {
            "latex": "=",
            "strokeIds": [
                3,
                4
            ]
        },
        "symRoot": {
            "latex": "i",
            "strokeIds": [
                1,
                2
            ]
        }
    },
    {
        "prob": 0.49350813031196594,
        "relation": "R",
        "symChild": {
            "latex": "1",
            "strokeIds": [
                5
            ]
        },
        "symRoot": {
            "latex": "i",
            "strokeIds": [
                1,
                2
            ]
        }
    },
    {
        "prob": 0.9997765421867371,
        "relation": "R",
        "symChild": {
            "latex": "1",
            "strokeIds": [
                5
            ]
        },
        "symRoot": {
            "latex": "=",
            "strokeIds": [
                3,
                4
            ]
        }
    },
    {
        "prob": 0.9910669922828674,
        "relation": "R",
        "symChild": {
            "latex": "=",
            "strokeIds": [
                21,
                22
            ]
        },
        "symRoot": {
            "latex": "-",
            "strokeIds": [
                8
            ]
        }
    },
    {
        "prob": 0.999800980091095,
        "relation": "R",
        "symChild": {
            "latex": "-",
            "strokeIds": [
                24
            ]
        },
        "symRoot": {
            "latex": "-",
            "strokeIds": [
                8
            ]
        }
    },
    {
        "prob": 0.9987909197807312,
        "relation": "Be",
        "symChild": {
            "latex": "1",
            "strokeIds": [
                14
            ]
        },
        "symRoot": {
            "latex": "-",
            "strokeIds": [
                8
            ]
        }
    },
    {
        "prob": 0.7762682437896729,
        "relation": "Be",
        "symChild": {
            "latex": "x",
            "strokeIds": [
                16,
                17
            ]
        },
        "symRoot": {
            "latex": "-",
            "strokeIds": [
                8
            ]
        }
    },
    {
        "prob": 0.9096953272819519,
        "relation": "Be",
        "symChild": {
            "latex": "b",
            "strokeIds": [
                18
            ]
        },
        "symRoot": {
            "latex": "-",
            "strokeIds": [
                8
            ]
        }
    },
    {
        "prob": 0.7251822352409363,
        "relation": "Be",
        "symChild": {
            "latex": "i",
            "strokeIds": [
                19,
                20
            ]
        },
        "symRoot": {
            "latex": "-",
            "strokeIds": [
                8
            ]
        }
    },
    {
        "prob": 0.9821197390556335,
        "relation": "Ab",
        "symChild": {
            "latex": "x",
            "strokeIds": [
                9,
                10
            ]
        },
        "symRoot": {
            "latex": "-",
            "strokeIds": [
                8
            ]
        }
    },
    {
        "prob": 0.8572388291358948,
        "relation": "Ab",
        "symChild": {
            "latex": "a",
            "strokeIds": [
                11
            ]
        },
        "symRoot": {
            "latex": "-",
            "strokeIds": [
                8
            ]
        }
    },
    {
        "prob": 0.8941948413848877,
        "relation": "Ab",
        "symChild": {
            "latex": "i",
            "strokeIds": [
                12,
                13
            ]
        },
        "symRoot": {
            "latex": "-",
            "strokeIds": [
                8
            ]
        }
    },
    {
        "prob": 0.349059522151947,
        "relation": "R",
        "symChild": {
            "latex": "i",
            "strokeIds": [
                12,
                13
            ]
        },
        "symRoot": {
            "latex": "x",
            "strokeIds": [
                9,
                10
            ]
        }
    },
    {
        "prob": 0.9930905699729919,
        "relation": "Sup",
        "symChild": {
            "latex": "a",
            "strokeIds": [
                11
            ]
        },
        "symRoot": {
            "latex": "x",
            "strokeIds": [
                9,
                10
            ]
        }
    },
    {
        "prob": 0.9999830722808838,
        "relation": "Sub",
        "symChild": {
            "latex": "i",
            "strokeIds": [
                12,
                13
            ]
        },
        "symRoot": {
            "latex": "a",
            "strokeIds": [
                11
            ]
        }
    },
    {
        "prob": 0.9930934906005859,
        "relation": "R",
        "symChild": {
            "latex": "-",
            "strokeIds": [
                15
            ]
        },
        "symRoot": {
            "latex": "1",
            "strokeIds": [
                14
            ]
        }
    },
    {
        "prob": 0.8161777257919312,
        "relation": "R",
        "symChild": {
            "latex": "x",
            "strokeIds": [
                16,
                17
            ]
        },
        "symRoot": {
            "latex": "1",
            "strokeIds": [
                14
            ]
        }
    },
    {
        "prob": 0.9999339580535889,
        "relation": "R",
        "symChild": {
            "latex": "x",
            "strokeIds": [
                16,
                17
            ]
        },
        "symRoot": {
            "latex": "-",
            "strokeIds": [
                15
            ]
        }
    },
    {
        "prob": 0.705777108669281,
        "relation": "R",
        "symChild": {
            "latex": "1",
            "strokeIds": [
                25
            ]
        },
        "symRoot": {
            "latex": "x",
            "strokeIds": [
                16,
                17
            ]
        }
    },
    {
        "prob": 0.9996238946914673,
        "relation": "Sup",
        "symChild": {
            "latex": "b",
            "strokeIds": [
                18
            ]
        },
        "symRoot": {
            "latex": "x",
            "strokeIds": [
                16,
                17
            ]
        }
    },
    {
        "prob": 0.9974608421325684,
        "relation": "Sup",
        "symChild": {
            "latex": "i",
            "strokeIds": [
                19,
                20
            ]
        },
        "symRoot": {
            "latex": "x",
            "strokeIds": [
                16,
                17
            ]
        }
    },
    {
        "prob": 0.6520938277244568,
        "relation": "R",
        "symChild": {
            "latex": "-",
            "strokeIds": [
                24
            ]
        },
        "symRoot": {
            "latex": "b",
            "strokeIds": [
                18
            ]
        }
    },
    {
        "prob": 0.9998173117637634,
        "relation": "Sub",
        "symChild": {
            "latex": "i",
            "strokeIds": [
                19,
                20
            ]
        },
        "symRoot": {
            "latex": "b",
            "strokeIds": [
                18
            ]
        }
    },
    {
        "prob": 0.999942421913147,
        "relation": "R",
        "symChild": {
            "latex": "-",
            "strokeIds": [
                24
            ]
        },
        "symRoot": {
            "latex": "=",
            "strokeIds": [
                21,
                22
            ]
        }
    },
    {
        "prob": 0.9957594275474548,
        "relation": "Be",
        "symChild": {
            "latex": "1",
            "strokeIds": [
                25
            ]
        },
        "symRoot": {
            "latex": "-",
            "strokeIds": [
                24
            ]
        }
    },
    {
        "prob": 0.8520249128341675,
        "relation": "Be",
        "symChild": {
            "latex": "x",
            "strokeIds": [
                27,
                28
            ]
        },
        "symRoot": {
            "latex": "-",
            "strokeIds": [
                24
            ]
        }
    },
    {
        "prob": 0.9900406002998352,
        "relation": "Ab",
        "symChild": {
            "latex": "1",
            "strokeIds": [
                23
            ]
        },
        "symRoot": {
            "latex": "-",
            "strokeIds": [
                24
            ]
        }
    },
    {
        "prob": 0.9782402515411377,
        "relation": "R",
        "symChild": {
            "latex": "-",
            "strokeIds": [
                26
            ]
        },
        "symRoot": {
            "latex": "1",
            "strokeIds": [
                25
            ]
        }
    },
    {
        "prob": 0.7631123065948486,
        "relation": "R",
        "symChild": {
            "latex": "x",
            "strokeIds": [
                27,
                28
            ]
        },
        "symRoot": {
            "latex": "1",
            "strokeIds": [
                25
            ]
        }
    },
    {
        "prob": 0.9998165965080261,
        "relation": "R",
        "symChild": {
            "latex": "x",
            "strokeIds": [
                27,
                28
            ]
        },
        "symRoot": {
            "latex": "-",
            "strokeIds": [
                26
            ]
        }
    }
]
