[
    {
        "prob": 0.9999765157699585,
        "relation": "R",
        "symChild": {
            "latex": "!",
            "strokeIds": [
                1,
                2
            ]
        },
        "symRoot": {
            "latex": "n",
            "strokeIds": [
                0
            ]
        }
    },
    {
        "prob": 0.9995406866073608,
        "relation": "R",
        "symChild": {
            "latex": "-",
            "strokeIds": [
                3
            ]
        },
        "symRoot": {
            "latex": "n",
            "strokeIds": [
                0
            ]
        }
    },
    {
        "prob": 0.926800012588501,
        "relation": "Sub",
        "symChild": {
            "latex": "1",
            "strokeIds": [
                4
            ]
        },
        "symRoot": {
            "latex": "n",
            "strokeIds": [
                0
            ]
        }
    },
    {
        "prob": 0.997524082660675,
        "relation": "R",
        "symChild": {
            "latex": "-",
            "strokeIds": [
                3
            ]
        },
        "symRoot": {
            "latex": "!",
            "strokeIds": [
                1,
                2
            ]
        }
    },
    {
        "prob": 0.986170768737793,
        "relation": "R",
        "symChild": {
            "latex": "1",
            "strokeIds": [
                4
            ]
        },
        "symRoot": {
            "latex": "!",
            "strokeIds": [
                1,
                2
            ]
        }
    },
    {
        "prob": 0.999983549118042,
        "relation": "R",
        "symChild": {
            "latex": "1",
            "strokeIds": [
                4
            ]
        },
        "symRoot": {
            "latex": "-",
            "strokeIds": [
                3
            ]
        }
    }
]
