[
    {
        "prob": 0.9990730285644531,
        "relation": "R",
        "symChild": {
            "latex": "(",
            "strokeIds": [
                2,
                3
            ]
        },
        "symRoot": {
            "latex": "f",
            "strokeIds": [
                0,
                1
            ]
        }
    },
    {
        "prob": 0.9973969459533691,
        "relation": "R",
        "symChild": {
            "latex": "x",
            "strokeIds": [
                4,
                5
            ]
        },
        "symRoot": {
            "latex": "f",
            "strokeIds": [
                0,
                1
            ]
        }
    },
    {
        "prob": 0.9294782280921936,
        "relation": "R",
        "symChild": {
            "latex": ")",
            "strokeIds": [
                6,
                7
            ]
        },
        "symRoot": {
            "latex": "f",
            "strokeIds": [
                0,
                1
            ]
        }
    },
    {
        "prob": 0.8815269470214844,
        "relation": "R",
        "symChild": {
            "latex": "=",
            "strokeIds": [
                8,
                9,
                10,
                11
            ]
        },
        "symRoot": {
            "latex": "f",
            "strokeIds": [
                0,
                1
            ]
        }
    },
    {
        "prob": 0.9999572038650513,
        "relation": "R",
        "symChild": {
            "latex": "x",
            "strokeIds": [
                4,
                5
            ]
        },
        "symRoot": {
            "latex": "(",
            "strokeIds": [
                2,
                3
            ]
        }
    },
    {
        "prob": 0.9977313876152039,
        "relation": "R",
        "symChild": {
            "latex": ")",
            "strokeIds": [
                6,
                7
            ]
        },
        "symRoot": {
            "latex": "x",
            "strokeIds": [
                4,
                5
            ]
        }
    },
    {
        "prob": 0.9858847260475159,
        "relation": "R",
        "symChild": {
            "latex": "=",
            "strokeIds": [
                8,
                9,
                10,
                11
            ]
        },
        "symRoot": {
            "latex": "x",
            "strokeIds": [
                4,
                5
            ]
        }
    },
    {
        "prob": 0.6837198734283447,
        "relation": "R",
        "symChild": {
            "latex": "a",
            "strokeIds": [
                12,
                13
            ]
        },
        "symRoot": {
            "latex": "x",
            "strokeIds": [
                4,
                5
            ]
        }
    },
    {
        "prob": 0.9995737671852112,
        "relation": "R",
        "symChild": {
            "latex": "=",
            "strokeIds": [
                8,
                9,
                10,
                11
            ]
        },
        "symRoot": {
            "latex": ")",
            "strokeIds": [
                6,
                7
            ]
        }
    },
    {
        "prob": 0.7711844444274902,
        "relation": "R",
        "symChild": {
            "latex": "a",
            "strokeIds": [
                12,
                13
            ]
        },
        "symRoot": {
            "latex": ")",
            "strokeIds": [
                6,
                7
            ]
        }
    },
    {
        "prob": 0.9995328187942505,
        "relation": "R",
        "symChild": {
            "latex": "a",
            "strokeIds": [
                12,
                13
            ]
        },
        "symRoot": {
            "latex": "=",
            "strokeIds": [
                8,
                9,
                10,
                11
            ]
        }
    },
    {
        "prob": 0.962230384349823,
        "relation": "R",
        "symChild": {
            "latex": "x",
            "strokeIds": [
                16,
                17
            ]
        },
        "symRoot": {
            "latex": "a",
            "strokeIds": [
                12,
                13
            ]
        }
    },
    {
        "prob": 0.9999679327011108,
        "relation": "Sub",
        "symChild": {
            "latex": "n",
            "strokeIds": [
                14,
                15
            ]
        },
        "symRoot": {
            "latex": "a",
            "strokeIds": [
                12,
                13
            ]
        }
    },
    {
        "prob": 0.9990720748901367,
        "relation": "R",
        "symChild": {
            "latex": "+",
            "strokeIds": [
                20,
                21,
                22,
                23
            ]
        },
        "symRoot": {
            "latex": "x",
            "strokeIds": [
                16,
                17
            ]
        }
    },
    {
        "prob": 0.9417177438735962,
        "relation": "R",
        "symChild": {
            "latex": "a",
            "strokeIds": [
                24,
                25
            ]
        },
        "symRoot": {
            "latex": "x",
            "strokeIds": [
                16,
                17
            ]
        }
    },
    {
        "prob": 0.9997243285179138,
        "relation": "Sup",
        "symChild": {
            "latex": "n",
            "strokeIds": [
                18,
                19
            ]
        },
        "symRoot": {
            "latex": "x",
            "strokeIds": [
                16,
                17
            ]
        }
    },
    {
        "prob": 0.9994409680366516,
        "relation": "R",
        "symChild": {
            "latex": "a",
            "strokeIds": [
                24,
                25
            ]
        },
        "symRoot": {
            "latex": "+",
            "strokeIds": [
                20,
                21,
                22,
                23
            ]
        }
    },
    {
        "prob": 0.8881821632385254,
        "relation": "R",
        "symChild": {
            "latex": "-",
            "strokeIds": [
                28,
                29
            ]
        },
        "symRoot": {
            "latex": "a",
            "strokeIds": [
                24,
                25
            ]
        }
    },
    {
        "prob": 0.5518276691436768,
        "relation": "R",
        "symChild": {
            "latex": "x",
            "strokeIds": [
                32,
                33
            ]
        },
        "symRoot": {
            "latex": "a",
            "strokeIds": [
                24,
                25
            ]
        }
    },
    {
        "prob": 0.9999911785125732,
        "relation": "Sub",
        "symChild": {
            "latex": "n",
            "strokeIds": [
                26,
                27
            ]
        },
        "symRoot": {
            "latex": "a",
            "strokeIds": [
                24,
                25
            ]
        }
    },
    {
        "prob": 0.9998730421066284,
        "relation": "R",
        "symChild": {
            "latex": "-",
            "strokeIds": [
                28,
                29
            ]
        },
        "symRoot": {
            "latex": "n",
            "strokeIds": [
                26,
                27
            ]
        }
    },
    {
        "prob": 0.5690354108810425,
        "relation": "Sub",
        "symChild": {
            "latex": "1",
            "strokeIds": [
                30,
                31
            ]
        },
        "symRoot": {
            "latex": "n",
            "strokeIds": [
                26,
                27
            ]
        }
    },
    {
        "prob": 0.9996002316474915,
        "relation": "R",
        "symChild": {
            "latex": "1",
            "strokeIds": [
                30,
                31
            ]
        },
        "symRoot": {
            "latex": "-",
            "strokeIds": [
                28,
                29
            ]
        }
    },
    {
        "prob": 0.9946426153182983,
        "relation": "R",
        "symChild": {
            "latex": "+",
            "strokeIds": [
                40,
                41,
                42,
                43
            ]
        },
        "symRoot": {
            "latex": "x",
            "strokeIds": [
                32,
                33
            ]
        }
    },
    {
        "prob": 0.9529111385345459,
        "relation": "R",
        "symChild": {
            "latex": "\\ldots",
            "strokeIds": [
                44,
                45,
                46,
                47,
                48,
                49
            ]
        },
        "symRoot": {
            "latex": "x",
            "strokeIds": [
                32,
                33
            ]
        }
    },
    {
        "prob": 0.5549639463424683,
        "relation": "Sub",
        "symChild": {
            "latex": "1",
            "strokeIds": [
                30,
                31
            ]
        },
        "symRoot": {
            "latex": "x",
            "strokeIds": [
                32,
                33
            ]
        }
    },
    {
        "prob": 0.9993485808372498,
        "relation": "Sup",
        "symChild": {
            "latex": "n",
            "strokeIds": [
                34,
                35
            ]
        },
        "symRoot": {
            "latex": "x",
            "strokeIds": [
                32,
                33
            ]
        }
    },
    {
        "prob": 0.9426407217979431,
        "relation": "Sup",
        "symChild": {
            "latex": "-",
            "strokeIds": [
                36,
                37
            ]
        },
        "symRoot": {
            "latex": "x",
            "strokeIds": [
                32,
                33
            ]
        }
    },
    {
        "prob": 0.9999382495880127,
        "relation": "R",
        "symChild": {
            "latex": "-",
            "strokeIds": [
                36,
                37
            ]
        },
        "symRoot": {
            "latex": "n",
            "strokeIds": [
                34,
                35
            ]
        }
    },
    {
        "prob": 0.3374488651752472,
        "relation": "R",
        "symChild": {
            "latex": "1",
            "strokeIds": [
                38,
                39
            ]
        },
        "symRoot": {
            "latex": "n",
            "strokeIds": [
                34,
                35
            ]
        }
    },
    {
        "prob": 0.9999306201934814,
        "relation": "R",
        "symChild": {
            "latex": "1",
            "strokeIds": [
                38,
                39
            ]
        },
        "symRoot": {
            "latex": "-",
            "strokeIds": [
                36,
                37
            ]
        }
    },
    {
        "prob": 0.9926328063011169,
        "relation": "R",
        "symChild": {
            "latex": "\\ldots",
            "strokeIds": [
                44,
                45,
                46,
                47,
                48,
                49
            ]
        },
        "symRoot": {
            "latex": "+",
            "strokeIds": [
                40,
                41,
                42,
                43
            ]
        }
    },
    {
        "prob": 0.9996034502983093,
        "relation": "R",
        "symChild": {
            "latex": "+",
            "strokeIds": [
                50,
                51,
                52
            ]
        },
        "symRoot": {
            "latex": "\\ldots",
            "strokeIds": [
                44,
                45,
                46,
                47,
                48,
                49
            ]
        }
    },
    {
        "prob": 0.3273051977157593,
        "relation": "R",
        "symChild": {
            "latex": "a",
            "strokeIds": [
                53,
                54
            ]
        },
        "symRoot": {
            "latex": "\\ldots",
            "strokeIds": [
                44,
                45,
                46,
                47,
                48,
                49
            ]
        }
    },
    {
        "prob": 0.9979660511016846,
        "relation": "R",
        "symChild": {
            "latex": "a",
            "strokeIds": [
                53,
                54
            ]
        },
        "symRoot": {
            "latex": "+",
            "strokeIds": [
                50,
                51,
                52
            ]
        }
    },
    {
        "prob": 0.9994015693664551,
        "relation": "R",
        "symChild": {
            "latex": "x",
            "strokeIds": [
                57,
                58
            ]
        },
        "symRoot": {
            "latex": "a",
            "strokeIds": [
                53,
                54
            ]
        }
    },
    {
        "prob": 0.4291701018810272,
        "relation": "R",
        "symChild": {
            "latex": "+",
            "strokeIds": [
                59,
                60,
                61
            ]
        },
        "symRoot": {
            "latex": "a",
            "strokeIds": [
                53,
                54
            ]
        }
    },
    {
        "prob": 0.999994158744812,
        "relation": "Sub",
        "symChild": {
            "latex": "1",
            "strokeIds": [
                55,
                56
            ]
        },
        "symRoot": {
            "latex": "a",
            "strokeIds": [
                53,
                54
            ]
        }
    },
    {
        "prob": 0.9998893737792969,
        "relation": "R",
        "symChild": {
            "latex": "+",
            "strokeIds": [
                59,
                60,
                61
            ]
        },
        "symRoot": {
            "latex": "x",
            "strokeIds": [
                57,
                58
            ]
        }
    },
    {
        "prob": 0.976951539516449,
        "relation": "R",
        "symChild": {
            "latex": "a",
            "strokeIds": [
                62,
                63
            ]
        },
        "symRoot": {
            "latex": "x",
            "strokeIds": [
                57,
                58
            ]
        }
    },
    {
        "prob": 0.3508225381374359,
        "relation": "Sub",
        "symChild": {
            "latex": "0",
            "strokeIds": [
                64
            ]
        },
        "symRoot": {
            "latex": "x",
            "strokeIds": [
                57,
                58
            ]
        }
    },
    {
        "prob": 0.9977731108665466,
        "relation": "R",
        "symChild": {
            "latex": "a",
            "strokeIds": [
                62,
                63
            ]
        },
        "symRoot": {
            "latex": "+",
            "strokeIds": [
                59,
                60,
                61
            ]
        }
    },
    {
        "prob": 0.9999920129776001,
        "relation": "Sub",
        "symChild": {
            "latex": "0",
            "strokeIds": [
                64
            ]
        },
        "symRoot": {
            "latex": "a",
            "strokeIds": [
                62,
                63
            ]
        }
    }
]
