[
    {
        "prob": 0.9910324215888977,
        "relation": "R",
        "symChild": {
            "latex": "+",
            "strokeIds": [
                1,
                2
            ]
        },
        "symRoot": {
            "latex": "a",
            "strokeIds": [
                0
            ]
        }
    },
    {
        "prob": 0.9884797930717468,
        "relation": "R",
        "symChild": {
            "latex": "-",
            "strokeIds": [
                14
            ]
        },
        "symRoot": {
            "latex": "+",
            "strokeIds": [
                1,
                2
            ]
        }
    },
    {
        "prob": 0.986604630947113,
        "relation": "R",
        "symChild": {
            "latex": "-",
            "strokeIds": [
                8
            ]
        },
        "symRoot": {
            "latex": "\\int",
            "strokeIds": [
                3
            ]
        }
    },
    {
        "prob": 0.9990641474723816,
        "relation": "R",
        "symChild": {
            "latex": "+",
            "strokeIds": [
                5,
                6
            ]
        },
        "symRoot": {
            "latex": "b",
            "strokeIds": [
                4
            ]
        }
    },
    {
        "prob": 0.6872247457504272,
        "relation": "R",
        "symChild": {
            "latex": "c",
            "strokeIds": [
                7
            ]
        },
        "symRoot": {
            "latex": "b",
            "strokeIds": [
                4
            ]
        }
    },
    {
        "prob": 0.9996125102043152,
        "relation": "R",
        "symChild": {
            "latex": "c",
            "strokeIds": [
                7
            ]
        },
        "symRoot": {
            "latex": "+",
            "strokeIds": [
                5,
                6
            ]
        }
    },
    {
        "prob": 0.9574271440505981,
        "relation": "Be",
        "symChild": {
            "latex": "d",
            "strokeIds": [
                9
            ]
        },
        "symRoot": {
            "latex": "-",
            "strokeIds": [
                8
            ]
        }
    },
    {
        "prob": 0.9520545601844788,
        "relation": "Be",
        "symChild": {
            "latex": "f",
            "strokeIds": [
                12,
                13
            ]
        },
        "symRoot": {
            "latex": "-",
            "strokeIds": [
                8
            ]
        }
    },
    {
        "prob": 0.9179486632347107,
        "relation": "Ab",
        "symChild": {
            "latex": "b",
            "strokeIds": [
                4
            ]
        },
        "symRoot": {
            "latex": "-",
            "strokeIds": [
                8
            ]
        }
    },
    {
        "prob": 0.9998729228973389,
        "relation": "R",
        "symChild": {
            "latex": "+",
            "strokeIds": [
                10,
                11
            ]
        },
        "symRoot": {
            "latex": "d",
            "strokeIds": [
                9
            ]
        }
    },
    {
        "prob": 0.9968271851539612,
        "relation": "R",
        "symChild": {
            "latex": "f",
            "strokeIds": [
                12,
                13
            ]
        },
        "symRoot": {
            "latex": "d",
            "strokeIds": [
                9
            ]
        }
    },
    {
        "prob": 0.999570906162262,
        "relation": "R",
        "symChild": {
            "latex": "f",
            "strokeIds": [
                12,
                13
            ]
        },
        "symRoot": {
            "latex": "+",
            "strokeIds": [
                10,
                11
            ]
        }
    },
    {
        "prob": 0.9838505387306213,
        "relation": "Be",
        "symChild": {
            "latex": "b",
            "strokeIds": [
                4
            ]
        },
        "symRoot": {
            "latex": "-",
            "strokeIds": [
                14
            ]
        }
    },
    {
        "prob": 0.9638983607292175,
        "relation": "Be",
        "symChild": {
            "latex": "c",
            "strokeIds": [
                7
            ]
        },
        "symRoot": {
            "latex": "-",
            "strokeIds": [
                14
            ]
        }
    }
]
