[
    {
        "prob": 0.9998998641967773,
        "relation": "R",
        "symChild": {
            "latex": "(",
            "strokeIds": [
                1
            ]
        },
        "symRoot": {
            "latex": "[",
            "strokeIds": [
                0
            ]
        }
    },
    {
        "prob": 0.9956361651420593,
        "relation": "R",
        "symChild": {
            "latex": "e",
            "strokeIds": [
                2
            ]
        },
        "symRoot": {
            "latex": "[",
            "strokeIds": [
                0
            ]
        }
    },
    {
        "prob": 0.999500036239624,
        "relation": "R",
        "symChild": {
            "latex": "e",
            "strokeIds": [
                2
            ]
        },
        "symRoot": {
            "latex": "(",
            "strokeIds": [
                1
            ]
        }
    },
    {
        "prob": 0.9999325275421143,
        "relation": "R",
        "symChild": {
            "latex": ")",
            "strokeIds": [
                3
            ]
        },
        "symRoot": {
            "latex": "e",
            "strokeIds": [
                2
            ]
        }
    },
    {
        "prob": 0.9910047054290771,
        "relation": "R",
        "symChild": {
            "latex": "]",
            "strokeIds": [
                4
            ]
        },
        "symRoot": {
            "latex": "e",
            "strokeIds": [
                2
            ]
        }
    },
    {
        "prob": 0.6725253462791443,
        "relation": "Sup",
        "symChild": {
            "latex": "k",
            "strokeIds": [
                5
            ]
        },
        "symRoot": {
            "latex": "e",
            "strokeIds": [
                2
            ]
        }
    },
    {
        "prob": 0.9997956156730652,
        "relation": "R",
        "symChild": {
            "latex": "]",
            "strokeIds": [
                4
            ]
        },
        "symRoot": {
            "latex": ")",
            "strokeIds": [
                3
            ]
        }
    },
    {
        "prob": 0.3109622895717621,
        "relation": "Sup",
        "symChild": {
            "latex": "k",
            "strokeIds": [
                5
            ]
        },
        "symRoot": {
            "latex": ")",
            "strokeIds": [
                3
            ]
        }
    },
    {
        "prob": 0.9892222881317139,
        "relation": "Sup",
        "symChild": {
            "latex": "k",
            "strokeIds": [
                5
            ]
        },
        "symRoot": {
            "latex": "]",
            "strokeIds": [
                4
            ]
        }
    }
]
