[
    {
        "prob": 0.9986715316772461,
        "relation": "R",
        "symChild": {
            "latex": "(",
            "strokeIds": [
                4
            ]
        },
        "symRoot": {
            "latex": "\\tan",
            "strokeIds": [
                0,
                1,
                2,
                3
            ]
        }
    },
    {
        "prob": 0.9677601456642151,
        "relation": "R",
        "symChild": {
            "latex": "-",
            "strokeIds": [
                8
            ]
        },
        "symRoot": {
            "latex": "\\tan",
            "strokeIds": [
                0,
                1,
                2,
                3
            ]
        }
    },
    {
        "prob": 0.9998369216918945,
        "relation": "R",
        "symChild": {
            "latex": "-",
            "strokeIds": [
                8
            ]
        },
        "symRoot": {
            "latex": "(",
            "strokeIds": [
                4
            ]
        }
    },
    {
        "prob": 0.998849630355835,
        "relation": "R",
        "symChild": {
            "latex": ")",
            "strokeIds": [
                11
            ]
        },
        "symRoot": {
            "latex": "-",
            "strokeIds": [
                8
            ]
        }
    },
    {
        "prob": 0.42531588673591614,
        "relation": "R",
        "symChild": {
            "latex": "=",
            "strokeIds": [
                12,
                13
            ]
        },
        "symRoot": {
            "latex": "-",
            "strokeIds": [
                8
            ]
        }
    },
    {
        "prob": 0.9998914003372192,
        "relation": "Be",
        "symChild": {
            "latex": "4",
            "strokeIds": [
                9,
                10
            ]
        },
        "symRoot": {
            "latex": "-",
            "strokeIds": [
                8
            ]
        }
    },
    {
        "prob": 0.9998201727867126,
        "relation": "Ab",
        "symChild": {
            "latex": "\\pi",
            "strokeIds": [
                5,
                6,
                7
            ]
        },
        "symRoot": {
            "latex": "-",
            "strokeIds": [
                8
            ]
        }
    },
    {
        "prob": 0.9986048340797424,
        "relation": "R",
        "symChild": {
            "latex": "=",
            "strokeIds": [
                12,
                13
            ]
        },
        "symRoot": {
            "latex": ")",
            "strokeIds": [
                11
            ]
        }
    },
    {
        "prob": 0.9668505191802979,
        "relation": "R",
        "symChild": {
            "latex": "1",
            "strokeIds": [
                14
            ]
        },
        "symRoot": {
            "latex": ")",
            "strokeIds": [
                11
            ]
        }
    },
    {
        "prob": 0.9996321201324463,
        "relation": "R",
        "symChild": {
            "latex": "1",
            "strokeIds": [
                14
            ]
        },
        "symRoot": {
            "latex": "=",
            "strokeIds": [
                12,
                13
            ]
        }
    }
]
