[
    {
        "prob": 0.9993316531181335,
        "relation": "R",
        "symChild": {
            "latex": "-",
            "strokeIds": [
                2
            ]
        },
        "symRoot": {
            "latex": "z",
            "strokeIds": [
                0,
                1
            ]
        }
    },
    {
        "prob": 0.8062245845794678,
        "relation": "R",
        "symChild": {
            "latex": "f",
            "strokeIds": [
                3,
                4
            ]
        },
        "symRoot": {
            "latex": "z",
            "strokeIds": [
                0,
                1
            ]
        }
    },
    {
        "prob": 0.9995200634002686,
        "relation": "R",
        "symChild": {
            "latex": "f",
            "strokeIds": [
                3,
                4
            ]
        },
        "symRoot": {
            "latex": "-",
            "strokeIds": [
                2
            ]
        }
    },
    {
        "prob": 0.9995119571685791,
        "relation": "In",
        "symChild": {
            "latex": "z",
            "strokeIds": [
                0,
                1
            ]
        },
        "symRoot": {
            "latex": "\\sqrt",
            "strokeIds": [
                5
            ]
        }
    },
    {
        "prob": 0.9953175783157349,
        "relation": "In",
        "symChild": {
            "latex": "-",
            "strokeIds": [
                2
            ]
        },
        "symRoot": {
            "latex": "\\sqrt",
            "strokeIds": [
                5
            ]
        }
    },
    {
        "prob": 0.9996055960655212,
        "relation": "In",
        "symChild": {
            "latex": "f",
            "strokeIds": [
                3,
                4
            ]
        },
        "symRoot": {
            "latex": "\\sqrt",
            "strokeIds": [
                5
            ]
        }
    }
]
