[
    {
        "prob": 0.999997615814209,
        "relation": "R",
        "symChild": {
            "latex": "5",
            "strokeIds": [
                1,
                2
            ]
        },
        "symRoot": {
            "latex": "9",
            "strokeIds": [
                0
            ]
        }
    },
    {
        "prob": 0.9994173049926758,
        "relation": "R",
        "symChild": {
            "latex": "9",
            "strokeIds": [
                3
            ]
        },
        "symRoot": {
            "latex": "9",
            "strokeIds": [
                0
            ]
        }
    },
    {
        "prob": 0.9999775886535645,
        "relation": "R",
        "symChild": {
            "latex": "9",
            "strokeIds": [
                3
            ]
        },
        "symRoot": {
            "latex": "5",
            "strokeIds": [
                1,
                2
            ]
        }
    }
]
