[
    {
        "prob": 0.9996401071548462,
        "relation": "Sub",
        "symChild": {
            "latex": "T",
            "strokeIds": [
                1,
                2
            ]
        },
        "symRoot": {
            "latex": "R",
            "strokeIds": [
                0
            ]
        }
    },
    {
        "prob": 0.9956989288330078,
        "relation": "Sub",
        "symChild": {
            "latex": "c",
            "strokeIds": [
                3,
                4
            ]
        },
        "symRoot": {
            "latex": "R",
            "strokeIds": [
                0
            ]
        }
    },
    {
        "prob": 0.7511200904846191,
        "relation": "R",
        "symChild": {
            "latex": "c",
            "strokeIds": [
                3,
                4
            ]
        },
        "symRoot": {
            "latex": "T",
            "strokeIds": [
                1,
                2
            ]
        }
    }
]
