[
    {
        "prob": 0.9072401523590088,
        "relation": "R",
        "symChild": {
            "latex": "\\pi",
            "strokeIds": [
                5,
                6,
                7
            ]
        },
        "symRoot": {
            "latex": "\\sin",
            "strokeIds": [
                0,
                1,
                2,
                3
            ]
        }
    },
    {
        "prob": 0.994025707244873,
        "relation": "Sup",
        "symChild": {
            "latex": "r",
            "strokeIds": [
                4
            ]
        },
        "symRoot": {
            "latex": "\\sin",
            "strokeIds": [
                0,
                1,
                2,
                3
            ]
        }
    }
]
