[
    {
        "prob": 0.9999960660934448,
        "relation": "R",
        "symChild": {
            "latex": "4",
            "strokeIds": [
                1,
                2
            ]
        },
        "symRoot": {
            "latex": "6",
            "strokeIds": [
                0
            ]
        }
    },
    {
        "prob": 0.9997608065605164,
        "relation": "R",
        "symChild": {
            "latex": ".",
            "strokeIds": [
                3
            ]
        },
        "symRoot": {
            "latex": "6",
            "strokeIds": [
                0
            ]
        }
    },
    {
        "prob": 0.7931704521179199,
        "relation": "R",
        "symChild": {
            "latex": "4",
            "strokeIds": [
                4,
                5
            ]
        },
        "symRoot": {
            "latex": "6",
            "strokeIds": [
                0
            ]
        }
    },
    {
        "prob": 0.6075772643089294,
        "relation": "R",
        "symChild": {
            "latex": "0",
            "strokeIds": [
                6
            ]
        },
        "symRoot": {
            "latex": "6",
            "strokeIds": [
                0
            ]
        }
    },
    {
        "prob": 0.9999821186065674,
        "relation": "R",
        "symChild": {
            "latex": ".",
            "strokeIds": [
                3
            ]
        },
        "symRoot": {
            "latex": "4",
            "strokeIds": [
                1,
                2
            ]
        }
    },
    {
        "prob": 0.9999393224716187,
        "relation": "R",
        "symChild": {
            "latex": "4",
            "strokeIds": [
                4,
                5
            ]
        },
        "symRoot": {
            "latex": "4",
            "strokeIds": [
                1,
                2
            ]
        }
    },
    {
        "prob": 0.9015933871269226,
        "relation": "R",
        "symChild": {
            "latex": "0",
            "strokeIds": [
                6
            ]
        },
        "symRoot": {
            "latex": "4",
            "strokeIds": [
                1,
                2
            ]
        }
    },
    {
        "prob": 0.9999982118606567,
        "relation": "R",
        "symChild": {
            "latex": "4",
            "strokeIds": [
                4,
                5
            ]
        },
        "symRoot": {
            "latex": ".",
            "strokeIds": [
                3
            ]
        }
    },
    {
        "prob": 0.9999364614486694,
        "relation": "R",
        "symChild": {
            "latex": "0",
            "strokeIds": [
                6
            ]
        },
        "symRoot": {
            "latex": ".",
            "strokeIds": [
                3
            ]
        }
    },
    {
        "prob": 0.9999916553497314,
        "relation": "R",
        "symChild": {
            "latex": "0",
            "strokeIds": [
                6
            ]
        },
        "symRoot": {
            "latex": "4",
            "strokeIds": [
                4,
                5
            ]
        }
    }
]
