[
    {
        "prob": 0.9455536603927612,
        "relation": "Sub",
        "symChild": {
            "latex": "x",
            "strokeIds": [
                1,
                2
            ]
        },
        "symRoot": {
            "latex": "\\int",
            "strokeIds": [
                0
            ]
        }
    },
    {
        "prob": 0.4350746273994446,
        "relation": "Sub",
        "symChild": {
            "latex": "d",
            "strokeIds": [
                3
            ]
        },
        "symRoot": {
            "latex": "\\int",
            "strokeIds": [
                0
            ]
        }
    },
    {
        "prob": 0.9544482827186584,
        "relation": "Sup",
        "symChild": {
            "latex": "-",
            "strokeIds": [
                4
            ]
        },
        "symRoot": {
            "latex": "\\int",
            "strokeIds": [
                0
            ]
        }
    },
    {
        "prob": 0.9329242706298828,
        "relation": "Sup",
        "symChild": {
            "latex": "L",
            "strokeIds": [
                5
            ]
        },
        "symRoot": {
            "latex": "\\int",
            "strokeIds": [
                0
            ]
        }
    },
    {
        "prob": 0.9716647267341614,
        "relation": "R",
        "symChild": {
            "latex": "d",
            "strokeIds": [
                3
            ]
        },
        "symRoot": {
            "latex": "x",
            "strokeIds": [
                1,
                2
            ]
        }
    },
    {
        "prob": 0.9998559951782227,
        "relation": "R",
        "symChild": {
            "latex": "L",
            "strokeIds": [
                5
            ]
        },
        "symRoot": {
            "latex": "-",
            "strokeIds": [
                4
            ]
        }
    },
    {
        "prob": 0.9604337811470032,
        "relation": "R",
        "symChild": {
            "latex": "-",
            "strokeIds": [
                7
            ]
        },
        "symRoot": {
            "latex": "c",
            "strokeIds": [
                6
            ]
        }
    },
    {
        "prob": 0.9165378212928772,
        "relation": "R",
        "symChild": {
            "latex": "-",
            "strokeIds": [
                10
            ]
        },
        "symRoot": {
            "latex": "c",
            "strokeIds": [
                6
            ]
        }
    },
    {
        "prob": 0.6390590071678162,
        "relation": "R",
        "symChild": {
            "latex": "1",
            "strokeIds": [
                11
            ]
        },
        "symRoot": {
            "latex": "c",
            "strokeIds": [
                6
            ]
        }
    },
    {
        "prob": 0.9990295171737671,
        "relation": "R",
        "symChild": {
            "latex": "-",
            "strokeIds": [
                10
            ]
        },
        "symRoot": {
            "latex": "-",
            "strokeIds": [
                7
            ]
        }
    },
    {
        "prob": 0.9990090131759644,
        "relation": "R",
        "symChild": {
            "latex": "d",
            "strokeIds": [
                12
            ]
        },
        "symRoot": {
            "latex": "-",
            "strokeIds": [
                10
            ]
        }
    },
    {
        "prob": 0.9780051112174988,
        "relation": "R",
        "symChild": {
            "latex": "x",
            "strokeIds": [
                13,
                14
            ]
        },
        "symRoot": {
            "latex": "-",
            "strokeIds": [
                10
            ]
        }
    },
    {
        "prob": 0.9984049201011658,
        "relation": "Be",
        "symChild": {
            "latex": "1",
            "strokeIds": [
                11
            ]
        },
        "symRoot": {
            "latex": "-",
            "strokeIds": [
                10
            ]
        }
    },
    {
        "prob": 0.9926508069038391,
        "relation": "Ab",
        "symChild": {
            "latex": "j",
            "strokeIds": [
                8,
                9
            ]
        },
        "symRoot": {
            "latex": "-",
            "strokeIds": [
                10
            ]
        }
    },
    {
        "prob": 0.9997331500053406,
        "relation": "R",
        "symChild": {
            "latex": "x",
            "strokeIds": [
                13,
                14
            ]
        },
        "symRoot": {
            "latex": "d",
            "strokeIds": [
                12
            ]
        }
    }
]
