[
    {
        "prob": 0.9943771958351135,
        "relation": "R",
        "symChild": {
            "latex": "\\mu",
            "strokeIds": [
                1,
                2
            ]
        },
        "symRoot": {
            "latex": "[",
            "strokeIds": [
                0
            ]
        }
    },
    {
        "prob": 0.9934870004653931,
        "relation": "R",
        "symChild": {
            "latex": "]",
            "strokeIds": [
                4
            ]
        },
        "symRoot": {
            "latex": "\\mu",
            "strokeIds": [
                1,
                2
            ]
        }
    },
    {
        "prob": 0.995226263999939,
        "relation": "Sup",
        "symChild": {
            "latex": "s",
            "strokeIds": [
                3
            ]
        },
        "symRoot": {
            "latex": "\\mu",
            "strokeIds": [
                1,
                2
            ]
        }
    }
]
