[
    {
        "prob": 0.9056711792945862,
        "relation": "Be",
        "symChild": {
            "latex": "s",
            "strokeIds": [
                5
            ]
        },
        "symRoot": {
            "latex": "-",
            "strokeIds": [
                1
            ]
        }
    },
    {
        "prob": 0.8549658060073853,
        "relation": "Be",
        "symChild": {
            "latex": "\\phi",
            "strokeIds": [
                2,
                3
            ]
        },
        "symRoot": {
            "latex": "-",
            "strokeIds": [
                1
            ]
        }
    },
    {
        "prob": 0.9832140207290649,
        "relation": "Ab",
        "symChild": {
            "latex": "n",
            "strokeIds": [
                0
            ]
        },
        "symRoot": {
            "latex": "-",
            "strokeIds": [
                1
            ]
        }
    },
    {
        "prob": 0.9984729886054993,
        "relation": "Be",
        "symChild": {
            "latex": "s",
            "strokeIds": [
                5
            ]
        },
        "symRoot": {
            "latex": "-",
            "strokeIds": [
                4
            ]
        }
    },
    {
        "prob": 0.6745522618293762,
        "relation": "Ab",
        "symChild": {
            "latex": "n",
            "strokeIds": [
                0
            ]
        },
        "symRoot": {
            "latex": "-",
            "strokeIds": [
                4
            ]
        }
    },
    {
        "prob": 0.997126042842865,
        "relation": "Ab",
        "symChild": {
            "latex": "\\phi",
            "strokeIds": [
                2,
                3
            ]
        },
        "symRoot": {
            "latex": "-",
            "strokeIds": [
                4
            ]
        }
    }
]
