[
    {
        "prob": 0.9999227523803711,
        "relation": "R",
        "symChild": {
            "latex": "\\pi",
            "strokeIds": [
                3,
                4,
                5
            ]
        },
        "symRoot": {
            "latex": "-",
            "strokeIds": [
                1
            ]
        }
    },
    {
        "prob": 0.9979548454284668,
        "relation": "R",
        "symChild": {
            "latex": "r",
            "strokeIds": [
                6
            ]
        },
        "symRoot": {
            "latex": "-",
            "strokeIds": [
                1
            ]
        }
    },
    {
        "prob": 0.30089807510375977,
        "relation": "R",
        "symChild": {
            "latex": "2",
            "strokeIds": [
                7
            ]
        },
        "symRoot": {
            "latex": "-",
            "strokeIds": [
                1
            ]
        }
    },
    {
        "prob": 0.4881998896598816,
        "relation": "R",
        "symChild": {
            "latex": "h",
            "strokeIds": [
                8,
                9
            ]
        },
        "symRoot": {
            "latex": "-",
            "strokeIds": [
                1
            ]
        }
    },
    {
        "prob": 0.9995478987693787,
        "relation": "Be",
        "symChild": {
            "latex": "3",
            "strokeIds": [
                2
            ]
        },
        "symRoot": {
            "latex": "-",
            "strokeIds": [
                1
            ]
        }
    },
    {
        "prob": 0.9996240139007568,
        "relation": "Ab",
        "symChild": {
            "latex": "1",
            "strokeIds": [
                0
            ]
        },
        "symRoot": {
            "latex": "-",
            "strokeIds": [
                1
            ]
        }
    },
    {
        "prob": 0.9997534155845642,
        "relation": "R",
        "symChild": {
            "latex": "r",
            "strokeIds": [
                6
            ]
        },
        "symRoot": {
            "latex": "\\pi",
            "strokeIds": [
                3,
                4,
                5
            ]
        }
    },
    {
        "prob": 0.9981897473335266,
        "relation": "R",
        "symChild": {
            "latex": "h",
            "strokeIds": [
                8,
                9
            ]
        },
        "symRoot": {
            "latex": "r",
            "strokeIds": [
                6
            ]
        }
    },
    {
        "prob": 0.999954104423523,
        "relation": "Sup",
        "symChild": {
            "latex": "2",
            "strokeIds": [
                7
            ]
        },
        "symRoot": {
            "latex": "r",
            "strokeIds": [
                6
            ]
        }
    }
]
