[
    {
        "prob": 0.9997656941413879,
        "relation": "In",
        "symChild": {
            "latex": "-",
            "strokeIds": [
                1
            ]
        },
        "symRoot": {
            "latex": "\\sqrt",
            "strokeIds": [
                0
            ]
        }
    },
    {
        "prob": 0.9998100399971008,
        "relation": "In",
        "symChild": {
            "latex": "4",
            "strokeIds": [
                2,
                3
            ]
        },
        "symRoot": {
            "latex": "\\sqrt",
            "strokeIds": [
                0
            ]
        }
    },
    {
        "prob": 0.9999842643737793,
        "relation": "R",
        "symChild": {
            "latex": "4",
            "strokeIds": [
                2,
                3
            ]
        },
        "symRoot": {
            "latex": "-",
            "strokeIds": [
                1
            ]
        }
    }
]
