[
    {
        "prob": 0.999849796295166,
        "relation": "R",
        "symChild": {
            "latex": "i",
            "strokeIds": [
                1,
                2
            ]
        },
        "symRoot": {
            "latex": "S",
            "strokeIds": [
                0
            ]
        }
    },
    {
        "prob": 0.9999569654464722,
        "relation": "R",
        "symChild": {
            "latex": "A",
            "strokeIds": [
                3,
                4
            ]
        },
        "symRoot": {
            "latex": "S",
            "strokeIds": [
                0
            ]
        }
    },
    {
        "prob": 0.3858790099620819,
        "relation": "Sub",
        "symChild": {
            "latex": "\\sigma",
            "strokeIds": [
                5
            ]
        },
        "symRoot": {
            "latex": "S",
            "strokeIds": [
                0
            ]
        }
    },
    {
        "prob": 0.9999362230300903,
        "relation": "R",
        "symChild": {
            "latex": "A",
            "strokeIds": [
                3,
                4
            ]
        },
        "symRoot": {
            "latex": "i",
            "strokeIds": [
                1,
                2
            ]
        }
    },
    {
        "prob": 0.6106303930282593,
        "relation": "Sub",
        "symChild": {
            "latex": "\\sigma",
            "strokeIds": [
                5
            ]
        },
        "symRoot": {
            "latex": "A",
            "strokeIds": [
                3,
                4
            ]
        }
    }
]
