[
    {
        "prob": 0.9985853433609009,
        "relation": "R",
        "symChild": {
            "latex": "R",
            "strokeIds": [
                3,
                4
            ]
        },
        "symRoot": {
            "latex": "\\cos",
            "strokeIds": [
                0,
                1,
                2
            ]
        }
    },
    {
        "prob": 0.9993577599525452,
        "relation": "Sup",
        "symChild": {
            "latex": "g",
            "strokeIds": [
                5
            ]
        },
        "symRoot": {
            "latex": "R",
            "strokeIds": [
                3,
                4
            ]
        }
    }
]
