[
    {
        "prob": 0.983085572719574,
        "relation": "R",
        "symChild": {
            "latex": "6",
            "strokeIds": [
                1
            ]
        },
        "symRoot": {
            "latex": "\\int",
            "strokeIds": [
                0
            ]
        }
    },
    {
        "prob": 0.4547422230243683,
        "relation": "R",
        "symChild": {
            "latex": "d",
            "strokeIds": [
                2
            ]
        },
        "symRoot": {
            "latex": "\\int",
            "strokeIds": [
                0
            ]
        }
    },
    {
        "prob": 0.6660386919975281,
        "relation": "R",
        "symChild": {
            "latex": "f",
            "strokeIds": [
                3,
                4
            ]
        },
        "symRoot": {
            "latex": "\\int",
            "strokeIds": [
                0
            ]
        }
    },
    {
        "prob": 0.9998795986175537,
        "relation": "R",
        "symChild": {
            "latex": "d",
            "strokeIds": [
                2
            ]
        },
        "symRoot": {
            "latex": "6",
            "strokeIds": [
                1
            ]
        }
    },
    {
        "prob": 0.9926779270172119,
        "relation": "R",
        "symChild": {
            "latex": "f",
            "strokeIds": [
                3,
                4
            ]
        },
        "symRoot": {
            "latex": "6",
            "strokeIds": [
                1
            ]
        }
    },
    {
        "prob": 0.9999217987060547,
        "relation": "R",
        "symChild": {
            "latex": "f",
            "strokeIds": [
                3,
                4
            ]
        },
        "symRoot": {
            "latex": "d",
            "strokeIds": [
                2
            ]
        }
    }
]
