[
    {
        "prob": 0.9993730187416077,
        "relation": "R",
        "symChild": {
            "latex": "+",
            "strokeIds": [
                1,
                2
            ]
        },
        "symRoot": {
            "latex": "\\theta",
            "strokeIds": [
                0
            ]
        }
    },
    {
        "prob": 0.9678866863250732,
        "relation": "R",
        "symChild": {
            "latex": "t",
            "strokeIds": [
                3,
                4
            ]
        },
        "symRoot": {
            "latex": "\\theta",
            "strokeIds": [
                0
            ]
        }
    },
    {
        "prob": 0.9998167157173157,
        "relation": "R",
        "symChild": {
            "latex": "t",
            "strokeIds": [
                3,
                4
            ]
        },
        "symRoot": {
            "latex": "+",
            "strokeIds": [
                1,
                2
            ]
        }
    }
]
