[
    {
        "prob": 0.8468316793441772,
        "relation": "Be",
        "symChild": {
            "latex": "-",
            "strokeIds": [
                3,
                4
            ]
        },
        "symRoot": {
            "latex": "-",
            "strokeIds": [
                2
            ]
        }
    },
    {
        "prob": 0.769975483417511,
        "relation": "Be",
        "symChild": {
            "latex": "g",
            "strokeIds": [
                5
            ]
        },
        "symRoot": {
            "latex": "-",
            "strokeIds": [
                2
            ]
        }
    },
    {
        "prob": 0.9392135143280029,
        "relation": "Be",
        "symChild": {
            "latex": "E",
            "strokeIds": [
                6,
                7,
                8,
                9
            ]
        },
        "symRoot": {
            "latex": "-",
            "strokeIds": [
                2
            ]
        }
    },
    {
        "prob": 0.847446620464325,
        "relation": "Be",
        "symChild": {
            "latex": "E",
            "strokeIds": [
                10,
                11,
                12,
                13
            ]
        },
        "symRoot": {
            "latex": "-",
            "strokeIds": [
                2
            ]
        }
    },
    {
        "prob": 0.9930620789527893,
        "relation": "Ab",
        "symChild": {
            "latex": "T",
            "strokeIds": [
                0,
                1
            ]
        },
        "symRoot": {
            "latex": "-",
            "strokeIds": [
                2
            ]
        }
    },
    {
        "prob": 0.9845378398895264,
        "relation": "R",
        "symChild": {
            "latex": "E",
            "strokeIds": [
                6,
                7,
                8,
                9
            ]
        },
        "symRoot": {
            "latex": "-",
            "strokeIds": [
                3,
                4
            ]
        }
    },
    {
        "prob": 0.911404013633728,
        "relation": "R",
        "symChild": {
            "latex": "E",
            "strokeIds": [
                10,
                11,
                12,
                13
            ]
        },
        "symRoot": {
            "latex": "-",
            "strokeIds": [
                3,
                4
            ]
        }
    },
    {
        "prob": 0.5942360162734985,
        "relation": "Sub",
        "symChild": {
            "latex": "E",
            "strokeIds": [
                6,
                7,
                8,
                9
            ]
        },
        "symRoot": {
            "latex": "g",
            "strokeIds": [
                5
            ]
        }
    },
    {
        "prob": 0.4082989990711212,
        "relation": "Sub",
        "symChild": {
            "latex": "E",
            "strokeIds": [
                10,
                11,
                12,
                13
            ]
        },
        "symRoot": {
            "latex": "g",
            "strokeIds": [
                5
            ]
        }
    },
    {
        "prob": 0.9998736381530762,
        "relation": "R",
        "symChild": {
            "latex": "E",
            "strokeIds": [
                10,
                11,
                12,
                13
            ]
        },
        "symRoot": {
            "latex": "E",
            "strokeIds": [
                6,
                7,
                8,
                9
            ]
        }
    }
]
