[
    {
        "prob": 0.9994126558303833,
        "relation": "R",
        "symChild": {
            "latex": "b",
            "strokeIds": [
                4
            ]
        },
        "symRoot": {
            "latex": "\\sin",
            "strokeIds": [
                0,
                1,
                2,
                3
            ]
        }
    },
    {
        "prob": 0.4143660068511963,
        "relation": "R",
        "symChild": {
            "latex": "g",
            "strokeIds": [
                7
            ]
        },
        "symRoot": {
            "latex": "b",
            "strokeIds": [
                4
            ]
        }
    },
    {
        "prob": 0.9997243285179138,
        "relation": "Sup",
        "symChild": {
            "latex": "7",
            "strokeIds": [
                5
            ]
        },
        "symRoot": {
            "latex": "b",
            "strokeIds": [
                4
            ]
        }
    },
    {
        "prob": 0.7930916547775269,
        "relation": "Sup",
        "symChild": {
            "latex": "-",
            "strokeIds": [
                6
            ]
        },
        "symRoot": {
            "latex": "b",
            "strokeIds": [
                4
            ]
        }
    },
    {
        "prob": 0.9997288584709167,
        "relation": "R",
        "symChild": {
            "latex": "-",
            "strokeIds": [
                6
            ]
        },
        "symRoot": {
            "latex": "7",
            "strokeIds": [
                5
            ]
        }
    },
    {
        "prob": 0.8069817423820496,
        "relation": "R",
        "symChild": {
            "latex": "g",
            "strokeIds": [
                7
            ]
        },
        "symRoot": {
            "latex": "7",
            "strokeIds": [
                5
            ]
        }
    },
    {
        "prob": 0.9998487234115601,
        "relation": "R",
        "symChild": {
            "latex": "g",
            "strokeIds": [
                7
            ]
        },
        "symRoot": {
            "latex": "-",
            "strokeIds": [
                6
            ]
        }
    }
]
