[
    {
        "prob": 0.9999817609786987,
        "relation": "R",
        "symChild": {
            "latex": "1",
            "strokeIds": [
                2
            ]
        },
        "symRoot": {
            "latex": "4",
            "strokeIds": [
                0,
                1
            ]
        }
    },
    {
        "prob": 0.9998377561569214,
        "relation": "R",
        "symChild": {
            "latex": ".",
            "strokeIds": [
                3
            ]
        },
        "symRoot": {
            "latex": "4",
            "strokeIds": [
                0,
                1
            ]
        }
    },
    {
        "prob": 0.9481639862060547,
        "relation": "R",
        "symChild": {
            "latex": "8",
            "strokeIds": [
                4
            ]
        },
        "symRoot": {
            "latex": "4",
            "strokeIds": [
                0,
                1
            ]
        }
    },
    {
        "prob": 0.9995853304862976,
        "relation": "R",
        "symChild": {
            "latex": ".",
            "strokeIds": [
                3
            ]
        },
        "symRoot": {
            "latex": "1",
            "strokeIds": [
                2
            ]
        }
    },
    {
        "prob": 0.9929558038711548,
        "relation": "R",
        "symChild": {
            "latex": "8",
            "strokeIds": [
                4
            ]
        },
        "symRoot": {
            "latex": "1",
            "strokeIds": [
                2
            ]
        }
    },
    {
        "prob": 0.9999690055847168,
        "relation": "R",
        "symChild": {
            "latex": "8",
            "strokeIds": [
                4
            ]
        },
        "symRoot": {
            "latex": ".",
            "strokeIds": [
                3
            ]
        }
    }
]
