[
    {
        "prob": 0.9999129772186279,
        "relation": "R",
        "symChild": {
            "latex": "[",
            "strokeIds": [
                1,
                2
            ]
        },
        "symRoot": {
            "latex": "(",
            "strokeIds": [
                0
            ]
        }
    },
    {
        "prob": 0.9968971014022827,
        "relation": "R",
        "symChild": {
            "latex": "X",
            "strokeIds": [
                3,
                4
            ]
        },
        "symRoot": {
            "latex": "(",
            "strokeIds": [
                0
            ]
        }
    },
    {
        "prob": 0.9998326301574707,
        "relation": "R",
        "symChild": {
            "latex": "X",
            "strokeIds": [
                3,
                4
            ]
        },
        "symRoot": {
            "latex": "[",
            "strokeIds": [
                1,
                2
            ]
        }
    },
    {
        "prob": 0.9174917936325073,
        "relation": "R",
        "symChild": {
            "latex": "]",
            "strokeIds": [
                5
            ]
        },
        "symRoot": {
            "latex": "[",
            "strokeIds": [
                1,
                2
            ]
        }
    },
    {
        "prob": 0.8218590021133423,
        "relation": "R",
        "symChild": {
            "latex": ")",
            "strokeIds": [
                6
            ]
        },
        "symRoot": {
            "latex": "[",
            "strokeIds": [
                1,
                2
            ]
        }
    },
    {
        "prob": 0.9995802044868469,
        "relation": "R",
        "symChild": {
            "latex": "]",
            "strokeIds": [
                5
            ]
        },
        "symRoot": {
            "latex": "X",
            "strokeIds": [
                3,
                4
            ]
        }
    },
    {
        "prob": 0.9857901334762573,
        "relation": "R",
        "symChild": {
            "latex": ")",
            "strokeIds": [
                6
            ]
        },
        "symRoot": {
            "latex": "X",
            "strokeIds": [
                3,
                4
            ]
        }
    },
    {
        "prob": 0.9998902082443237,
        "relation": "R",
        "symChild": {
            "latex": ")",
            "strokeIds": [
                6
            ]
        },
        "symRoot": {
            "latex": "]",
            "strokeIds": [
                5
            ]
        }
    }
]
