[
    {
        "prob": 0.9781312346458435,
        "relation": "R",
        "symChild": {
            "latex": "+",
            "strokeIds": [
                2,
                3
            ]
        },
        "symRoot": {
            "latex": "x",
            "strokeIds": [
                0
            ]
        }
    },
    {
        "prob": 0.9422780871391296,
        "relation": "R",
        "symChild": {
            "latex": "y",
            "strokeIds": [
                4
            ]
        },
        "symRoot": {
            "latex": "x",
            "strokeIds": [
                0
            ]
        }
    },
    {
        "prob": 0.9997305274009705,
        "relation": "Sup",
        "symChild": {
            "latex": "2",
            "strokeIds": [
                1
            ]
        },
        "symRoot": {
            "latex": "x",
            "strokeIds": [
                0
            ]
        }
    },
    {
        "prob": 0.9996970891952515,
        "relation": "R",
        "symChild": {
            "latex": "y",
            "strokeIds": [
                4
            ]
        },
        "symRoot": {
            "latex": "+",
            "strokeIds": [
                2,
                3
            ]
        }
    },
    {
        "prob": 0.9967791438102722,
        "relation": "R",
        "symChild": {
            "latex": "=",
            "strokeIds": [
                6
            ]
        },
        "symRoot": {
            "latex": "y",
            "strokeIds": [
                4
            ]
        }
    },
    {
        "prob": 0.9668798446655273,
        "relation": "R",
        "symChild": {
            "latex": "z",
            "strokeIds": [
                7
            ]
        },
        "symRoot": {
            "latex": "y",
            "strokeIds": [
                4
            ]
        }
    },
    {
        "prob": 0.9999693632125854,
        "relation": "Sup",
        "symChild": {
            "latex": "2",
            "strokeIds": [
                5
            ]
        },
        "symRoot": {
            "latex": "y",
            "strokeIds": [
                4
            ]
        }
    },
    {
        "prob": 0.9972590208053589,
        "relation": "R",
        "symChild": {
            "latex": "z",
            "strokeIds": [
                7
            ]
        },
        "symRoot": {
            "latex": "=",
            "strokeIds": [
                6
            ]
        }
    },
    {
        "prob": 0.9991965889930725,
        "relation": "Sup",
        "symChild": {
            "latex": "2",
            "strokeIds": [
                8
            ]
        },
        "symRoot": {
            "latex": "z",
            "strokeIds": [
                7
            ]
        }
    }
]
