[
    {
        "prob": 0.998056173324585,
        "relation": "R",
        "symChild": {
            "latex": "(",
            "strokeIds": [
                4
            ]
        },
        "symRoot": {
            "latex": "\\log",
            "strokeIds": [
                0,
                1,
                2
            ]
        }
    },
    {
        "prob": 0.6358486413955688,
        "relation": "R",
        "symChild": {
            "latex": "2",
            "strokeIds": [
                5
            ]
        },
        "symRoot": {
            "latex": "\\log",
            "strokeIds": [
                0,
                1,
                2
            ]
        }
    },
    {
        "prob": 0.9999536275863647,
        "relation": "Sub",
        "symChild": {
            "latex": "2",
            "strokeIds": [
                3
            ]
        },
        "symRoot": {
            "latex": "\\log",
            "strokeIds": [
                0,
                1,
                2
            ]
        }
    },
    {
        "prob": 0.9999232292175293,
        "relation": "R",
        "symChild": {
            "latex": "2",
            "strokeIds": [
                5
            ]
        },
        "symRoot": {
            "latex": "(",
            "strokeIds": [
                4
            ]
        }
    },
    {
        "prob": 0.9292313456535339,
        "relation": "R",
        "symChild": {
            "latex": ")",
            "strokeIds": [
                8
            ]
        },
        "symRoot": {
            "latex": "2",
            "strokeIds": [
                5
            ]
        }
    },
    {
        "prob": 0.7896822094917297,
        "relation": "R",
        "symChild": {
            "latex": "=",
            "strokeIds": [
                9,
                10
            ]
        },
        "symRoot": {
            "latex": "2",
            "strokeIds": [
                5
            ]
        }
    },
    {
        "prob": 0.3368835151195526,
        "relation": "R",
        "symChild": {
            "latex": "5",
            "strokeIds": [
                11,
                12
            ]
        },
        "symRoot": {
            "latex": "2",
            "strokeIds": [
                5
            ]
        }
    },
    {
        "prob": 0.9992495179176331,
        "relation": "Sup",
        "symChild": {
            "latex": "5",
            "strokeIds": [
                6,
                7
            ]
        },
        "symRoot": {
            "latex": "2",
            "strokeIds": [
                5
            ]
        }
    },
    {
        "prob": 0.9993576407432556,
        "relation": "R",
        "symChild": {
            "latex": "=",
            "strokeIds": [
                9,
                10
            ]
        },
        "symRoot": {
            "latex": ")",
            "strokeIds": [
                8
            ]
        }
    },
    {
        "prob": 0.6269695162773132,
        "relation": "R",
        "symChild": {
            "latex": "5",
            "strokeIds": [
                11,
                12
            ]
        },
        "symRoot": {
            "latex": ")",
            "strokeIds": [
                8
            ]
        }
    },
    {
        "prob": 0.9999396800994873,
        "relation": "R",
        "symChild": {
            "latex": "5",
            "strokeIds": [
                11,
                12
            ]
        },
        "symRoot": {
            "latex": "=",
            "strokeIds": [
                9,
                10
            ]
        }
    }
]
