[
    {
        "prob": 0.9997223019599915,
        "relation": "R",
        "symChild": {
            "latex": "-",
            "strokeIds": [
                2
            ]
        },
        "symRoot": {
            "latex": "G",
            "strokeIds": [
                0,
                1
            ]
        }
    },
    {
        "prob": 0.9849326014518738,
        "relation": "R",
        "symChild": {
            "latex": "M",
            "strokeIds": [
                3
            ]
        },
        "symRoot": {
            "latex": "-",
            "strokeIds": [
                2
            ]
        }
    },
    {
        "prob": 0.9981088638305664,
        "relation": "R",
        "symChild": {
            "latex": "\\leq",
            "strokeIds": [
                4,
                5
            ]
        },
        "symRoot": {
            "latex": "M",
            "strokeIds": [
                3
            ]
        }
    },
    {
        "prob": 0.858124315738678,
        "relation": "R",
        "symChild": {
            "latex": "-",
            "strokeIds": [
                7
            ]
        },
        "symRoot": {
            "latex": "M",
            "strokeIds": [
                3
            ]
        }
    },
    {
        "prob": 0.9997500777244568,
        "relation": "R",
        "symChild": {
            "latex": "-",
            "strokeIds": [
                7
            ]
        },
        "symRoot": {
            "latex": "\\leq",
            "strokeIds": [
                4,
                5
            ]
        }
    },
    {
        "prob": 0.5949679613113403,
        "relation": "R",
        "symChild": {
            "latex": "=",
            "strokeIds": [
                11,
                12
            ]
        },
        "symRoot": {
            "latex": "\\leq",
            "strokeIds": [
                4,
                5
            ]
        }
    },
    {
        "prob": 0.967574417591095,
        "relation": "Be",
        "symChild": {
            "latex": "\\pi",
            "strokeIds": [
                8,
                9,
                10
            ]
        },
        "symRoot": {
            "latex": "-",
            "strokeIds": [
                7
            ]
        }
    },
    {
        "prob": 0.8384263515472412,
        "relation": "Ab",
        "symChild": {
            "latex": "1",
            "strokeIds": [
                6
            ]
        },
        "symRoot": {
            "latex": "-",
            "strokeIds": [
                7
            ]
        }
    }
]
