[
    {
        "prob": 0.9997039437294006,
        "relation": "R",
        "symChild": {
            "latex": "L",
            "strokeIds": [
                1
            ]
        },
        "symRoot": {
            "latex": "(",
            "strokeIds": [
                0
            ]
        }
    },
    {
        "prob": 0.9997729659080505,
        "relation": "R",
        "symChild": {
            "latex": "M",
            "strokeIds": [
                2,
                3
            ]
        },
        "symRoot": {
            "latex": "L",
            "strokeIds": [
                1
            ]
        }
    },
    {
        "prob": 0.9335682988166809,
        "relation": "R",
        "symChild": {
            "latex": ")",
            "strokeIds": [
                4
            ]
        },
        "symRoot": {
            "latex": "L",
            "strokeIds": [
                1
            ]
        }
    },
    {
        "prob": 0.9999051094055176,
        "relation": "R",
        "symChild": {
            "latex": ")",
            "strokeIds": [
                4
            ]
        },
        "symRoot": {
            "latex": "M",
            "strokeIds": [
                2,
                3
            ]
        }
    }
]
