[
    {
        "prob": 0.9953006505966187,
        "relation": "R",
        "symChild": {
            "latex": "\\gamma",
            "strokeIds": [
                1
            ]
        },
        "symRoot": {
            "latex": "\\int",
            "strokeIds": [
                0
            ]
        }
    },
    {
        "prob": 0.3747912347316742,
        "relation": "R",
        "symChild": {
            "latex": "d",
            "strokeIds": [
                4
            ]
        },
        "symRoot": {
            "latex": "\\int",
            "strokeIds": [
                0
            ]
        }
    },
    {
        "prob": 0.31766143441200256,
        "relation": "Sup",
        "symChild": {
            "latex": "f",
            "strokeIds": [
                2,
                3
            ]
        },
        "symRoot": {
            "latex": "\\int",
            "strokeIds": [
                0
            ]
        }
    },
    {
        "prob": 0.9976855516433716,
        "relation": "R",
        "symChild": {
            "latex": "d",
            "strokeIds": [
                4
            ]
        },
        "symRoot": {
            "latex": "\\gamma",
            "strokeIds": [
                1
            ]
        }
    },
    {
        "prob": 0.9578961730003357,
        "relation": "Sub",
        "symChild": {
            "latex": "m",
            "strokeIds": [
                5
            ]
        },
        "symRoot": {
            "latex": "\\gamma",
            "strokeIds": [
                1
            ]
        }
    },
    {
        "prob": 0.9986648559570313,
        "relation": "Sup",
        "symChild": {
            "latex": "f",
            "strokeIds": [
                2,
                3
            ]
        },
        "symRoot": {
            "latex": "\\gamma",
            "strokeIds": [
                1
            ]
        }
    },
    {
        "prob": 0.9999836683273315,
        "relation": "R",
        "symChild": {
            "latex": "m",
            "strokeIds": [
                5
            ]
        },
        "symRoot": {
            "latex": "d",
            "strokeIds": [
                4
            ]
        }
    }
]
