[
    {
        "prob": 0.999987006187439,
        "relation": "R",
        "symChild": {
            "latex": ".",
            "strokeIds": [
                1
            ]
        },
        "symRoot": {
            "latex": "3",
            "strokeIds": [
                0
            ]
        }
    },
    {
        "prob": 0.9998736381530762,
        "relation": "R",
        "symChild": {
            "latex": "2",
            "strokeIds": [
                2
            ]
        },
        "symRoot": {
            "latex": "3",
            "strokeIds": [
                0
            ]
        }
    },
    {
        "prob": 0.9999963045120239,
        "relation": "R",
        "symChild": {
            "latex": "2",
            "strokeIds": [
                2
            ]
        },
        "symRoot": {
            "latex": ".",
            "strokeIds": [
                1
            ]
        }
    }
]
