[
    {
        "prob": 0.3357119858264923,
        "relation": "R",
        "symChild": {
            "latex": "\\sqrt",
            "strokeIds": [
                4,
                5
            ]
        },
        "symRoot": {
            "latex": "\\int",
            "strokeIds": [
                0
            ]
        }
    },
    {
        "prob": 0.9708888530731201,
        "relation": "R",
        "symChild": {
            "latex": "-",
            "strokeIds": [
                12
            ]
        },
        "symRoot": {
            "latex": "\\int",
            "strokeIds": [
                0
            ]
        }
    },
    {
        "prob": 0.9858486652374268,
        "relation": "Sub",
        "symChild": {
            "latex": "0",
            "strokeIds": [
                1
            ]
        },
        "symRoot": {
            "latex": "\\int",
            "strokeIds": [
                0
            ]
        }
    },
    {
        "prob": 0.8433857560157776,
        "relation": "Sup",
        "symChild": {
            "latex": "\\infty",
            "strokeIds": [
                2
            ]
        },
        "symRoot": {
            "latex": "\\int",
            "strokeIds": [
                0
            ]
        }
    },
    {
        "prob": 0.9845249056816101,
        "relation": "In",
        "symChild": {
            "latex": "-",
            "strokeIds": [
                12
            ]
        },
        "symRoot": {
            "latex": "\\sqrt",
            "strokeIds": [
                4,
                5
            ]
        }
    },
    {
        "prob": 0.997374415397644,
        "relation": "In",
        "symChild": {
            "latex": "z",
            "strokeIds": [
                6
            ]
        },
        "symRoot": {
            "latex": "\\sqrt",
            "strokeIds": [
                4,
                5
            ]
        }
    },
    {
        "prob": 0.9160411953926086,
        "relation": "In",
        "symChild": {
            "latex": "+",
            "strokeIds": [
                8,
                9
            ]
        },
        "symRoot": {
            "latex": "\\sqrt",
            "strokeIds": [
                4,
                5
            ]
        }
    },
    {
        "prob": 0.9291789531707764,
        "relation": "In",
        "symChild": {
            "latex": "1",
            "strokeIds": [
                13
            ]
        },
        "symRoot": {
            "latex": "\\sqrt",
            "strokeIds": [
                4,
                5
            ]
        }
    },
    {
        "prob": 0.854817271232605,
        "relation": "In",
        "symChild": {
            "latex": "4",
            "strokeIds": [
                10,
                11
            ]
        },
        "symRoot": {
            "latex": "\\sqrt",
            "strokeIds": [
                4,
                5
            ]
        }
    },
    {
        "prob": 0.443577378988266,
        "relation": "Ab",
        "symChild": {
            "latex": "z",
            "strokeIds": [
                3
            ]
        },
        "symRoot": {
            "latex": "\\sqrt",
            "strokeIds": [
                4,
                5
            ]
        }
    },
    {
        "prob": 0.3545970320701599,
        "relation": "R",
        "symChild": {
            "latex": "+",
            "strokeIds": [
                8,
                9
            ]
        },
        "symRoot": {
            "latex": "z",
            "strokeIds": [
                6
            ]
        }
    },
    {
        "prob": 0.977314293384552,
        "relation": "Sup",
        "symChild": {
            "latex": "3",
            "strokeIds": [
                7
            ]
        },
        "symRoot": {
            "latex": "z",
            "strokeIds": [
                6
            ]
        }
    },
    {
        "prob": 0.9998805522918701,
        "relation": "R",
        "symChild": {
            "latex": "1",
            "strokeIds": [
                13
            ]
        },
        "symRoot": {
            "latex": "+",
            "strokeIds": [
                8,
                9
            ]
        }
    },
    {
        "prob": 0.9999128580093384,
        "relation": "R",
        "symChild": {
            "latex": "4",
            "strokeIds": [
                10,
                11
            ]
        },
        "symRoot": {
            "latex": "+",
            "strokeIds": [
                8,
                9
            ]
        }
    },
    {
        "prob": 0.9976713061332703,
        "relation": "R",
        "symChild": {
            "latex": "d",
            "strokeIds": [
                14
            ]
        },
        "symRoot": {
            "latex": "-",
            "strokeIds": [
                12
            ]
        }
    },
    {
        "prob": 0.45925256609916687,
        "relation": "R",
        "symChild": {
            "latex": "z",
            "strokeIds": [
                15
            ]
        },
        "symRoot": {
            "latex": "-",
            "strokeIds": [
                12
            ]
        }
    },
    {
        "prob": 0.9977071285247803,
        "relation": "Be",
        "symChild": {
            "latex": "z",
            "strokeIds": [
                6
            ]
        },
        "symRoot": {
            "latex": "-",
            "strokeIds": [
                12
            ]
        }
    },
    {
        "prob": 0.9780018925666809,
        "relation": "Be",
        "symChild": {
            "latex": "1",
            "strokeIds": [
                13
            ]
        },
        "symRoot": {
            "latex": "-",
            "strokeIds": [
                12
            ]
        }
    },
    {
        "prob": 0.9965908527374268,
        "relation": "Ab",
        "symChild": {
            "latex": "z",
            "strokeIds": [
                3
            ]
        },
        "symRoot": {
            "latex": "-",
            "strokeIds": [
                12
            ]
        }
    },
    {
        "prob": 0.9999727010726929,
        "relation": "R",
        "symChild": {
            "latex": "4",
            "strokeIds": [
                10,
                11
            ]
        },
        "symRoot": {
            "latex": "1",
            "strokeIds": [
                13
            ]
        }
    },
    {
        "prob": 0.9968774318695068,
        "relation": "R",
        "symChild": {
            "latex": "z",
            "strokeIds": [
                15
            ]
        },
        "symRoot": {
            "latex": "d",
            "strokeIds": [
                14
            ]
        }
    }
]
