[
    {
        "prob": 0.9991067051887512,
        "relation": "R",
        "symChild": {
            "latex": ".",
            "strokeIds": [
                1
            ]
        },
        "symRoot": {
            "latex": ".",
            "strokeIds": [
                0
            ]
        }
    },
    {
        "prob": 0.9999005794525146,
        "relation": "R",
        "symChild": {
            "latex": ".",
            "strokeIds": [
                2
            ]
        },
        "symRoot": {
            "latex": ".",
            "strokeIds": [
                1
            ]
        }
    },
    {
        "prob": 0.44645729660987854,
        "relation": "R",
        "symChild": {
            "latex": "-",
            "strokeIds": [
                3
            ]
        },
        "symRoot": {
            "latex": ".",
            "strokeIds": [
                1
            ]
        }
    },
    {
        "prob": 0.9999799728393555,
        "relation": "R",
        "symChild": {
            "latex": "-",
            "strokeIds": [
                3
            ]
        },
        "symRoot": {
            "latex": ".",
            "strokeIds": [
                2
            ]
        }
    },
    {
        "prob": 0.9999747276306152,
        "relation": "R",
        "symChild": {
            "latex": "z",
            "strokeIds": [
                4
            ]
        },
        "symRoot": {
            "latex": "-",
            "strokeIds": [
                3
            ]
        }
    },
    {
        "prob": 0.669893741607666,
        "relation": "R",
        "symChild": {
            "latex": "-",
            "strokeIds": [
                5
            ]
        },
        "symRoot": {
            "latex": "-",
            "strokeIds": [
                3
            ]
        }
    },
    {
        "prob": 0.9999597072601318,
        "relation": "R",
        "symChild": {
            "latex": "-",
            "strokeIds": [
                5
            ]
        },
        "symRoot": {
            "latex": "z",
            "strokeIds": [
                4
            ]
        }
    },
    {
        "prob": 0.7750566005706787,
        "relation": "R",
        "symChild": {
            "latex": "\\Delta",
            "strokeIds": [
                6
            ]
        },
        "symRoot": {
            "latex": "z",
            "strokeIds": [
                4
            ]
        }
    },
    {
        "prob": 0.9999344348907471,
        "relation": "R",
        "symChild": {
            "latex": "\\Delta",
            "strokeIds": [
                6
            ]
        },
        "symRoot": {
            "latex": "-",
            "strokeIds": [
                5
            ]
        }
    }
]
