[
    {
        "prob": 0.999221682548523,
        "relation": "R",
        "symChild": {
            "latex": "-",
            "strokeIds": [
                8
            ]
        },
        "symRoot": {
            "latex": "\\int",
            "strokeIds": [
                3
            ]
        }
    },
    {
        "prob": 0.5593283772468567,
        "relation": "Sub",
        "symChild": {
            "latex": "\\sqrt",
            "strokeIds": [
                9
            ]
        },
        "symRoot": {
            "latex": "\\int",
            "strokeIds": [
                3
            ]
        }
    },
    {
        "prob": 0.7174334526062012,
        "relation": "Sub",
        "symChild": {
            "latex": "z",
            "strokeIds": [
                10,
                11
            ]
        },
        "symRoot": {
            "latex": "\\int",
            "strokeIds": [
                3
            ]
        }
    },
    {
        "prob": 0.9155353307723999,
        "relation": "Be",
        "symChild": {
            "latex": "0",
            "strokeIds": [
                4
            ]
        },
        "symRoot": {
            "latex": "\\int",
            "strokeIds": [
                3
            ]
        }
    },
    {
        "prob": 0.9972020387649536,
        "relation": "Ab",
        "symChild": {
            "latex": "\\infty",
            "strokeIds": [
                5
            ]
        },
        "symRoot": {
            "latex": "\\int",
            "strokeIds": [
                3
            ]
        }
    },
    {
        "prob": 0.9967670440673828,
        "relation": "R",
        "symChild": {
            "latex": "d",
            "strokeIds": [
                17
            ]
        },
        "symRoot": {
            "latex": "-",
            "strokeIds": [
                8
            ]
        }
    },
    {
        "prob": 0.5775560140609741,
        "relation": "R",
        "symChild": {
            "latex": "z",
            "strokeIds": [
                18,
                19
            ]
        },
        "symRoot": {
            "latex": "-",
            "strokeIds": [
                8
            ]
        }
    },
    {
        "prob": 0.9813718795776367,
        "relation": "Be",
        "symChild": {
            "latex": "0",
            "strokeIds": [
                4
            ]
        },
        "symRoot": {
            "latex": "-",
            "strokeIds": [
                8
            ]
        }
    },
    {
        "prob": 0.985238254070282,
        "relation": "Be",
        "symChild": {
            "latex": "\\sqrt",
            "strokeIds": [
                9
            ]
        },
        "symRoot": {
            "latex": "-",
            "strokeIds": [
                8
            ]
        }
    },
    {
        "prob": 0.9043687582015991,
        "relation": "Be",
        "symChild": {
            "latex": "z",
            "strokeIds": [
                10,
                11
            ]
        },
        "symRoot": {
            "latex": "-",
            "strokeIds": [
                8
            ]
        }
    },
    {
        "prob": 0.7452359199523926,
        "relation": "Be",
        "symChild": {
            "latex": "3",
            "strokeIds": [
                12
            ]
        },
        "symRoot": {
            "latex": "-",
            "strokeIds": [
                8
            ]
        }
    },
    {
        "prob": 0.8903278112411499,
        "relation": "Be",
        "symChild": {
            "latex": "1",
            "strokeIds": [
                14
            ]
        },
        "symRoot": {
            "latex": "-",
            "strokeIds": [
                8
            ]
        }
    },
    {
        "prob": 0.7038121819496155,
        "relation": "Ab",
        "symChild": {
            "latex": "\\infty",
            "strokeIds": [
                5
            ]
        },
        "symRoot": {
            "latex": "-",
            "strokeIds": [
                8
            ]
        }
    },
    {
        "prob": 0.8498724102973938,
        "relation": "Ab",
        "symChild": {
            "latex": "z",
            "strokeIds": [
                6,
                7
            ]
        },
        "symRoot": {
            "latex": "-",
            "strokeIds": [
                8
            ]
        }
    },
    {
        "prob": 0.997395396232605,
        "relation": "In",
        "symChild": {
            "latex": "z",
            "strokeIds": [
                10,
                11
            ]
        },
        "symRoot": {
            "latex": "\\sqrt",
            "strokeIds": [
                9
            ]
        }
    },
    {
        "prob": 0.6656056642532349,
        "relation": "In",
        "symChild": {
            "latex": "3",
            "strokeIds": [
                12
            ]
        },
        "symRoot": {
            "latex": "\\sqrt",
            "strokeIds": [
                9
            ]
        }
    },
    {
        "prob": 0.9965541362762451,
        "relation": "In",
        "symChild": {
            "latex": "+",
            "strokeIds": [
                13
            ]
        },
        "symRoot": {
            "latex": "\\sqrt",
            "strokeIds": [
                9
            ]
        }
    },
    {
        "prob": 0.9990431666374207,
        "relation": "In",
        "symChild": {
            "latex": "1",
            "strokeIds": [
                14
            ]
        },
        "symRoot": {
            "latex": "\\sqrt",
            "strokeIds": [
                9
            ]
        }
    },
    {
        "prob": 0.999588668346405,
        "relation": "In",
        "symChild": {
            "latex": "4",
            "strokeIds": [
                15,
                16
            ]
        },
        "symRoot": {
            "latex": "\\sqrt",
            "strokeIds": [
                9
            ]
        }
    },
    {
        "prob": 0.9865983724594116,
        "relation": "R",
        "symChild": {
            "latex": "+",
            "strokeIds": [
                13
            ]
        },
        "symRoot": {
            "latex": "z",
            "strokeIds": [
                10,
                11
            ]
        }
    },
    {
        "prob": 0.7698501944541931,
        "relation": "R",
        "symChild": {
            "latex": "1",
            "strokeIds": [
                14
            ]
        },
        "symRoot": {
            "latex": "z",
            "strokeIds": [
                10,
                11
            ]
        }
    },
    {
        "prob": 0.34714341163635254,
        "relation": "R",
        "symChild": {
            "latex": "4",
            "strokeIds": [
                15,
                16
            ]
        },
        "symRoot": {
            "latex": "z",
            "strokeIds": [
                10,
                11
            ]
        }
    },
    {
        "prob": 0.9981813430786133,
        "relation": "Sup",
        "symChild": {
            "latex": "3",
            "strokeIds": [
                12
            ]
        },
        "symRoot": {
            "latex": "z",
            "strokeIds": [
                10,
                11
            ]
        }
    },
    {
        "prob": 0.9999520778656006,
        "relation": "R",
        "symChild": {
            "latex": "1",
            "strokeIds": [
                14
            ]
        },
        "symRoot": {
            "latex": "+",
            "strokeIds": [
                13
            ]
        }
    },
    {
        "prob": 0.9999332427978516,
        "relation": "R",
        "symChild": {
            "latex": "4",
            "strokeIds": [
                15,
                16
            ]
        },
        "symRoot": {
            "latex": "+",
            "strokeIds": [
                13
            ]
        }
    },
    {
        "prob": 0.9999874830245972,
        "relation": "R",
        "symChild": {
            "latex": "4",
            "strokeIds": [
                15,
                16
            ]
        },
        "symRoot": {
            "latex": "1",
            "strokeIds": [
                14
            ]
        }
    },
    {
        "prob": 0.9999275207519531,
        "relation": "R",
        "symChild": {
            "latex": "z",
            "strokeIds": [
                18,
                19
            ]
        },
        "symRoot": {
            "latex": "d",
            "strokeIds": [
                17
            ]
        }
    }
]
