[
    {
        "prob": 0.9996371269226074,
        "relation": "Be",
        "symChild": {
            "latex": "k",
            "strokeIds": [
                2,
                3
            ]
        },
        "symRoot": {
            "latex": "-",
            "strokeIds": [
                1
            ]
        }
    },
    {
        "prob": 0.9941781759262085,
        "relation": "Be",
        "symChild": {
            "latex": "(",
            "strokeIds": [
                4
            ]
        },
        "symRoot": {
            "latex": "-",
            "strokeIds": [
                1
            ]
        }
    },
    {
        "prob": 0.9918956160545349,
        "relation": "Be",
        "symChild": {
            "latex": "y",
            "strokeIds": [
                5
            ]
        },
        "symRoot": {
            "latex": "-",
            "strokeIds": [
                1
            ]
        }
    },
    {
        "prob": 0.9863097667694092,
        "relation": "Ab",
        "symChild": {
            "latex": "h",
            "strokeIds": [
                0
            ]
        },
        "symRoot": {
            "latex": "-",
            "strokeIds": [
                1
            ]
        }
    },
    {
        "prob": 0.9880340695381165,
        "relation": "R",
        "symChild": {
            "latex": "(",
            "strokeIds": [
                4
            ]
        },
        "symRoot": {
            "latex": "k",
            "strokeIds": [
                2,
                3
            ]
        }
    },
    {
        "prob": 0.9715633392333984,
        "relation": "R",
        "symChild": {
            "latex": "y",
            "strokeIds": [
                5
            ]
        },
        "symRoot": {
            "latex": "k",
            "strokeIds": [
                2,
                3
            ]
        }
    },
    {
        "prob": 0.5886754989624023,
        "relation": "R",
        "symChild": {
            "latex": ")",
            "strokeIds": [
                6
            ]
        },
        "symRoot": {
            "latex": "k",
            "strokeIds": [
                2,
                3
            ]
        }
    },
    {
        "prob": 0.9998142123222351,
        "relation": "R",
        "symChild": {
            "latex": "y",
            "strokeIds": [
                5
            ]
        },
        "symRoot": {
            "latex": "(",
            "strokeIds": [
                4
            ]
        }
    },
    {
        "prob": 0.999866247177124,
        "relation": "R",
        "symChild": {
            "latex": ")",
            "strokeIds": [
                6
            ]
        },
        "symRoot": {
            "latex": "y",
            "strokeIds": [
                5
            ]
        }
    },
    {
        "prob": 0.6433529257774353,
        "relation": "R",
        "symChild": {
            "latex": "(",
            "strokeIds": [
                4
            ]
        },
        "symRoot": {
            "latex": ")",
            "strokeIds": [
                6
            ]
        }
    }
]
