[
    {
        "prob": 0.9988123178482056,
        "relation": "R",
        "symChild": {
            "latex": "0",
            "strokeIds": [
                1
            ]
        },
        "symRoot": {
            "latex": "\\int",
            "strokeIds": [
                0
            ]
        }
    },
    {
        "prob": 0.6985536813735962,
        "relation": "R",
        "symChild": {
            "latex": ".",
            "strokeIds": [
                2
            ]
        },
        "symRoot": {
            "latex": "\\int",
            "strokeIds": [
                0
            ]
        }
    },
    {
        "prob": 0.44053399562835693,
        "relation": "R",
        "symChild": {
            "latex": "0",
            "strokeIds": [
                3
            ]
        },
        "symRoot": {
            "latex": "\\int",
            "strokeIds": [
                0
            ]
        }
    },
    {
        "prob": 0.9997180104255676,
        "relation": "R",
        "symChild": {
            "latex": ".",
            "strokeIds": [
                2
            ]
        },
        "symRoot": {
            "latex": "0",
            "strokeIds": [
                1
            ]
        }
    },
    {
        "prob": 0.9734189510345459,
        "relation": "R",
        "symChild": {
            "latex": "0",
            "strokeIds": [
                3
            ]
        },
        "symRoot": {
            "latex": "0",
            "strokeIds": [
                1
            ]
        }
    },
    {
        "prob": 0.9999908208847046,
        "relation": "R",
        "symChild": {
            "latex": "0",
            "strokeIds": [
                3
            ]
        },
        "symRoot": {
            "latex": ".",
            "strokeIds": [
                2
            ]
        }
    },
    {
        "prob": 0.8714167475700378,
        "relation": "R",
        "symChild": {
            "latex": "d",
            "strokeIds": [
                4
            ]
        },
        "symRoot": {
            "latex": ".",
            "strokeIds": [
                2
            ]
        }
    },
    {
        "prob": 0.7904388904571533,
        "relation": "R",
        "symChild": {
            "latex": "q",
            "strokeIds": [
                5
            ]
        },
        "symRoot": {
            "latex": ".",
            "strokeIds": [
                2
            ]
        }
    },
    {
        "prob": 0.9978387951850891,
        "relation": "R",
        "symChild": {
            "latex": "d",
            "strokeIds": [
                4
            ]
        },
        "symRoot": {
            "latex": "0",
            "strokeIds": [
                3
            ]
        }
    },
    {
        "prob": 0.9995967745780945,
        "relation": "R",
        "symChild": {
            "latex": "q",
            "strokeIds": [
                5
            ]
        },
        "symRoot": {
            "latex": "d",
            "strokeIds": [
                4
            ]
        }
    }
]
