[
    {
        "prob": 0.9998492002487183,
        "relation": "R",
        "symChild": {
            "latex": "=",
            "strokeIds": [
                1,
                2
            ]
        },
        "symRoot": {
            "latex": "d",
            "strokeIds": [
                0
            ]
        }
    },
    {
        "prob": 0.9843658208847046,
        "relation": "R",
        "symChild": {
            "latex": "F",
            "strokeIds": [
                3,
                4,
                5
            ]
        },
        "symRoot": {
            "latex": "d",
            "strokeIds": [
                0
            ]
        }
    },
    {
        "prob": 0.9639458060264587,
        "relation": "R",
        "symChild": {
            "latex": "c",
            "strokeIds": [
                6
            ]
        },
        "symRoot": {
            "latex": "d",
            "strokeIds": [
                0
            ]
        }
    },
    {
        "prob": 0.9996944665908813,
        "relation": "R",
        "symChild": {
            "latex": "F",
            "strokeIds": [
                3,
                4,
                5
            ]
        },
        "symRoot": {
            "latex": "=",
            "strokeIds": [
                1,
                2
            ]
        }
    },
    {
        "prob": 0.9991658926010132,
        "relation": "R",
        "symChild": {
            "latex": "c",
            "strokeIds": [
                6
            ]
        },
        "symRoot": {
            "latex": "=",
            "strokeIds": [
                1,
                2
            ]
        }
    },
    {
        "prob": 0.9528241157531738,
        "relation": "R",
        "symChild": {
            "latex": "c",
            "strokeIds": [
                6
            ]
        },
        "symRoot": {
            "latex": "F",
            "strokeIds": [
                3,
                4,
                5
            ]
        }
    }
]
