[
    {
        "prob": 0.6979200839996338,
        "relation": "R",
        "symChild": {
            "latex": "(",
            "strokeIds": [
                7
            ]
        },
        "symRoot": {
            "latex": "\\sum",
            "strokeIds": [
                0
            ]
        }
    },
    {
        "prob": 0.9996645450592041,
        "relation": "Be",
        "symChild": {
            "latex": "n",
            "strokeIds": [
                1
            ]
        },
        "symRoot": {
            "latex": "\\sum",
            "strokeIds": [
                0
            ]
        }
    },
    {
        "prob": 0.717902660369873,
        "relation": "Be",
        "symChild": {
            "latex": "=",
            "strokeIds": [
                2,
                3
            ]
        },
        "symRoot": {
            "latex": "\\sum",
            "strokeIds": [
                0
            ]
        }
    },
    {
        "prob": 0.46095529198646545,
        "relation": "Be",
        "symChild": {
            "latex": "1",
            "strokeIds": [
                4
            ]
        },
        "symRoot": {
            "latex": "\\sum",
            "strokeIds": [
                0
            ]
        }
    },
    {
        "prob": 0.9978085160255432,
        "relation": "Ab",
        "symChild": {
            "latex": "N",
            "strokeIds": [
                5,
                6
            ]
        },
        "symRoot": {
            "latex": "\\sum",
            "strokeIds": [
                0
            ]
        }
    },
    {
        "prob": 0.9998445510864258,
        "relation": "R",
        "symChild": {
            "latex": "=",
            "strokeIds": [
                2,
                3
            ]
        },
        "symRoot": {
            "latex": "n",
            "strokeIds": [
                1
            ]
        }
    },
    {
        "prob": 0.7202255129814148,
        "relation": "R",
        "symChild": {
            "latex": "1",
            "strokeIds": [
                4
            ]
        },
        "symRoot": {
            "latex": "n",
            "strokeIds": [
                1
            ]
        }
    },
    {
        "prob": 0.9993706345558167,
        "relation": "R",
        "symChild": {
            "latex": "1",
            "strokeIds": [
                4
            ]
        },
        "symRoot": {
            "latex": "=",
            "strokeIds": [
                2,
                3
            ]
        }
    },
    {
        "prob": 0.9986735582351685,
        "relation": "R",
        "symChild": {
            "latex": "-",
            "strokeIds": [
                8
            ]
        },
        "symRoot": {
            "latex": "(",
            "strokeIds": [
                7
            ]
        }
    },
    {
        "prob": 0.9998689889907837,
        "relation": "R",
        "symChild": {
            "latex": "1",
            "strokeIds": [
                9
            ]
        },
        "symRoot": {
            "latex": "-",
            "strokeIds": [
                8
            ]
        }
    },
    {
        "prob": 0.9999512434005737,
        "relation": "R",
        "symChild": {
            "latex": ")",
            "strokeIds": [
                10
            ]
        },
        "symRoot": {
            "latex": "1",
            "strokeIds": [
                9
            ]
        }
    },
    {
        "prob": 0.9833532571792603,
        "relation": "R",
        "symChild": {
            "latex": "\\sin",
            "strokeIds": [
                12,
                13,
                14
            ]
        },
        "symRoot": {
            "latex": ")",
            "strokeIds": [
                10
            ]
        }
    },
    {
        "prob": 0.9994133710861206,
        "relation": "Sup",
        "symChild": {
            "latex": "n",
            "strokeIds": [
                11
            ]
        },
        "symRoot": {
            "latex": ")",
            "strokeIds": [
                10
            ]
        }
    },
    {
        "prob": 0.9996113181114197,
        "relation": "R",
        "symChild": {
            "latex": "(",
            "strokeIds": [
                15
            ]
        },
        "symRoot": {
            "latex": "\\sin",
            "strokeIds": [
                12,
                13,
                14
            ]
        }
    },
    {
        "prob": 0.9818491339683533,
        "relation": "R",
        "symChild": {
            "latex": "n",
            "strokeIds": [
                16
            ]
        },
        "symRoot": {
            "latex": "\\sin",
            "strokeIds": [
                12,
                13,
                14
            ]
        }
    },
    {
        "prob": 0.7488290071487427,
        "relation": "R",
        "symChild": {
            "latex": "x",
            "strokeIds": [
                17,
                18
            ]
        },
        "symRoot": {
            "latex": "\\sin",
            "strokeIds": [
                12,
                13,
                14
            ]
        }
    },
    {
        "prob": 0.9973318576812744,
        "relation": "R",
        "symChild": {
            "latex": "n",
            "strokeIds": [
                16
            ]
        },
        "symRoot": {
            "latex": "(",
            "strokeIds": [
                15
            ]
        }
    },
    {
        "prob": 0.7691603302955627,
        "relation": "R",
        "symChild": {
            "latex": "x",
            "strokeIds": [
                17,
                18
            ]
        },
        "symRoot": {
            "latex": "n",
            "strokeIds": [
                16
            ]
        }
    },
    {
        "prob": 0.9990969896316528,
        "relation": "R",
        "symChild": {
            "latex": ")",
            "strokeIds": [
                19
            ]
        },
        "symRoot": {
            "latex": "x",
            "strokeIds": [
                17,
                18
            ]
        }
    }
]
