[
    {
        "prob": 0.9995259046554565,
        "relation": "Sup",
        "symChild": {
            "latex": "b",
            "strokeIds": [
                1
            ]
        },
        "symRoot": {
            "latex": "a",
            "strokeIds": [
                0
            ]
        }
    },
    {
        "prob": 0.9864006042480469,
        "relation": "Sup",
        "symChild": {
            "latex": "c",
            "strokeIds": [
                2
            ]
        },
        "symRoot": {
            "latex": "a",
            "strokeIds": [
                0
            ]
        }
    },
    {
        "prob": 0.9961367249488831,
        "relation": "Sup",
        "symChild": {
            "latex": "c",
            "strokeIds": [
                2
            ]
        },
        "symRoot": {
            "latex": "b",
            "strokeIds": [
                1
            ]
        }
    },
    {
        "prob": 0.9988866448402405,
        "relation": "Sup",
        "symChild": {
            "latex": "d",
            "strokeIds": [
                3
            ]
        },
        "symRoot": {
            "latex": "c",
            "strokeIds": [
                2
            ]
        }
    }
]
