[
    {
        "prob": 0.99992835521698,
        "relation": "R",
        "symChild": {
            "latex": "x",
            "strokeIds": [
                1,
                2
            ]
        },
        "symRoot": {
            "latex": "\\sum",
            "strokeIds": [
                0
            ]
        }
    },
    {
        "prob": 0.999975323677063,
        "relation": "R",
        "symChild": {
            "latex": "+",
            "strokeIds": [
                3,
                4
            ]
        },
        "symRoot": {
            "latex": "x",
            "strokeIds": [
                1,
                2
            ]
        }
    },
    {
        "prob": 0.9935721158981323,
        "relation": "R",
        "symChild": {
            "latex": "x",
            "strokeIds": [
                5,
                6
            ]
        },
        "symRoot": {
            "latex": "x",
            "strokeIds": [
                1,
                2
            ]
        }
    },
    {
        "prob": 0.9999535083770752,
        "relation": "R",
        "symChild": {
            "latex": "x",
            "strokeIds": [
                5,
                6
            ]
        },
        "symRoot": {
            "latex": "+",
            "strokeIds": [
                3,
                4
            ]
        }
    }
]
