[
    {
        "prob": 0.999811589717865,
        "relation": "R",
        "symChild": {
            "latex": "6",
            "strokeIds": [
                1
            ]
        },
        "symRoot": {
            "latex": "(",
            "strokeIds": [
                0
            ]
        }
    },
    {
        "prob": 0.9997643828392029,
        "relation": "R",
        "symChild": {
            "latex": ")",
            "strokeIds": [
                2
            ]
        },
        "symRoot": {
            "latex": "6",
            "strokeIds": [
                1
            ]
        }
    }
]
