[
    {
        "prob": 0.9987831711769104,
        "relation": "R",
        "symChild": {
            "latex": "+",
            "strokeIds": [
                4,
                5
            ]
        },
        "symRoot": {
            "latex": "-",
            "strokeIds": [
                2
            ]
        }
    },
    {
        "prob": 0.9983351826667786,
        "relation": "R",
        "symChild": {
            "latex": "V",
            "strokeIds": [
                6
            ]
        },
        "symRoot": {
            "latex": "-",
            "strokeIds": [
                2
            ]
        }
    },
    {
        "prob": 0.9858919978141785,
        "relation": "Be",
        "symChild": {
            "latex": "S",
            "strokeIds": [
                3
            ]
        },
        "symRoot": {
            "latex": "-",
            "strokeIds": [
                2
            ]
        }
    },
    {
        "prob": 0.9989328980445862,
        "relation": "Ab",
        "symChild": {
            "latex": "B",
            "strokeIds": [
                0,
                1
            ]
        },
        "symRoot": {
            "latex": "-",
            "strokeIds": [
                2
            ]
        }
    },
    {
        "prob": 0.5912961959838867,
        "relation": "Sup",
        "symChild": {
            "latex": "V",
            "strokeIds": [
                6
            ]
        },
        "symRoot": {
            "latex": "S",
            "strokeIds": [
                3
            ]
        }
    },
    {
        "prob": 0.9998905658721924,
        "relation": "R",
        "symChild": {
            "latex": "V",
            "strokeIds": [
                6
            ]
        },
        "symRoot": {
            "latex": "+",
            "strokeIds": [
                4,
                5
            ]
        }
    }
]
