[
    {
        "prob": 0.9493787288665771,
        "relation": "Be",
        "symChild": {
            "latex": "a",
            "strokeIds": [
                3
            ]
        },
        "symRoot": {
            "latex": "-",
            "strokeIds": [
                2
            ]
        }
    },
    {
        "prob": 0.9485978484153748,
        "relation": "Ab",
        "symChild": {
            "latex": "x",
            "strokeIds": [
                0,
                1
            ]
        },
        "symRoot": {
            "latex": "-",
            "strokeIds": [
                2
            ]
        }
    },
    {
        "prob": 0.9990319013595581,
        "relation": "R",
        "symChild": {
            "latex": "+",
            "strokeIds": [
                4,
                5
            ]
        },
        "symRoot": {
            "latex": "a",
            "strokeIds": [
                3
            ]
        }
    },
    {
        "prob": 0.8268593549728394,
        "relation": "R",
        "symChild": {
            "latex": "-",
            "strokeIds": [
                8
            ]
        },
        "symRoot": {
            "latex": "a",
            "strokeIds": [
                3
            ]
        }
    },
    {
        "prob": 0.33220967650413513,
        "relation": "R",
        "symChild": {
            "latex": "-",
            "strokeIds": [
                13
            ]
        },
        "symRoot": {
            "latex": "a",
            "strokeIds": [
                3
            ]
        }
    },
    {
        "prob": 0.9998059868812561,
        "relation": "R",
        "symChild": {
            "latex": "-",
            "strokeIds": [
                8
            ]
        },
        "symRoot": {
            "latex": "+",
            "strokeIds": [
                4,
                5
            ]
        }
    },
    {
        "prob": 0.9597225189208984,
        "relation": "Be",
        "symChild": {
            "latex": "b",
            "strokeIds": [
                9
            ]
        },
        "symRoot": {
            "latex": "-",
            "strokeIds": [
                8
            ]
        }
    },
    {
        "prob": 0.6738072633743286,
        "relation": "Be",
        "symChild": {
            "latex": "-",
            "strokeIds": [
                10
            ]
        },
        "symRoot": {
            "latex": "-",
            "strokeIds": [
                8
            ]
        }
    },
    {
        "prob": 0.3516167402267456,
        "relation": "Ab",
        "symChild": {
            "latex": "x",
            "strokeIds": [
                0,
                1
            ]
        },
        "symRoot": {
            "latex": "-",
            "strokeIds": [
                8
            ]
        }
    },
    {
        "prob": 0.7449983954429626,
        "relation": "Ab",
        "symChild": {
            "latex": "x",
            "strokeIds": [
                6,
                7
            ]
        },
        "symRoot": {
            "latex": "-",
            "strokeIds": [
                8
            ]
        }
    },
    {
        "prob": 0.9998834133148193,
        "relation": "R",
        "symChild": {
            "latex": "-",
            "strokeIds": [
                10
            ]
        },
        "symRoot": {
            "latex": "b",
            "strokeIds": [
                9
            ]
        }
    },
    {
        "prob": 0.9983215928077698,
        "relation": "R",
        "symChild": {
            "latex": "-",
            "strokeIds": [
                13
            ]
        },
        "symRoot": {
            "latex": "b",
            "strokeIds": [
                9
            ]
        }
    },
    {
        "prob": 0.9999455213546753,
        "relation": "R",
        "symChild": {
            "latex": "-",
            "strokeIds": [
                13
            ]
        },
        "symRoot": {
            "latex": "-",
            "strokeIds": [
                10
            ]
        }
    },
    {
        "prob": 0.9990434050559998,
        "relation": "Be",
        "symChild": {
            "latex": "c",
            "strokeIds": [
                14
            ]
        },
        "symRoot": {
            "latex": "-",
            "strokeIds": [
                13
            ]
        }
    },
    {
        "prob": 0.998695433139801,
        "relation": "Ab",
        "symChild": {
            "latex": "x",
            "strokeIds": [
                11,
                12
            ]
        },
        "symRoot": {
            "latex": "-",
            "strokeIds": [
                13
            ]
        }
    }
]
