[
    {
        "prob": 0.903913676738739,
        "relation": "R",
        "symChild": {
            "latex": "s",
            "strokeIds": [
                1
            ]
        },
        "symRoot": {
            "latex": "0",
            "strokeIds": [
                0
            ]
        }
    },
    {
        "prob": 0.9975491166114807,
        "relation": "Be",
        "symChild": {
            "latex": "5",
            "strokeIds": [
                3,
                4
            ]
        },
        "symRoot": {
            "latex": "-",
            "strokeIds": [
                2
            ]
        }
    },
    {
        "prob": 0.9643897414207458,
        "relation": "Be",
        "symChild": {
            "latex": ".",
            "strokeIds": [
                5
            ]
        },
        "symRoot": {
            "latex": "-",
            "strokeIds": [
                2
            ]
        }
    },
    {
        "prob": 0.9440739750862122,
        "relation": "Be",
        "symChild": {
            "latex": "7",
            "strokeIds": [
                6,
                7
            ]
        },
        "symRoot": {
            "latex": "-",
            "strokeIds": [
                2
            ]
        }
    },
    {
        "prob": 0.9743554592132568,
        "relation": "Ab",
        "symChild": {
            "latex": "0",
            "strokeIds": [
                0
            ]
        },
        "symRoot": {
            "latex": "-",
            "strokeIds": [
                2
            ]
        }
    },
    {
        "prob": 0.699733555316925,
        "relation": "Ab",
        "symChild": {
            "latex": "s",
            "strokeIds": [
                1
            ]
        },
        "symRoot": {
            "latex": "-",
            "strokeIds": [
                2
            ]
        }
    },
    {
        "prob": 0.9999699592590332,
        "relation": "R",
        "symChild": {
            "latex": ".",
            "strokeIds": [
                5
            ]
        },
        "symRoot": {
            "latex": "5",
            "strokeIds": [
                3,
                4
            ]
        }
    },
    {
        "prob": 0.9995818734169006,
        "relation": "R",
        "symChild": {
            "latex": "7",
            "strokeIds": [
                6,
                7
            ]
        },
        "symRoot": {
            "latex": "5",
            "strokeIds": [
                3,
                4
            ]
        }
    },
    {
        "prob": 0.9999957084655762,
        "relation": "R",
        "symChild": {
            "latex": "7",
            "strokeIds": [
                6,
                7
            ]
        },
        "symRoot": {
            "latex": ".",
            "strokeIds": [
                5
            ]
        }
    }
]
