[
    {
        "prob": 0.9999619722366333,
        "relation": "R",
        "symChild": {
            "latex": "z",
            "strokeIds": [
                1,
                2
            ]
        },
        "symRoot": {
            "latex": "-",
            "strokeIds": [
                0
            ]
        }
    },
    {
        "prob": 0.9837905764579773,
        "relation": "R",
        "symChild": {
            "latex": "-",
            "strokeIds": [
                6
            ]
        },
        "symRoot": {
            "latex": "-",
            "strokeIds": [
                0
            ]
        }
    },
    {
        "prob": 0.9984937906265259,
        "relation": "R",
        "symChild": {
            "latex": "+",
            "strokeIds": [
                3,
                4
            ]
        },
        "symRoot": {
            "latex": "z",
            "strokeIds": [
                1,
                2
            ]
        }
    },
    {
        "prob": 0.980746328830719,
        "relation": "R",
        "symChild": {
            "latex": "-",
            "strokeIds": [
                6
            ]
        },
        "symRoot": {
            "latex": "z",
            "strokeIds": [
                1,
                2
            ]
        }
    },
    {
        "prob": 0.7148331999778748,
        "relation": "R",
        "symChild": {
            "latex": "\\alpha",
            "strokeIds": [
                7
            ]
        },
        "symRoot": {
            "latex": "z",
            "strokeIds": [
                1,
                2
            ]
        }
    },
    {
        "prob": 0.9999240636825562,
        "relation": "R",
        "symChild": {
            "latex": "-",
            "strokeIds": [
                6
            ]
        },
        "symRoot": {
            "latex": "+",
            "strokeIds": [
                3,
                4
            ]
        }
    },
    {
        "prob": 0.9977926015853882,
        "relation": "Be",
        "symChild": {
            "latex": "\\alpha",
            "strokeIds": [
                7
            ]
        },
        "symRoot": {
            "latex": "-",
            "strokeIds": [
                6
            ]
        }
    },
    {
        "prob": 0.9855911731719971,
        "relation": "Ab",
        "symChild": {
            "latex": "s",
            "strokeIds": [
                5
            ]
        },
        "symRoot": {
            "latex": "-",
            "strokeIds": [
                6
            ]
        }
    }
]
