[
    {
        "prob": 0.9975243210792542,
        "relation": "R",
        "symChild": {
            "latex": "x",
            "strokeIds": [
                2,
                3
            ]
        },
        "symRoot": {
            "latex": "[",
            "strokeIds": [
                0,
                1
            ]
        }
    },
    {
        "prob": 0.9981303811073303,
        "relation": "R",
        "symChild": {
            "latex": "]",
            "strokeIds": [
                6,
                7
            ]
        },
        "symRoot": {
            "latex": "x",
            "strokeIds": [
                2,
                3
            ]
        }
    },
    {
        "prob": 0.999971866607666,
        "relation": "Sub",
        "symChild": {
            "latex": "i",
            "strokeIds": [
                4,
                5
            ]
        },
        "symRoot": {
            "latex": "x",
            "strokeIds": [
                2,
                3
            ]
        }
    }
]
