[
    {
        "prob": 0.9999675750732422,
        "relation": "R",
        "symChild": {
            "latex": "y",
            "strokeIds": [
                1
            ]
        },
        "symRoot": {
            "latex": "-",
            "strokeIds": [
                0
            ]
        }
    },
    {
        "prob": 0.9999086856842041,
        "relation": "R",
        "symChild": {
            "latex": "\\lt",
            "strokeIds": [
                2
            ]
        },
        "symRoot": {
            "latex": "y",
            "strokeIds": [
                1
            ]
        }
    },
    {
        "prob": 0.9848617315292358,
        "relation": "R",
        "symChild": {
            "latex": "s",
            "strokeIds": [
                3
            ]
        },
        "symRoot": {
            "latex": "y",
            "strokeIds": [
                1
            ]
        }
    },
    {
        "prob": 0.945701539516449,
        "relation": "R",
        "symChild": {
            "latex": "(",
            "strokeIds": [
                4
            ]
        },
        "symRoot": {
            "latex": "y",
            "strokeIds": [
                1
            ]
        }
    },
    {
        "prob": 0.9996477365493774,
        "relation": "R",
        "symChild": {
            "latex": "s",
            "strokeIds": [
                3
            ]
        },
        "symRoot": {
            "latex": "\\lt",
            "strokeIds": [
                2
            ]
        }
    },
    {
        "prob": 0.3021044135093689,
        "relation": "R",
        "symChild": {
            "latex": "A",
            "strokeIds": [
                5,
                6
            ]
        },
        "symRoot": {
            "latex": "\\lt",
            "strokeIds": [
                2
            ]
        }
    },
    {
        "prob": 0.9993498921394348,
        "relation": "R",
        "symChild": {
            "latex": "(",
            "strokeIds": [
                4
            ]
        },
        "symRoot": {
            "latex": "s",
            "strokeIds": [
                3
            ]
        }
    },
    {
        "prob": 0.9989823698997498,
        "relation": "R",
        "symChild": {
            "latex": "A",
            "strokeIds": [
                5,
                6
            ]
        },
        "symRoot": {
            "latex": "s",
            "strokeIds": [
                3
            ]
        }
    },
    {
        "prob": 0.8738455772399902,
        "relation": "R",
        "symChild": {
            "latex": ")",
            "strokeIds": [
                7
            ]
        },
        "symRoot": {
            "latex": "s",
            "strokeIds": [
                3
            ]
        }
    },
    {
        "prob": 0.9999924898147583,
        "relation": "R",
        "symChild": {
            "latex": "A",
            "strokeIds": [
                5,
                6
            ]
        },
        "symRoot": {
            "latex": "(",
            "strokeIds": [
                4
            ]
        }
    },
    {
        "prob": 0.9999246597290039,
        "relation": "R",
        "symChild": {
            "latex": ")",
            "strokeIds": [
                7
            ]
        },
        "symRoot": {
            "latex": "A",
            "strokeIds": [
                5,
                6
            ]
        }
    }
]
