[
    {
        "prob": 0.9998294115066528,
        "relation": "R",
        "symChild": {
            "latex": "+",
            "strokeIds": [
                1,
                2
            ]
        },
        "symRoot": {
            "latex": "L",
            "strokeIds": [
                0
            ]
        }
    },
    {
        "prob": 0.9958557486534119,
        "relation": "R",
        "symChild": {
            "latex": "C",
            "strokeIds": [
                3
            ]
        },
        "symRoot": {
            "latex": "L",
            "strokeIds": [
                0
            ]
        }
    },
    {
        "prob": 0.4854848086833954,
        "relation": "R",
        "symChild": {
            "latex": "=",
            "strokeIds": [
                4,
                5
            ]
        },
        "symRoot": {
            "latex": "L",
            "strokeIds": [
                0
            ]
        }
    },
    {
        "prob": 0.999972939491272,
        "relation": "R",
        "symChild": {
            "latex": "C",
            "strokeIds": [
                3
            ]
        },
        "symRoot": {
            "latex": "+",
            "strokeIds": [
                1,
                2
            ]
        }
    },
    {
        "prob": 0.999605119228363,
        "relation": "R",
        "symChild": {
            "latex": "=",
            "strokeIds": [
                4,
                5
            ]
        },
        "symRoot": {
            "latex": "C",
            "strokeIds": [
                3
            ]
        }
    },
    {
        "prob": 0.996206521987915,
        "relation": "R",
        "symChild": {
            "latex": "\\sqrt",
            "strokeIds": [
                6
            ]
        },
        "symRoot": {
            "latex": "C",
            "strokeIds": [
                3
            ]
        }
    },
    {
        "prob": 0.9763278365135193,
        "relation": "R",
        "symChild": {
            "latex": "\\sigma",
            "strokeIds": [
                7
            ]
        },
        "symRoot": {
            "latex": "C",
            "strokeIds": [
                3
            ]
        }
    },
    {
        "prob": 0.9999432563781738,
        "relation": "R",
        "symChild": {
            "latex": "\\sqrt",
            "strokeIds": [
                6
            ]
        },
        "symRoot": {
            "latex": "=",
            "strokeIds": [
                4,
                5
            ]
        }
    },
    {
        "prob": 0.9982907176017761,
        "relation": "R",
        "symChild": {
            "latex": "\\sigma",
            "strokeIds": [
                7
            ]
        },
        "symRoot": {
            "latex": "=",
            "strokeIds": [
                4,
                5
            ]
        }
    },
    {
        "prob": 0.9999076128005981,
        "relation": "In",
        "symChild": {
            "latex": "\\sigma",
            "strokeIds": [
                7
            ]
        },
        "symRoot": {
            "latex": "\\sqrt",
            "strokeIds": [
                6
            ]
        }
    }
]
