[
    {
        "prob": 0.9992830157279968,
        "relation": "R",
        "symChild": {
            "latex": "+",
            "strokeIds": [
                1,
                2
            ]
        },
        "symRoot": {
            "latex": "8",
            "strokeIds": [
                0
            ]
        }
    },
    {
        "prob": 0.9724478125572205,
        "relation": "R",
        "symChild": {
            "latex": "e",
            "strokeIds": [
                3
            ]
        },
        "symRoot": {
            "latex": "8",
            "strokeIds": [
                0
            ]
        }
    },
    {
        "prob": 0.9841054081916809,
        "relation": "R",
        "symChild": {
            "latex": "e",
            "strokeIds": [
                3
            ]
        },
        "symRoot": {
            "latex": "+",
            "strokeIds": [
                1,
                2
            ]
        }
    },
    {
        "prob": 0.9997650980949402,
        "relation": "In",
        "symChild": {
            "latex": "8",
            "strokeIds": [
                0
            ]
        },
        "symRoot": {
            "latex": "\\sqrt",
            "strokeIds": [
                4
            ]
        }
    },
    {
        "prob": 0.997441291809082,
        "relation": "In",
        "symChild": {
            "latex": "+",
            "strokeIds": [
                1,
                2
            ]
        },
        "symRoot": {
            "latex": "\\sqrt",
            "strokeIds": [
                4
            ]
        }
    },
    {
        "prob": 0.9992475509643555,
        "relation": "In",
        "symChild": {
            "latex": "e",
            "strokeIds": [
                3
            ]
        },
        "symRoot": {
            "latex": "\\sqrt",
            "strokeIds": [
                4
            ]
        }
    }
]
