[
    {
        "prob": 0.8418761491775513,
        "relation": "R",
        "symChild": {
            "latex": "e",
            "strokeIds": [
                1
            ]
        },
        "symRoot": {
            "latex": "\\int",
            "strokeIds": [
                0
            ]
        }
    },
    {
        "prob": 0.7132839560508728,
        "relation": "R",
        "symChild": {
            "latex": "x",
            "strokeIds": [
                2,
                3,
                4
            ]
        },
        "symRoot": {
            "latex": "\\int",
            "strokeIds": [
                0
            ]
        }
    },
    {
        "prob": 0.9666856527328491,
        "relation": "R",
        "symChild": {
            "latex": "x",
            "strokeIds": [
                6,
                7
            ]
        },
        "symRoot": {
            "latex": "e",
            "strokeIds": [
                1
            ]
        }
    },
    {
        "prob": 0.9969890713691711,
        "relation": "Sup",
        "symChild": {
            "latex": "x",
            "strokeIds": [
                2,
                3,
                4
            ]
        },
        "symRoot": {
            "latex": "e",
            "strokeIds": [
                1
            ]
        }
    },
    {
        "prob": 0.8137388229370117,
        "relation": "Sup",
        "symChild": {
            "latex": "2",
            "strokeIds": [
                5
            ]
        },
        "symRoot": {
            "latex": "e",
            "strokeIds": [
                1
            ]
        }
    },
    {
        "prob": 0.9996752738952637,
        "relation": "Sup",
        "symChild": {
            "latex": "2",
            "strokeIds": [
                5
            ]
        },
        "symRoot": {
            "latex": "x",
            "strokeIds": [
                2,
                3,
                4
            ]
        }
    },
    {
        "prob": 0.913055419921875,
        "relation": "R",
        "symChild": {
            "latex": "d",
            "strokeIds": [
                9
            ]
        },
        "symRoot": {
            "latex": "x",
            "strokeIds": [
                6,
                7
            ]
        }
    },
    {
        "prob": 0.9986135959625244,
        "relation": "Sup",
        "symChild": {
            "latex": "3",
            "strokeIds": [
                8
            ]
        },
        "symRoot": {
            "latex": "x",
            "strokeIds": [
                6,
                7
            ]
        }
    },
    {
        "prob": 0.959497332572937,
        "relation": "R",
        "symChild": {
            "latex": "x",
            "strokeIds": [
                10,
                11
            ]
        },
        "symRoot": {
            "latex": "d",
            "strokeIds": [
                9
            ]
        }
    }
]
