[
    {
        "prob": 0.9967899918556213,
        "relation": "R",
        "symChild": {
            "latex": ".",
            "strokeIds": [
                2
            ]
        },
        "symRoot": {
            "latex": "z",
            "strokeIds": [
                0,
                1
            ]
        }
    },
    {
        "prob": 0.9871466159820557,
        "relation": "R",
        "symChild": {
            "latex": ".",
            "strokeIds": [
                3
            ]
        },
        "symRoot": {
            "latex": "z",
            "strokeIds": [
                0,
                1
            ]
        }
    },
    {
        "prob": 0.7396535277366638,
        "relation": "Sup",
        "symChild": {
            "latex": ".",
            "strokeIds": [
                4
            ]
        },
        "symRoot": {
            "latex": "z",
            "strokeIds": [
                0,
                1
            ]
        }
    },
    {
        "prob": 0.9560990929603577,
        "relation": "R",
        "symChild": {
            "latex": ".",
            "strokeIds": [
                4
            ]
        },
        "symRoot": {
            "latex": ".",
            "strokeIds": [
                2
            ]
        }
    },
    {
        "prob": 0.8715099096298218,
        "relation": "R",
        "symChild": {
            "latex": ".",
            "strokeIds": [
                3
            ]
        },
        "symRoot": {
            "latex": ".",
            "strokeIds": [
                2
            ]
        }
    },
    {
        "prob": 0.9987466335296631,
        "relation": "R",
        "symChild": {
            "latex": "-",
            "strokeIds": [
                5
            ]
        },
        "symRoot": {
            "latex": ".",
            "strokeIds": [
                3
            ]
        }
    },
    {
        "prob": 0.8043302297592163,
        "relation": "R",
        "symChild": {
            "latex": "h",
            "strokeIds": [
                6
            ]
        },
        "symRoot": {
            "latex": ".",
            "strokeIds": [
                3
            ]
        }
    },
    {
        "prob": 0.9927307963371277,
        "relation": "R",
        "symChild": {
            "latex": ".",
            "strokeIds": [
                3
            ]
        },
        "symRoot": {
            "latex": ".",
            "strokeIds": [
                4
            ]
        }
    },
    {
        "prob": 0.9997826218605042,
        "relation": "R",
        "symChild": {
            "latex": "h",
            "strokeIds": [
                6
            ]
        },
        "symRoot": {
            "latex": "-",
            "strokeIds": [
                5
            ]
        }
    }
]
