[
    {
        "prob": 0.5448574423789978,
        "relation": "R",
        "symChild": {
            "latex": "c",
            "strokeIds": [
                1
            ]
        },
        "symRoot": {
            "latex": "s",
            "strokeIds": [
                0
            ]
        }
    },
    {
        "prob": 0.44082891941070557,
        "relation": "Sub",
        "symChild": {
            "latex": "c",
            "strokeIds": [
                1
            ]
        },
        "symRoot": {
            "latex": "s",
            "strokeIds": [
                0
            ]
        }
    },
    {
        "prob": 0.9765422344207764,
        "relation": "Sub",
        "symChild": {
            "latex": "z",
            "strokeIds": [
                2
            ]
        },
        "symRoot": {
            "latex": "s",
            "strokeIds": [
                0
            ]
        }
    },
    {
        "prob": 0.652107834815979,
        "relation": "Sub",
        "symChild": {
            "latex": "z",
            "strokeIds": [
                2
            ]
        },
        "symRoot": {
            "latex": "c",
            "strokeIds": [
                1
            ]
        }
    }
]
