[
    {
        "prob": 0.9998252987861633,
        "relation": "R",
        "symChild": {
            "latex": ".",
            "strokeIds": [
                1
            ]
        },
        "symRoot": {
            "latex": "7",
            "strokeIds": [
                0
            ]
        }
    },
    {
        "prob": 0.9999794960021973,
        "relation": "R",
        "symChild": {
            "latex": "4",
            "strokeIds": [
                2,
                3
            ]
        },
        "symRoot": {
            "latex": ".",
            "strokeIds": [
                1
            ]
        }
    }
]
