[
    {
        "prob": 0.9999768733978271,
        "relation": "R",
        "symChild": {
            "latex": "w",
            "strokeIds": [
                1
            ]
        },
        "symRoot": {
            "latex": "-",
            "strokeIds": [
                0
            ]
        }
    },
    {
        "prob": 0.8199467062950134,
        "relation": "R",
        "symChild": {
            "latex": ".",
            "strokeIds": [
                9
            ]
        },
        "symRoot": {
            "latex": "-",
            "strokeIds": [
                0
            ]
        }
    },
    {
        "prob": 0.9999140501022339,
        "relation": "R",
        "symChild": {
            "latex": "+",
            "strokeIds": [
                2,
                3
            ]
        },
        "symRoot": {
            "latex": "w",
            "strokeIds": [
                1
            ]
        }
    },
    {
        "prob": 0.9968554973602295,
        "relation": "R",
        "symChild": {
            "latex": "4",
            "strokeIds": [
                4,
                5
            ]
        },
        "symRoot": {
            "latex": "w",
            "strokeIds": [
                1
            ]
        }
    },
    {
        "prob": 0.9999791383743286,
        "relation": "R",
        "symChild": {
            "latex": "4",
            "strokeIds": [
                4,
                5
            ]
        },
        "symRoot": {
            "latex": "+",
            "strokeIds": [
                2,
                3
            ]
        }
    },
    {
        "prob": 0.9999872446060181,
        "relation": "R",
        "symChild": {
            "latex": ".",
            "strokeIds": [
                6
            ]
        },
        "symRoot": {
            "latex": "4",
            "strokeIds": [
                4,
                5
            ]
        }
    },
    {
        "prob": 0.9998880624771118,
        "relation": "R",
        "symChild": {
            "latex": "6",
            "strokeIds": [
                7
            ]
        },
        "symRoot": {
            "latex": "4",
            "strokeIds": [
                4,
                5
            ]
        }
    },
    {
        "prob": 0.9999635219573975,
        "relation": "R",
        "symChild": {
            "latex": "6",
            "strokeIds": [
                7
            ]
        },
        "symRoot": {
            "latex": ".",
            "strokeIds": [
                6
            ]
        }
    },
    {
        "prob": 0.9996984004974365,
        "relation": "R",
        "symChild": {
            "latex": ".",
            "strokeIds": [
                9
            ]
        },
        "symRoot": {
            "latex": ".",
            "strokeIds": [
                8
            ]
        }
    },
    {
        "prob": 0.8057653307914734,
        "relation": "R",
        "symChild": {
            "latex": ".",
            "strokeIds": [
                10
            ]
        },
        "symRoot": {
            "latex": ".",
            "strokeIds": [
                8
            ]
        }
    },
    {
        "prob": 0.9997730851173401,
        "relation": "R",
        "symChild": {
            "latex": ".",
            "strokeIds": [
                10
            ]
        },
        "symRoot": {
            "latex": ".",
            "strokeIds": [
                9
            ]
        }
    }
]
