[
    {
        "prob": 0.7379670143127441,
        "relation": "R",
        "symChild": {
            "latex": "(",
            "strokeIds": [
                6
            ]
        },
        "symRoot": {
            "latex": "T",
            "strokeIds": [
                0,
                1
            ]
        }
    },
    {
        "prob": 0.9985324144363403,
        "relation": "Sup",
        "symChild": {
            "latex": "c",
            "strokeIds": [
                2
            ]
        },
        "symRoot": {
            "latex": "T",
            "strokeIds": [
                0,
                1
            ]
        }
    },
    {
        "prob": 0.9993208646774292,
        "relation": "R",
        "symChild": {
            "latex": "+",
            "strokeIds": [
                3,
                4
            ]
        },
        "symRoot": {
            "latex": "c",
            "strokeIds": [
                2
            ]
        }
    },
    {
        "prob": 0.7993080019950867,
        "relation": "R",
        "symChild": {
            "latex": "L",
            "strokeIds": [
                5
            ]
        },
        "symRoot": {
            "latex": "c",
            "strokeIds": [
                2
            ]
        }
    },
    {
        "prob": 0.9998575448989868,
        "relation": "R",
        "symChild": {
            "latex": "L",
            "strokeIds": [
                5
            ]
        },
        "symRoot": {
            "latex": "+",
            "strokeIds": [
                3,
                4
            ]
        }
    },
    {
        "prob": 0.998602569103241,
        "relation": "R",
        "symChild": {
            "latex": "m",
            "strokeIds": [
                7
            ]
        },
        "symRoot": {
            "latex": "(",
            "strokeIds": [
                6
            ]
        }
    },
    {
        "prob": 0.9994507431983948,
        "relation": "R",
        "symChild": {
            "latex": ")",
            "strokeIds": [
                8
            ]
        },
        "symRoot": {
            "latex": "m",
            "strokeIds": [
                7
            ]
        }
    }
]
