[
    {
        "prob": 0.9999775886535645,
        "relation": "R",
        "symChild": {
            "latex": ".",
            "strokeIds": [
                1
            ]
        },
        "symRoot": {
            "latex": "7",
            "strokeIds": [
                0
            ]
        }
    },
    {
        "prob": 0.9987615346908569,
        "relation": "R",
        "symChild": {
            "latex": "1",
            "strokeIds": [
                2
            ]
        },
        "symRoot": {
            "latex": "7",
            "strokeIds": [
                0
            ]
        }
    },
    {
        "prob": 0.9999593496322632,
        "relation": "R",
        "symChild": {
            "latex": "1",
            "strokeIds": [
                2
            ]
        },
        "symRoot": {
            "latex": ".",
            "strokeIds": [
                1
            ]
        }
    }
]
