[
    {
        "prob": 0.9989041090011597,
        "relation": "Sub",
        "symChild": {
            "latex": "z",
            "strokeIds": [
                3
            ]
        },
        "symRoot": {
            "latex": "Y",
            "strokeIds": [
                0,
                1,
                2
            ]
        }
    },
    {
        "prob": 0.9920254349708557,
        "relation": "Sub",
        "symChild": {
            "latex": "H",
            "strokeIds": [
                4,
                5,
                6
            ]
        },
        "symRoot": {
            "latex": "Y",
            "strokeIds": [
                0,
                1,
                2
            ]
        }
    },
    {
        "prob": 0.7747766375541687,
        "relation": "Sub",
        "symChild": {
            "latex": "o",
            "strokeIds": [
                7
            ]
        },
        "symRoot": {
            "latex": "Y",
            "strokeIds": [
                0,
                1,
                2
            ]
        }
    },
    {
        "prob": 0.32145142555236816,
        "relation": "R",
        "symChild": {
            "latex": "H",
            "strokeIds": [
                4,
                5,
                6
            ]
        },
        "symRoot": {
            "latex": "z",
            "strokeIds": [
                3
            ]
        }
    },
    {
        "prob": 0.8576987981796265,
        "relation": "Sub",
        "symChild": {
            "latex": "o",
            "strokeIds": [
                7
            ]
        },
        "symRoot": {
            "latex": "H",
            "strokeIds": [
                4,
                5,
                6
            ]
        }
    }
]
