[
    {
        "prob": 0.993633508682251,
        "relation": "Be",
        "symChild": {
            "latex": "v",
            "strokeIds": [
                3
            ]
        },
        "symRoot": {
            "latex": "-",
            "strokeIds": [
                2
            ]
        }
    },
    {
        "prob": 0.843798041343689,
        "relation": "Be",
        "symChild": {
            "latex": "g",
            "strokeIds": [
                4
            ]
        },
        "symRoot": {
            "latex": "-",
            "strokeIds": [
                2
            ]
        }
    },
    {
        "prob": 0.9954193830490112,
        "relation": "Ab",
        "symChild": {
            "latex": "A",
            "strokeIds": [
                0,
                1
            ]
        },
        "symRoot": {
            "latex": "-",
            "strokeIds": [
                2
            ]
        }
    },
    {
        "prob": 0.9989885687828064,
        "relation": "Sup",
        "symChild": {
            "latex": "g",
            "strokeIds": [
                4
            ]
        },
        "symRoot": {
            "latex": "v",
            "strokeIds": [
                3
            ]
        }
    }
]
