[
    {
        "prob": 0.9998900890350342,
        "relation": "R",
        "symChild": {
            "latex": ".",
            "strokeIds": [
                2
            ]
        },
        "symRoot": {
            "latex": "5",
            "strokeIds": [
                0,
                1
            ]
        }
    },
    {
        "prob": 0.9990476965904236,
        "relation": "R",
        "symChild": {
            "latex": "2",
            "strokeIds": [
                3
            ]
        },
        "symRoot": {
            "latex": "5",
            "strokeIds": [
                0,
                1
            ]
        }
    },
    {
        "prob": 0.9999877214431763,
        "relation": "R",
        "symChild": {
            "latex": "2",
            "strokeIds": [
                3
            ]
        },
        "symRoot": {
            "latex": ".",
            "strokeIds": [
                2
            ]
        }
    }
]
