[
    {
        "prob": 0.9862198829650879,
        "relation": "R",
        "symChild": {
            "latex": "(",
            "strokeIds": [
                3
            ]
        },
        "symRoot": {
            "latex": "f",
            "strokeIds": [
                0,
                1
            ]
        }
    },
    {
        "prob": 0.890746533870697,
        "relation": "R",
        "symChild": {
            "latex": "w",
            "strokeIds": [
                4
            ]
        },
        "symRoot": {
            "latex": "f",
            "strokeIds": [
                0,
                1
            ]
        }
    },
    {
        "prob": 0.4759356677532196,
        "relation": "R",
        "symChild": {
            "latex": ")",
            "strokeIds": [
                5
            ]
        },
        "symRoot": {
            "latex": "f",
            "strokeIds": [
                0,
                1
            ]
        }
    },
    {
        "prob": 0.999733030796051,
        "relation": "Sup",
        "symChild": {
            "latex": "k",
            "strokeIds": [
                2
            ]
        },
        "symRoot": {
            "latex": "f",
            "strokeIds": [
                0,
                1
            ]
        }
    },
    {
        "prob": 0.9999728202819824,
        "relation": "R",
        "symChild": {
            "latex": "w",
            "strokeIds": [
                4
            ]
        },
        "symRoot": {
            "latex": "(",
            "strokeIds": [
                3
            ]
        }
    },
    {
        "prob": 0.9991927742958069,
        "relation": "R",
        "symChild": {
            "latex": ")",
            "strokeIds": [
                5
            ]
        },
        "symRoot": {
            "latex": "w",
            "strokeIds": [
                4
            ]
        }
    }
]
