[
    {
        "prob": 0.9998767375946045,
        "relation": "R",
        "symChild": {
            "latex": ".",
            "strokeIds": [
                1
            ]
        },
        "symRoot": {
            "latex": ".",
            "strokeIds": [
                0
            ]
        }
    },
    {
        "prob": 0.9974260926246643,
        "relation": "R",
        "symChild": {
            "latex": ".",
            "strokeIds": [
                2
            ]
        },
        "symRoot": {
            "latex": ".",
            "strokeIds": [
                0
            ]
        }
    },
    {
        "prob": 0.9999653100967407,
        "relation": "R",
        "symChild": {
            "latex": ".",
            "strokeIds": [
                2
            ]
        },
        "symRoot": {
            "latex": ".",
            "strokeIds": [
                1
            ]
        }
    },
    {
        "prob": 0.9999265670776367,
        "relation": "R",
        "symChild": {
            "latex": "+",
            "strokeIds": [
                3,
                4
            ]
        },
        "symRoot": {
            "latex": ".",
            "strokeIds": [
                2
            ]
        }
    },
    {
        "prob": 0.9998822212219238,
        "relation": "R",
        "symChild": {
            "latex": "o",
            "strokeIds": [
                5
            ]
        },
        "symRoot": {
            "latex": "+",
            "strokeIds": [
                3,
                4
            ]
        }
    }
]
