[
    {
        "prob": 0.9972339272499084,
        "relation": "R",
        "symChild": {
            "latex": "[",
            "strokeIds": [
                2
            ]
        },
        "symRoot": {
            "latex": "\\sum",
            "strokeIds": [
                0,
                1
            ]
        }
    },
    {
        "prob": 0.31570935249328613,
        "relation": "R",
        "symChild": {
            "latex": "C",
            "strokeIds": [
                3,
                4
            ]
        },
        "symRoot": {
            "latex": "\\sum",
            "strokeIds": [
                0,
                1
            ]
        }
    },
    {
        "prob": 0.9965916872024536,
        "relation": "Be",
        "symChild": {
            "latex": "9",
            "strokeIds": [
                6
            ]
        },
        "symRoot": {
            "latex": "\\sum",
            "strokeIds": [
                0,
                1
            ]
        }
    },
    {
        "prob": 0.9993533492088318,
        "relation": "R",
        "symChild": {
            "latex": "C",
            "strokeIds": [
                3,
                4
            ]
        },
        "symRoot": {
            "latex": "[",
            "strokeIds": [
                2
            ]
        }
    },
    {
        "prob": 0.9994381070137024,
        "relation": "R",
        "symChild": {
            "latex": "]",
            "strokeIds": [
                5
            ]
        },
        "symRoot": {
            "latex": "C",
            "strokeIds": [
                3,
                4
            ]
        }
    },
    {
        "prob": 0.9958393573760986,
        "relation": "R",
        "symChild": {
            "latex": "\\geq",
            "strokeIds": [
                7,
                8,
                9
            ]
        },
        "symRoot": {
            "latex": "9",
            "strokeIds": [
                6
            ]
        }
    },
    {
        "prob": 0.5567889213562012,
        "relation": "R",
        "symChild": {
            "latex": "E",
            "strokeIds": [
                10,
                11,
                12
            ]
        },
        "symRoot": {
            "latex": "9",
            "strokeIds": [
                6
            ]
        }
    },
    {
        "prob": 0.9797903299331665,
        "relation": "R",
        "symChild": {
            "latex": "E",
            "strokeIds": [
                10,
                11,
                12
            ]
        },
        "symRoot": {
            "latex": "\\geq",
            "strokeIds": [
                7,
                8,
                9
            ]
        }
    }
]
