[
    {
        "prob": 0.9999816417694092,
        "relation": "R",
        "symChild": {
            "latex": ".",
            "strokeIds": [
                1
            ]
        },
        "symRoot": {
            "latex": "1",
            "strokeIds": [
                0
            ]
        }
    },
    {
        "prob": 0.9999631643295288,
        "relation": "R",
        "symChild": {
            "latex": "3",
            "strokeIds": [
                2
            ]
        },
        "symRoot": {
            "latex": "1",
            "strokeIds": [
                0
            ]
        }
    },
    {
        "prob": 0.999994158744812,
        "relation": "R",
        "symChild": {
            "latex": "3",
            "strokeIds": [
                2
            ]
        },
        "symRoot": {
            "latex": ".",
            "strokeIds": [
                1
            ]
        }
    }
]
