[
    {
        "prob": 0.9999468326568604,
        "relation": "R",
        "symChild": {
            "latex": ".",
            "strokeIds": [
                1
            ]
        },
        "symRoot": {
            "latex": "0",
            "strokeIds": [
                0
            ]
        }
    },
    {
        "prob": 0.9986904263496399,
        "relation": "R",
        "symChild": {
            "latex": "4",
            "strokeIds": [
                2,
                3
            ]
        },
        "symRoot": {
            "latex": "0",
            "strokeIds": [
                0
            ]
        }
    },
    {
        "prob": 0.9999876022338867,
        "relation": "R",
        "symChild": {
            "latex": "4",
            "strokeIds": [
                2,
                3
            ]
        },
        "symRoot": {
            "latex": ".",
            "strokeIds": [
                1
            ]
        }
    }
]
