[
    {
        "prob": 0.9974421262741089,
        "relation": "R",
        "symChild": {
            "latex": "+",
            "strokeIds": [
                2,
                3
            ]
        },
        "symRoot": {
            "latex": "i",
            "strokeIds": [
                0,
                1
            ]
        }
    },
    {
        "prob": 0.9985935091972351,
        "relation": "R",
        "symChild": {
            "latex": "h",
            "strokeIds": [
                4
            ]
        },
        "symRoot": {
            "latex": "+",
            "strokeIds": [
                2,
                3
            ]
        }
    },
    {
        "prob": 0.9963233470916748,
        "relation": "Be",
        "symChild": {
            "latex": "j",
            "strokeIds": [
                6,
                7
            ]
        },
        "symRoot": {
            "latex": "-",
            "strokeIds": [
                5
            ]
        }
    },
    {
        "prob": 0.9600422382354736,
        "relation": "Be",
        "symChild": {
            "latex": "\\lambda",
            "strokeIds": [
                8,
                9
            ]
        },
        "symRoot": {
            "latex": "-",
            "strokeIds": [
                5
            ]
        }
    },
    {
        "prob": 0.9912748336791992,
        "relation": "Ab",
        "symChild": {
            "latex": "i",
            "strokeIds": [
                0,
                1
            ]
        },
        "symRoot": {
            "latex": "-",
            "strokeIds": [
                5
            ]
        }
    },
    {
        "prob": 0.9739412665367126,
        "relation": "Ab",
        "symChild": {
            "latex": "+",
            "strokeIds": [
                2,
                3
            ]
        },
        "symRoot": {
            "latex": "-",
            "strokeIds": [
                5
            ]
        }
    },
    {
        "prob": 0.972399890422821,
        "relation": "Ab",
        "symChild": {
            "latex": "h",
            "strokeIds": [
                4
            ]
        },
        "symRoot": {
            "latex": "-",
            "strokeIds": [
                5
            ]
        }
    },
    {
        "prob": 0.9842913150787354,
        "relation": "Sup",
        "symChild": {
            "latex": "\\lambda",
            "strokeIds": [
                8,
                9
            ]
        },
        "symRoot": {
            "latex": "j",
            "strokeIds": [
                6,
                7
            ]
        }
    }
]
