[
    {
        "prob": 0.9995155334472656,
        "relation": "R",
        "symChild": {
            "latex": "f",
            "strokeIds": [
                1,
                2
            ]
        },
        "symRoot": {
            "latex": "-",
            "strokeIds": [
                0
            ]
        }
    },
    {
        "prob": 0.9945145845413208,
        "relation": "Sup",
        "symChild": {
            "latex": "w",
            "strokeIds": [
                3,
                4
            ]
        },
        "symRoot": {
            "latex": "f",
            "strokeIds": [
                1,
                2
            ]
        }
    }
]
