[
    {
        "prob": 0.9748518466949463,
        "relation": "R",
        "symChild": {
            "latex": "(",
            "strokeIds": [
                3,
                4
            ]
        },
        "symRoot": {
            "latex": "\\cos",
            "strokeIds": [
                0,
                1,
                2
            ]
        }
    },
    {
        "prob": 0.6941009163856506,
        "relation": "R",
        "symChild": {
            "latex": ")",
            "strokeIds": [
                5
            ]
        },
        "symRoot": {
            "latex": "\\cos",
            "strokeIds": [
                0,
                1,
                2
            ]
        }
    },
    {
        "prob": 0.9956784844398499,
        "relation": "R",
        "symChild": {
            "latex": ")",
            "strokeIds": [
                5
            ]
        },
        "symRoot": {
            "latex": "(",
            "strokeIds": [
                3,
                4
            ]
        }
    },
    {
        "prob": 0.9942721128463745,
        "relation": "R",
        "symChild": {
            "latex": "=",
            "strokeIds": [
                6,
                7
            ]
        },
        "symRoot": {
            "latex": "(",
            "strokeIds": [
                3,
                4
            ]
        }
    },
    {
        "prob": 0.9992862343788147,
        "relation": "R",
        "symChild": {
            "latex": "=",
            "strokeIds": [
                6,
                7
            ]
        },
        "symRoot": {
            "latex": ")",
            "strokeIds": [
                5
            ]
        }
    },
    {
        "prob": 0.9226267337799072,
        "relation": "R",
        "symChild": {
            "latex": "1",
            "strokeIds": [
                8
            ]
        },
        "symRoot": {
            "latex": ")",
            "strokeIds": [
                5
            ]
        }
    },
    {
        "prob": 0.9997239708900452,
        "relation": "R",
        "symChild": {
            "latex": "1",
            "strokeIds": [
                8
            ]
        },
        "symRoot": {
            "latex": "=",
            "strokeIds": [
                6,
                7
            ]
        }
    }
]
