[
    {
        "prob": 0.9960615038871765,
        "relation": "R",
        "symChild": {
            "latex": "+",
            "strokeIds": [
                3,
                4
            ]
        },
        "symRoot": {
            "latex": "x",
            "strokeIds": [
                0,
                1
            ]
        }
    },
    {
        "prob": 0.9761685729026794,
        "relation": "R",
        "symChild": {
            "latex": "y",
            "strokeIds": [
                5
            ]
        },
        "symRoot": {
            "latex": "x",
            "strokeIds": [
                0,
                1
            ]
        }
    },
    {
        "prob": 0.9414994120597839,
        "relation": "R",
        "symChild": {
            "latex": "=",
            "strokeIds": [
                7,
                8
            ]
        },
        "symRoot": {
            "latex": "x",
            "strokeIds": [
                0,
                1
            ]
        }
    },
    {
        "prob": 0.9998519420623779,
        "relation": "Sup",
        "symChild": {
            "latex": "2",
            "strokeIds": [
                2
            ]
        },
        "symRoot": {
            "latex": "x",
            "strokeIds": [
                0,
                1
            ]
        }
    },
    {
        "prob": 0.9999631643295288,
        "relation": "R",
        "symChild": {
            "latex": "y",
            "strokeIds": [
                5
            ]
        },
        "symRoot": {
            "latex": "+",
            "strokeIds": [
                3,
                4
            ]
        }
    },
    {
        "prob": 0.9994099140167236,
        "relation": "R",
        "symChild": {
            "latex": "=",
            "strokeIds": [
                7,
                8
            ]
        },
        "symRoot": {
            "latex": "y",
            "strokeIds": [
                5
            ]
        }
    },
    {
        "prob": 0.9208700060844421,
        "relation": "R",
        "symChild": {
            "latex": "z",
            "strokeIds": [
                9,
                10
            ]
        },
        "symRoot": {
            "latex": "y",
            "strokeIds": [
                5
            ]
        }
    },
    {
        "prob": 0.9997870326042175,
        "relation": "Sup",
        "symChild": {
            "latex": "2",
            "strokeIds": [
                6
            ]
        },
        "symRoot": {
            "latex": "y",
            "strokeIds": [
                5
            ]
        }
    },
    {
        "prob": 0.9996507167816162,
        "relation": "R",
        "symChild": {
            "latex": "z",
            "strokeIds": [
                9,
                10
            ]
        },
        "symRoot": {
            "latex": "=",
            "strokeIds": [
                7,
                8
            ]
        }
    },
    {
        "prob": 0.996465802192688,
        "relation": "Sup",
        "symChild": {
            "latex": "2",
            "strokeIds": [
                11
            ]
        },
        "symRoot": {
            "latex": "z",
            "strokeIds": [
                9,
                10
            ]
        }
    }
]
