[
    {
        "prob": 0.998847484588623,
        "relation": "In",
        "symChild": {
            "latex": "-",
            "strokeIds": [
                1
            ]
        },
        "symRoot": {
            "latex": "\\sqrt",
            "strokeIds": [
                0
            ]
        }
    },
    {
        "prob": 0.9837373495101929,
        "relation": "In",
        "symChild": {
            "latex": "P",
            "strokeIds": [
                2,
                3
            ]
        },
        "symRoot": {
            "latex": "\\sqrt",
            "strokeIds": [
                0
            ]
        }
    },
    {
        "prob": 0.9903032183647156,
        "relation": "In",
        "symChild": {
            "latex": "+",
            "strokeIds": [
                4,
                5
            ]
        },
        "symRoot": {
            "latex": "\\sqrt",
            "strokeIds": [
                0
            ]
        }
    },
    {
        "prob": 0.997296154499054,
        "relation": "In",
        "symChild": {
            "latex": "y",
            "strokeIds": [
                6,
                7
            ]
        },
        "symRoot": {
            "latex": "\\sqrt",
            "strokeIds": [
                0
            ]
        }
    },
    {
        "prob": 0.9997608065605164,
        "relation": "R",
        "symChild": {
            "latex": "P",
            "strokeIds": [
                2,
                3
            ]
        },
        "symRoot": {
            "latex": "-",
            "strokeIds": [
                1
            ]
        }
    },
    {
        "prob": 0.9998841285705566,
        "relation": "R",
        "symChild": {
            "latex": "+",
            "strokeIds": [
                4,
                5
            ]
        },
        "symRoot": {
            "latex": "P",
            "strokeIds": [
                2,
                3
            ]
        }
    },
    {
        "prob": 0.9300717115402222,
        "relation": "R",
        "symChild": {
            "latex": "y",
            "strokeIds": [
                6,
                7
            ]
        },
        "symRoot": {
            "latex": "P",
            "strokeIds": [
                2,
                3
            ]
        }
    },
    {
        "prob": 0.9999854564666748,
        "relation": "R",
        "symChild": {
            "latex": "y",
            "strokeIds": [
                6,
                7
            ]
        },
        "symRoot": {
            "latex": "+",
            "strokeIds": [
                4,
                5
            ]
        }
    }
]
