[
    {
        "prob": 0.9998476505279541,
        "relation": "R",
        "symChild": {
            "latex": "\\int",
            "strokeIds": [
                1
            ]
        },
        "symRoot": {
            "latex": "-",
            "strokeIds": [
                0
            ]
        }
    },
    {
        "prob": 0.7436411380767822,
        "relation": "R",
        "symChild": {
            "latex": "n",
            "strokeIds": [
                5
            ]
        },
        "symRoot": {
            "latex": "\\int",
            "strokeIds": [
                1
            ]
        }
    },
    {
        "prob": 0.8449633717536926,
        "relation": "R",
        "symChild": {
            "latex": "d",
            "strokeIds": [
                6
            ]
        },
        "symRoot": {
            "latex": "\\int",
            "strokeIds": [
                1
            ]
        }
    },
    {
        "prob": 0.5209262371063232,
        "relation": "R",
        "symChild": {
            "latex": "X",
            "strokeIds": [
                7,
                8
            ]
        },
        "symRoot": {
            "latex": "\\int",
            "strokeIds": [
                1
            ]
        }
    },
    {
        "prob": 0.9964849948883057,
        "relation": "Sub",
        "symChild": {
            "latex": "2",
            "strokeIds": [
                4
            ]
        },
        "symRoot": {
            "latex": "\\int",
            "strokeIds": [
                1
            ]
        }
    },
    {
        "prob": 0.9870490431785583,
        "relation": "Sup",
        "symChild": {
            "latex": "i",
            "strokeIds": [
                2,
                3
            ]
        },
        "symRoot": {
            "latex": "\\int",
            "strokeIds": [
                1
            ]
        }
    },
    {
        "prob": 0.955407977104187,
        "relation": "R",
        "symChild": {
            "latex": "d",
            "strokeIds": [
                6
            ]
        },
        "symRoot": {
            "latex": "n",
            "strokeIds": [
                5
            ]
        }
    },
    {
        "prob": 0.8531275391578674,
        "relation": "R",
        "symChild": {
            "latex": "X",
            "strokeIds": [
                7,
                8
            ]
        },
        "symRoot": {
            "latex": "n",
            "strokeIds": [
                5
            ]
        }
    },
    {
        "prob": 0.99892657995224,
        "relation": "R",
        "symChild": {
            "latex": "X",
            "strokeIds": [
                7,
                8
            ]
        },
        "symRoot": {
            "latex": "d",
            "strokeIds": [
                6
            ]
        }
    }
]
