[
    {
        "prob": 0.9994754195213318,
        "relation": "R",
        "symChild": {
            "latex": "(",
            "strokeIds": [
                2
            ]
        },
        "symRoot": {
            "latex": "\\sum",
            "strokeIds": [
                0,
                1
            ]
        }
    },
    {
        "prob": 0.9959064722061157,
        "relation": "R",
        "symChild": {
            "latex": "h",
            "strokeIds": [
                3
            ]
        },
        "symRoot": {
            "latex": "\\sum",
            "strokeIds": [
                0,
                1
            ]
        }
    },
    {
        "prob": 0.41044825315475464,
        "relation": "R",
        "symChild": {
            "latex": ")",
            "strokeIds": [
                4
            ]
        },
        "symRoot": {
            "latex": "\\sum",
            "strokeIds": [
                0,
                1
            ]
        }
    },
    {
        "prob": 0.9998961687088013,
        "relation": "R",
        "symChild": {
            "latex": "h",
            "strokeIds": [
                3
            ]
        },
        "symRoot": {
            "latex": "(",
            "strokeIds": [
                2
            ]
        }
    },
    {
        "prob": 0.9994589686393738,
        "relation": "R",
        "symChild": {
            "latex": ")",
            "strokeIds": [
                4
            ]
        },
        "symRoot": {
            "latex": "h",
            "strokeIds": [
                3
            ]
        }
    }
]
