[
    {
        "prob": 0.9998502731323242,
        "relation": "R",
        "symChild": {
            "latex": "-",
            "strokeIds": [
                1
            ]
        },
        "symRoot": {
            "latex": "k",
            "strokeIds": [
                0
            ]
        }
    },
    {
        "prob": 0.9975796341896057,
        "relation": "R",
        "symChild": {
            "latex": "m",
            "strokeIds": [
                2
            ]
        },
        "symRoot": {
            "latex": "k",
            "strokeIds": [
                0
            ]
        }
    },
    {
        "prob": 0.9999481439590454,
        "relation": "R",
        "symChild": {
            "latex": "m",
            "strokeIds": [
                2
            ]
        },
        "symRoot": {
            "latex": "-",
            "strokeIds": [
                1
            ]
        }
    }
]
