[
    {
        "prob": 0.9335126280784607,
        "relation": "R",
        "symChild": {
            "latex": "-",
            "strokeIds": [
                4
            ]
        },
        "symRoot": {
            "latex": "\\beta",
            "strokeIds": [
                0,
                1
            ]
        }
    },
    {
        "prob": 0.9198508858680725,
        "relation": "R",
        "symChild": {
            "latex": "f",
            "strokeIds": [
                5,
                6
            ]
        },
        "symRoot": {
            "latex": "\\beta",
            "strokeIds": [
                0,
                1
            ]
        }
    },
    {
        "prob": 0.9968066215515137,
        "relation": "Be",
        "symChild": {
            "latex": "f",
            "strokeIds": [
                5,
                6
            ]
        },
        "symRoot": {
            "latex": "-",
            "strokeIds": [
                4
            ]
        }
    },
    {
        "prob": 0.9965130686759949,
        "relation": "Ab",
        "symChild": {
            "latex": "Y",
            "strokeIds": [
                2,
                3
            ]
        },
        "symRoot": {
            "latex": "-",
            "strokeIds": [
                4
            ]
        }
    }
]
