[
    {
        "prob": 0.9999538660049438,
        "relation": "R",
        "symChild": {
            "latex": ".",
            "strokeIds": [
                2
            ]
        },
        "symRoot": {
            "latex": ".",
            "strokeIds": [
                1
            ]
        }
    },
    {
        "prob": 0.9999406337738037,
        "relation": "R",
        "symChild": {
            "latex": "Y",
            "strokeIds": [
                4,
                5
            ]
        },
        "symRoot": {
            "latex": "-",
            "strokeIds": [
                3
            ]
        }
    }
]
