[
    {
        "prob": 0.9993616938591003,
        "relation": "R",
        "symChild": {
            "latex": "s",
            "strokeIds": [
                2
            ]
        },
        "symRoot": {
            "latex": "\\sum",
            "strokeIds": [
                0,
                1
            ]
        }
    },
    {
        "prob": 0.9661130309104919,
        "relation": "R",
        "symChild": {
            "latex": "-",
            "strokeIds": [
                3
            ]
        },
        "symRoot": {
            "latex": "\\sum",
            "strokeIds": [
                0,
                1
            ]
        }
    },
    {
        "prob": 0.33753398060798645,
        "relation": "R",
        "symChild": {
            "latex": "\\pi",
            "strokeIds": [
                4,
                5,
                6
            ]
        },
        "symRoot": {
            "latex": "\\sum",
            "strokeIds": [
                0,
                1
            ]
        }
    },
    {
        "prob": 0.999728262424469,
        "relation": "R",
        "symChild": {
            "latex": "-",
            "strokeIds": [
                3
            ]
        },
        "symRoot": {
            "latex": "s",
            "strokeIds": [
                2
            ]
        }
    },
    {
        "prob": 0.9693570137023926,
        "relation": "R",
        "symChild": {
            "latex": "\\pi",
            "strokeIds": [
                4,
                5,
                6
            ]
        },
        "symRoot": {
            "latex": "s",
            "strokeIds": [
                2
            ]
        }
    },
    {
        "prob": 0.7506042718887329,
        "relation": "R",
        "symChild": {
            "latex": "H",
            "strokeIds": [
                7,
                8,
                9
            ]
        },
        "symRoot": {
            "latex": "s",
            "strokeIds": [
                2
            ]
        }
    },
    {
        "prob": 0.9999575614929199,
        "relation": "R",
        "symChild": {
            "latex": "\\pi",
            "strokeIds": [
                4,
                5,
                6
            ]
        },
        "symRoot": {
            "latex": "-",
            "strokeIds": [
                3
            ]
        }
    },
    {
        "prob": 0.5833836793899536,
        "relation": "R",
        "symChild": {
            "latex": "H",
            "strokeIds": [
                7,
                8,
                9
            ]
        },
        "symRoot": {
            "latex": "-",
            "strokeIds": [
                3
            ]
        }
    },
    {
        "prob": 0.9990314245223999,
        "relation": "R",
        "symChild": {
            "latex": "H",
            "strokeIds": [
                7,
                8,
                9
            ]
        },
        "symRoot": {
            "latex": "\\pi",
            "strokeIds": [
                4,
                5,
                6
            ]
        }
    }
]
