[
    {
        "prob": 0.9997286200523376,
        "relation": "R",
        "symChild": {
            "latex": "\\theta",
            "strokeIds": [
                2
            ]
        },
        "symRoot": {
            "latex": "\\alpha",
            "strokeIds": [
                0
            ]
        }
    },
    {
        "prob": 0.7225073575973511,
        "relation": "R",
        "symChild": {
            "latex": "c",
            "strokeIds": [
                3
            ]
        },
        "symRoot": {
            "latex": "\\alpha",
            "strokeIds": [
                0
            ]
        }
    },
    {
        "prob": 0.7952558994293213,
        "relation": "R",
        "symChild": {
            "latex": "1",
            "strokeIds": [
                7
            ]
        },
        "symRoot": {
            "latex": "\\alpha",
            "strokeIds": [
                0
            ]
        }
    },
    {
        "prob": 0.8809756636619568,
        "relation": "Sup",
        "symChild": {
            "latex": "\\pi",
            "strokeIds": [
                4,
                5,
                6
            ]
        },
        "symRoot": {
            "latex": "\\alpha",
            "strokeIds": [
                0
            ]
        }
    },
    {
        "prob": 0.9994198083877563,
        "relation": "Sup",
        "symChild": {
            "latex": "b",
            "strokeIds": [
                1
            ]
        },
        "symRoot": {
            "latex": "\\alpha",
            "strokeIds": [
                0
            ]
        }
    },
    {
        "prob": 0.9663392901420593,
        "relation": "R",
        "symChild": {
            "latex": "c",
            "strokeIds": [
                3
            ]
        },
        "symRoot": {
            "latex": "\\theta",
            "strokeIds": [
                2
            ]
        }
    },
    {
        "prob": 0.7718186974525452,
        "relation": "R",
        "symChild": {
            "latex": "1",
            "strokeIds": [
                7
            ]
        },
        "symRoot": {
            "latex": "\\theta",
            "strokeIds": [
                2
            ]
        }
    }
]
