[
    {
        "prob": 0.994436502456665,
        "relation": "R",
        "symChild": {
            "latex": "-",
            "strokeIds": [
                3
            ]
        },
        "symRoot": {
            "latex": "i",
            "strokeIds": [
                0,
                1,
                2
            ]
        }
    },
    {
        "prob": 0.9509469270706177,
        "relation": "R",
        "symChild": {
            "latex": "-",
            "strokeIds": [
                4
            ]
        },
        "symRoot": {
            "latex": "i",
            "strokeIds": [
                0,
                1,
                2
            ]
        }
    },
    {
        "prob": 0.632513165473938,
        "relation": "R",
        "symChild": {
            "latex": "\\neq",
            "strokeIds": [
                7,
                8,
                9
            ]
        },
        "symRoot": {
            "latex": "i",
            "strokeIds": [
                0,
                1,
                2
            ]
        }
    },
    {
        "prob": 0.9998968839645386,
        "relation": "R",
        "symChild": {
            "latex": "-",
            "strokeIds": [
                4
            ]
        },
        "symRoot": {
            "latex": "-",
            "strokeIds": [
                3
            ]
        }
    },
    {
        "prob": 0.999915599822998,
        "relation": "R",
        "symChild": {
            "latex": "\\neq",
            "strokeIds": [
                7,
                8,
                9
            ]
        },
        "symRoot": {
            "latex": "-",
            "strokeIds": [
                4
            ]
        }
    },
    {
        "prob": 0.9986501336097717,
        "relation": "R",
        "symChild": {
            "latex": "c",
            "strokeIds": [
                10
            ]
        },
        "symRoot": {
            "latex": "-",
            "strokeIds": [
                4
            ]
        }
    },
    {
        "prob": 0.9993607401847839,
        "relation": "Be",
        "symChild": {
            "latex": "1",
            "strokeIds": [
                5
            ]
        },
        "symRoot": {
            "latex": "-",
            "strokeIds": [
                4
            ]
        }
    },
    {
        "prob": 0.9981186985969543,
        "relation": "Ab",
        "symChild": {
            "latex": "w",
            "strokeIds": [
                6
            ]
        },
        "symRoot": {
            "latex": "-",
            "strokeIds": [
                4
            ]
        }
    },
    {
        "prob": 0.6052436232566833,
        "relation": "R",
        "symChild": {
            "latex": "c",
            "strokeIds": [
                10
            ]
        },
        "symRoot": {
            "latex": "1",
            "strokeIds": [
                5
            ]
        }
    },
    {
        "prob": 0.999653697013855,
        "relation": "R",
        "symChild": {
            "latex": "c",
            "strokeIds": [
                10
            ]
        },
        "symRoot": {
            "latex": "\\neq",
            "strokeIds": [
                7,
                8,
                9
            ]
        }
    }
]
