[
    {
        "prob": 0.9986805319786072,
        "relation": "R",
        "symChild": {
            "latex": "h",
            "strokeIds": [
                3
            ]
        },
        "symRoot": {
            "latex": "\\cos",
            "strokeIds": [
                0,
                1,
                2
            ]
        }
    },
    {
        "prob": 0.9984580278396606,
        "relation": "Sup",
        "symChild": {
            "latex": "i",
            "strokeIds": [
                4,
                5
            ]
        },
        "symRoot": {
            "latex": "h",
            "strokeIds": [
                3
            ]
        }
    }
]
