[
    {
        "prob": 0.9999743700027466,
        "relation": "R",
        "symChild": {
            "latex": "f",
            "strokeIds": [
                1
            ]
        },
        "symRoot": {
            "latex": "[",
            "strokeIds": [
                0
            ]
        }
    },
    {
        "prob": 0.9096423387527466,
        "relation": "R",
        "symChild": {
            "latex": "]",
            "strokeIds": [
                2
            ]
        },
        "symRoot": {
            "latex": "[",
            "strokeIds": [
                0
            ]
        }
    },
    {
        "prob": 0.9997766613960266,
        "relation": "R",
        "symChild": {
            "latex": "]",
            "strokeIds": [
                2
            ]
        },
        "symRoot": {
            "latex": "f",
            "strokeIds": [
                1
            ]
        }
    }
]
