[
    {
        "prob": 0.9998955726623535,
        "relation": "R",
        "symChild": {
            "latex": "7",
            "strokeIds": [
                2,
                3
            ]
        },
        "symRoot": {
            "latex": "7",
            "strokeIds": [
                0,
                1
            ]
        }
    },
    {
        "prob": 0.9988126754760742,
        "relation": "R",
        "symChild": {
            "latex": ".",
            "strokeIds": [
                4
            ]
        },
        "symRoot": {
            "latex": "7",
            "strokeIds": [
                0,
                1
            ]
        }
    },
    {
        "prob": 0.9084120988845825,
        "relation": "R",
        "symChild": {
            "latex": "1",
            "strokeIds": [
                5
            ]
        },
        "symRoot": {
            "latex": "7",
            "strokeIds": [
                0,
                1
            ]
        }
    },
    {
        "prob": 0.9999027252197266,
        "relation": "R",
        "symChild": {
            "latex": ".",
            "strokeIds": [
                4
            ]
        },
        "symRoot": {
            "latex": "7",
            "strokeIds": [
                2,
                3
            ]
        }
    },
    {
        "prob": 0.9124508500099182,
        "relation": "R",
        "symChild": {
            "latex": "1",
            "strokeIds": [
                5
            ]
        },
        "symRoot": {
            "latex": "7",
            "strokeIds": [
                2,
                3
            ]
        }
    },
    {
        "prob": 0.9998766183853149,
        "relation": "R",
        "symChild": {
            "latex": "1",
            "strokeIds": [
                5
            ]
        },
        "symRoot": {
            "latex": ".",
            "strokeIds": [
                4
            ]
        }
    }
]
