[
    {
        "prob": 0.9997665286064148,
        "relation": "R",
        "symChild": {
            "latex": "(",
            "strokeIds": [
                2
            ]
        },
        "symRoot": {
            "latex": "k",
            "strokeIds": [
                0,
                1
            ]
        }
    },
    {
        "prob": 0.9972161054611206,
        "relation": "R",
        "symChild": {
            "latex": "B",
            "strokeIds": [
                3,
                4
            ]
        },
        "symRoot": {
            "latex": "k",
            "strokeIds": [
                0,
                1
            ]
        }
    },
    {
        "prob": 0.9883990287780762,
        "relation": "R",
        "symChild": {
            "latex": ")",
            "strokeIds": [
                5
            ]
        },
        "symRoot": {
            "latex": "k",
            "strokeIds": [
                0,
                1
            ]
        }
    },
    {
        "prob": 0.9999551773071289,
        "relation": "R",
        "symChild": {
            "latex": "B",
            "strokeIds": [
                3,
                4
            ]
        },
        "symRoot": {
            "latex": "(",
            "strokeIds": [
                2
            ]
        }
    },
    {
        "prob": 0.9999796152114868,
        "relation": "R",
        "symChild": {
            "latex": ")",
            "strokeIds": [
                5
            ]
        },
        "symRoot": {
            "latex": "B",
            "strokeIds": [
                3,
                4
            ]
        }
    }
]
