[
    {
        "prob": 0.9997853636741638,
        "relation": "R",
        "symChild": {
            "latex": "(",
            "strokeIds": [
                4
            ]
        },
        "symRoot": {
            "latex": "\\sin",
            "strokeIds": [
                0,
                1,
                2,
                3
            ]
        }
    },
    {
        "prob": 0.9991990923881531,
        "relation": "R",
        "symChild": {
            "latex": "-",
            "strokeIds": [
                8
            ]
        },
        "symRoot": {
            "latex": "\\sin",
            "strokeIds": [
                0,
                1,
                2,
                3
            ]
        }
    },
    {
        "prob": 0.3100568652153015,
        "relation": "R",
        "symChild": {
            "latex": ")",
            "strokeIds": [
                10
            ]
        },
        "symRoot": {
            "latex": "\\sin",
            "strokeIds": [
                0,
                1,
                2,
                3
            ]
        }
    },
    {
        "prob": 0.9996242523193359,
        "relation": "R",
        "symChild": {
            "latex": "-",
            "strokeIds": [
                8
            ]
        },
        "symRoot": {
            "latex": "(",
            "strokeIds": [
                4
            ]
        }
    },
    {
        "prob": 0.8314530253410339,
        "relation": "R",
        "symChild": {
            "latex": "(",
            "strokeIds": [
                4
            ]
        },
        "symRoot": {
            "latex": "-",
            "strokeIds": [
                8
            ]
        }
    },
    {
        "prob": 0.9992792010307312,
        "relation": "R",
        "symChild": {
            "latex": ")",
            "strokeIds": [
                10
            ]
        },
        "symRoot": {
            "latex": "-",
            "strokeIds": [
                8
            ]
        }
    },
    {
        "prob": 0.7339856028556824,
        "relation": "R",
        "symChild": {
            "latex": "=",
            "strokeIds": [
                11,
                12
            ]
        },
        "symRoot": {
            "latex": "-",
            "strokeIds": [
                8
            ]
        }
    },
    {
        "prob": 0.9999724626541138,
        "relation": "Be",
        "symChild": {
            "latex": "3",
            "strokeIds": [
                9
            ]
        },
        "symRoot": {
            "latex": "-",
            "strokeIds": [
                8
            ]
        }
    },
    {
        "prob": 0.9985242486000061,
        "relation": "Ab",
        "symChild": {
            "latex": "\\pi",
            "strokeIds": [
                5,
                6,
                7
            ]
        },
        "symRoot": {
            "latex": "-",
            "strokeIds": [
                8
            ]
        }
    },
    {
        "prob": 0.9998039603233337,
        "relation": "R",
        "symChild": {
            "latex": "=",
            "strokeIds": [
                11,
                12
            ]
        },
        "symRoot": {
            "latex": ")",
            "strokeIds": [
                10
            ]
        }
    },
    {
        "prob": 0.9761679768562317,
        "relation": "R",
        "symChild": {
            "latex": "-",
            "strokeIds": [
                14
            ]
        },
        "symRoot": {
            "latex": ")",
            "strokeIds": [
                10
            ]
        }
    },
    {
        "prob": 0.9997050166130066,
        "relation": "R",
        "symChild": {
            "latex": "-",
            "strokeIds": [
                14
            ]
        },
        "symRoot": {
            "latex": "=",
            "strokeIds": [
                11,
                12
            ]
        }
    },
    {
        "prob": 0.9999922513961792,
        "relation": "Be",
        "symChild": {
            "latex": "2",
            "strokeIds": [
                15
            ]
        },
        "symRoot": {
            "latex": "-",
            "strokeIds": [
                14
            ]
        }
    },
    {
        "prob": 0.9998480081558228,
        "relation": "Ab",
        "symChild": {
            "latex": "1",
            "strokeIds": [
                13
            ]
        },
        "symRoot": {
            "latex": "-",
            "strokeIds": [
                14
            ]
        }
    }
]
