[
    {
        "prob": 0.997844934463501,
        "relation": "R",
        "symChild": {
            "latex": "\\lt",
            "strokeIds": [
                2
            ]
        },
        "symRoot": {
            "latex": "f",
            "strokeIds": [
                0,
                1
            ]
        }
    },
    {
        "prob": 0.3134629726409912,
        "relation": "R",
        "symChild": {
            "latex": "z",
            "strokeIds": [
                3
            ]
        },
        "symRoot": {
            "latex": "f",
            "strokeIds": [
                0,
                1
            ]
        }
    },
    {
        "prob": 0.9999552965164185,
        "relation": "R",
        "symChild": {
            "latex": "z",
            "strokeIds": [
                3
            ]
        },
        "symRoot": {
            "latex": "\\lt",
            "strokeIds": [
                2
            ]
        }
    },
    {
        "prob": 0.9988312125205994,
        "relation": "Sub",
        "symChild": {
            "latex": "x",
            "strokeIds": [
                4,
                5
            ]
        },
        "symRoot": {
            "latex": "z",
            "strokeIds": [
                3
            ]
        }
    }
]
