[
    {
        "prob": 0.9994176626205444,
        "relation": "R",
        "symChild": {
            "latex": "(",
            "strokeIds": [
                4
            ]
        },
        "symRoot": {
            "latex": "\\log",
            "strokeIds": [
                0,
                1,
                2
            ]
        }
    },
    {
        "prob": 0.5330894589424133,
        "relation": "R",
        "symChild": {
            "latex": "2",
            "strokeIds": [
                5
            ]
        },
        "symRoot": {
            "latex": "\\log",
            "strokeIds": [
                0,
                1,
                2
            ]
        }
    },
    {
        "prob": 0.6868481040000916,
        "relation": "R",
        "symChild": {
            "latex": ")",
            "strokeIds": [
                8
            ]
        },
        "symRoot": {
            "latex": "\\log",
            "strokeIds": [
                0,
                1,
                2
            ]
        }
    },
    {
        "prob": 0.9999717473983765,
        "relation": "Sub",
        "symChild": {
            "latex": "2",
            "strokeIds": [
                3
            ]
        },
        "symRoot": {
            "latex": "\\log",
            "strokeIds": [
                0,
                1,
                2
            ]
        }
    },
    {
        "prob": 0.9999451637268066,
        "relation": "R",
        "symChild": {
            "latex": "2",
            "strokeIds": [
                5
            ]
        },
        "symRoot": {
            "latex": "(",
            "strokeIds": [
                4
            ]
        }
    },
    {
        "prob": 0.9896919131278992,
        "relation": "R",
        "symChild": {
            "latex": ")",
            "strokeIds": [
                8
            ]
        },
        "symRoot": {
            "latex": "2",
            "strokeIds": [
                5
            ]
        }
    },
    {
        "prob": 0.8653307557106018,
        "relation": "R",
        "symChild": {
            "latex": "=",
            "strokeIds": [
                9,
                10
            ]
        },
        "symRoot": {
            "latex": "2",
            "strokeIds": [
                5
            ]
        }
    },
    {
        "prob": 0.9997761845588684,
        "relation": "Sup",
        "symChild": {
            "latex": "5",
            "strokeIds": [
                6,
                7
            ]
        },
        "symRoot": {
            "latex": "2",
            "strokeIds": [
                5
            ]
        }
    },
    {
        "prob": 0.9998570680618286,
        "relation": "R",
        "symChild": {
            "latex": "=",
            "strokeIds": [
                9,
                10
            ]
        },
        "symRoot": {
            "latex": ")",
            "strokeIds": [
                8
            ]
        }
    },
    {
        "prob": 0.8718503713607788,
        "relation": "R",
        "symChild": {
            "latex": "5",
            "strokeIds": [
                11,
                12
            ]
        },
        "symRoot": {
            "latex": ")",
            "strokeIds": [
                8
            ]
        }
    },
    {
        "prob": 0.9999730587005615,
        "relation": "R",
        "symChild": {
            "latex": "5",
            "strokeIds": [
                11,
                12
            ]
        },
        "symRoot": {
            "latex": "=",
            "strokeIds": [
                9,
                10
            ]
        }
    }
]
