[
    {
        "prob": 0.9886245727539063,
        "relation": "Be",
        "symChild": {
            "latex": "f",
            "strokeIds": [
                3,
                4
            ]
        },
        "symRoot": {
            "latex": "-",
            "strokeIds": [
                2
            ]
        }
    },
    {
        "prob": 0.9815558791160583,
        "relation": "Be",
        "symChild": {
            "latex": "P",
            "strokeIds": [
                5,
                6
            ]
        },
        "symRoot": {
            "latex": "-",
            "strokeIds": [
                2
            ]
        }
    },
    {
        "prob": 0.9756909012794495,
        "relation": "Ab",
        "symChild": {
            "latex": "G",
            "strokeIds": [
                0,
                1
            ]
        },
        "symRoot": {
            "latex": "-",
            "strokeIds": [
                2
            ]
        }
    },
    {
        "prob": 0.9989270567893982,
        "relation": "R",
        "symChild": {
            "latex": "P",
            "strokeIds": [
                5,
                6
            ]
        },
        "symRoot": {
            "latex": "f",
            "strokeIds": [
                3,
                4
            ]
        }
    }
]
