[
    {
        "prob": 0.9997825026512146,
        "relation": "R",
        "symChild": {
            "latex": "q",
            "strokeIds": [
                1
            ]
        },
        "symRoot": {
            "latex": "\\sum",
            "strokeIds": [
                0
            ]
        }
    },
    {
        "prob": 0.9714203476905823,
        "relation": "R",
        "symChild": {
            "latex": "-",
            "strokeIds": [
                2
            ]
        },
        "symRoot": {
            "latex": "\\sum",
            "strokeIds": [
                0
            ]
        }
    },
    {
        "prob": 0.9999048709869385,
        "relation": "R",
        "symChild": {
            "latex": "-",
            "strokeIds": [
                2
            ]
        },
        "symRoot": {
            "latex": "q",
            "strokeIds": [
                1
            ]
        }
    },
    {
        "prob": 0.6796256303787231,
        "relation": "R",
        "symChild": {
            "latex": "2",
            "strokeIds": [
                3
            ]
        },
        "symRoot": {
            "latex": "q",
            "strokeIds": [
                1
            ]
        }
    },
    {
        "prob": 0.9999433755874634,
        "relation": "R",
        "symChild": {
            "latex": "2",
            "strokeIds": [
                3
            ]
        },
        "symRoot": {
            "latex": "-",
            "strokeIds": [
                2
            ]
        }
    }
]
