[
    {
        "prob": 0.9997946619987488,
        "relation": "R",
        "symChild": {
            "latex": "-",
            "strokeIds": [
                1
            ]
        },
        "symRoot": {
            "latex": "l",
            "strokeIds": [
                0
            ]
        }
    },
    {
        "prob": 0.780730128288269,
        "relation": "R",
        "symChild": {
            "latex": "5",
            "strokeIds": [
                2,
                3
            ]
        },
        "symRoot": {
            "latex": "l",
            "strokeIds": [
                0
            ]
        }
    },
    {
        "prob": 0.999982476234436,
        "relation": "R",
        "symChild": {
            "latex": "5",
            "strokeIds": [
                2,
                3
            ]
        },
        "symRoot": {
            "latex": "-",
            "strokeIds": [
                1
            ]
        }
    }
]
