[
    {
        "prob": 0.9986891150474548,
        "relation": "Be",
        "symChild": {
            "latex": "m",
            "strokeIds": [
                3
            ]
        },
        "symRoot": {
            "latex": "-",
            "strokeIds": [
                2
            ]
        }
    },
    {
        "prob": 0.8502107858657837,
        "relation": "Be",
        "symChild": {
            "latex": "-",
            "strokeIds": [
                4
            ]
        },
        "symRoot": {
            "latex": "-",
            "strokeIds": [
                2
            ]
        }
    },
    {
        "prob": 0.9832770824432373,
        "relation": "Be",
        "symChild": {
            "latex": "3",
            "strokeIds": [
                5
            ]
        },
        "symRoot": {
            "latex": "-",
            "strokeIds": [
                2
            ]
        }
    },
    {
        "prob": 0.9907399415969849,
        "relation": "Ab",
        "symChild": {
            "latex": "\\theta",
            "strokeIds": [
                0,
                1
            ]
        },
        "symRoot": {
            "latex": "-",
            "strokeIds": [
                2
            ]
        }
    },
    {
        "prob": 0.9999779462814331,
        "relation": "R",
        "symChild": {
            "latex": "-",
            "strokeIds": [
                4
            ]
        },
        "symRoot": {
            "latex": "m",
            "strokeIds": [
                3
            ]
        }
    },
    {
        "prob": 0.6035369634628296,
        "relation": "R",
        "symChild": {
            "latex": "3",
            "strokeIds": [
                5
            ]
        },
        "symRoot": {
            "latex": "m",
            "strokeIds": [
                3
            ]
        }
    },
    {
        "prob": 0.9999555349349976,
        "relation": "R",
        "symChild": {
            "latex": "3",
            "strokeIds": [
                5
            ]
        },
        "symRoot": {
            "latex": "-",
            "strokeIds": [
                4
            ]
        }
    }
]
