[
    {
        "prob": 0.9991618394851685,
        "relation": "R",
        "symChild": {
            "latex": ".",
            "strokeIds": [
                2
            ]
        },
        "symRoot": {
            "latex": "G",
            "strokeIds": [
                0,
                1
            ]
        }
    },
    {
        "prob": 0.9981935620307922,
        "relation": "R",
        "symChild": {
            "latex": "\\int",
            "strokeIds": [
                3
            ]
        },
        "symRoot": {
            "latex": "G",
            "strokeIds": [
                0,
                1
            ]
        }
    },
    {
        "prob": 0.7137306332588196,
        "relation": "Sub",
        "symChild": {
            "latex": "Y",
            "strokeIds": [
                4,
                5
            ]
        },
        "symRoot": {
            "latex": "G",
            "strokeIds": [
                0,
                1
            ]
        }
    },
    {
        "prob": 0.9999066591262817,
        "relation": "R",
        "symChild": {
            "latex": "\\int",
            "strokeIds": [
                3
            ]
        },
        "symRoot": {
            "latex": ".",
            "strokeIds": [
                2
            ]
        }
    },
    {
        "prob": 0.6534232497215271,
        "relation": "R",
        "symChild": {
            "latex": "E",
            "strokeIds": [
                10,
                11
            ]
        },
        "symRoot": {
            "latex": "\\int",
            "strokeIds": [
                3
            ]
        }
    },
    {
        "prob": 0.9719886183738708,
        "relation": "Sub",
        "symChild": {
            "latex": "Y",
            "strokeIds": [
                4,
                5
            ]
        },
        "symRoot": {
            "latex": "\\int",
            "strokeIds": [
                3
            ]
        }
    },
    {
        "prob": 0.9961982369422913,
        "relation": "Sup",
        "symChild": {
            "latex": "\\int",
            "strokeIds": [
                6
            ]
        },
        "symRoot": {
            "latex": "\\int",
            "strokeIds": [
                3
            ]
        }
    },
    {
        "prob": 0.9358876347541809,
        "relation": "Sup",
        "symChild": {
            "latex": "N",
            "strokeIds": [
                7
            ]
        },
        "symRoot": {
            "latex": "\\int",
            "strokeIds": [
                3
            ]
        }
    },
    {
        "prob": 0.9997292160987854,
        "relation": "R",
        "symChild": {
            "latex": "N",
            "strokeIds": [
                7
            ]
        },
        "symRoot": {
            "latex": "\\int",
            "strokeIds": [
                6
            ]
        }
    },
    {
        "prob": 0.7431120872497559,
        "relation": "R",
        "symChild": {
            "latex": "d",
            "strokeIds": [
                8
            ]
        },
        "symRoot": {
            "latex": "\\int",
            "strokeIds": [
                6
            ]
        }
    },
    {
        "prob": 0.9990492463111877,
        "relation": "R",
        "symChild": {
            "latex": "d",
            "strokeIds": [
                8
            ]
        },
        "symRoot": {
            "latex": "N",
            "strokeIds": [
                7
            ]
        }
    },
    {
        "prob": 0.7489825487136841,
        "relation": "Sub",
        "symChild": {
            "latex": "o",
            "strokeIds": [
                9
            ]
        },
        "symRoot": {
            "latex": "N",
            "strokeIds": [
                7
            ]
        }
    },
    {
        "prob": 0.9691373705863953,
        "relation": "R",
        "symChild": {
            "latex": "o",
            "strokeIds": [
                9
            ]
        },
        "symRoot": {
            "latex": "d",
            "strokeIds": [
                8
            ]
        }
    },
    {
        "prob": 0.9891144037246704,
        "relation": "R",
        "symChild": {
            "latex": "d",
            "strokeIds": [
                12
            ]
        },
        "symRoot": {
            "latex": "E",
            "strokeIds": [
                10,
                11
            ]
        }
    },
    {
        "prob": 0.34036985039711,
        "relation": "R",
        "symChild": {
            "latex": "\\Delta",
            "strokeIds": [
                13
            ]
        },
        "symRoot": {
            "latex": "E",
            "strokeIds": [
                10,
                11
            ]
        }
    },
    {
        "prob": 0.999468982219696,
        "relation": "R",
        "symChild": {
            "latex": "\\Delta",
            "strokeIds": [
                13
            ]
        },
        "symRoot": {
            "latex": "d",
            "strokeIds": [
                12
            ]
        }
    }
]
