[
    {
        "prob": 0.9999169111251831,
        "relation": "R",
        "symChild": {
            "latex": "-",
            "strokeIds": [
                3
            ]
        },
        "symRoot": {
            "latex": "-",
            "strokeIds": [
                0
            ]
        }
    },
    {
        "prob": 0.920040488243103,
        "relation": "Sub",
        "symChild": {
            "latex": "B",
            "strokeIds": [
                6,
                7
            ]
        },
        "symRoot": {
            "latex": "Y",
            "strokeIds": [
                1,
                2
            ]
        }
    },
    {
        "prob": 0.9997699856758118,
        "relation": "R",
        "symChild": {
            "latex": "B",
            "strokeIds": [
                6,
                7
            ]
        },
        "symRoot": {
            "latex": "-",
            "strokeIds": [
                3
            ]
        }
    },
    {
        "prob": 0.996185839176178,
        "relation": "Be",
        "symChild": {
            "latex": "t",
            "strokeIds": [
                4,
                5
            ]
        },
        "symRoot": {
            "latex": "-",
            "strokeIds": [
                3
            ]
        }
    },
    {
        "prob": 0.984092116355896,
        "relation": "Ab",
        "symChild": {
            "latex": "-",
            "strokeIds": [
                0
            ]
        },
        "symRoot": {
            "latex": "-",
            "strokeIds": [
                3
            ]
        }
    },
    {
        "prob": 0.9962301850318909,
        "relation": "Ab",
        "symChild": {
            "latex": "Y",
            "strokeIds": [
                1,
                2
            ]
        },
        "symRoot": {
            "latex": "-",
            "strokeIds": [
                3
            ]
        }
    }
]
