[
    {
        "prob": 0.9995833039283752,
        "relation": "R",
        "symChild": {
            "latex": ".",
            "strokeIds": [
                1
            ]
        },
        "symRoot": {
            "latex": ".",
            "strokeIds": [
                0
            ]
        }
    },
    {
        "prob": 0.9997345805168152,
        "relation": "R",
        "symChild": {
            "latex": ".",
            "strokeIds": [
                2
            ]
        },
        "symRoot": {
            "latex": ".",
            "strokeIds": [
                1
            ]
        }
    },
    {
        "prob": 0.9999620914459229,
        "relation": "R",
        "symChild": {
            "latex": "+",
            "strokeIds": [
                3,
                4
            ]
        },
        "symRoot": {
            "latex": ".",
            "strokeIds": [
                2
            ]
        }
    },
    {
        "prob": 0.9999783039093018,
        "relation": "R",
        "symChild": {
            "latex": "H",
            "strokeIds": [
                5,
                6,
                7
            ]
        },
        "symRoot": {
            "latex": "+",
            "strokeIds": [
                3,
                4
            ]
        }
    }
]
