[
    {
        "prob": 0.9964283108711243,
        "relation": "R",
        "symChild": {
            "latex": "+",
            "strokeIds": [
                1,
                2
            ]
        },
        "symRoot": {
            "latex": "g",
            "strokeIds": [
                0
            ]
        }
    },
    {
        "prob": 0.7201673984527588,
        "relation": "R",
        "symChild": {
            "latex": "\\sin",
            "strokeIds": [
                3,
                4,
                5
            ]
        },
        "symRoot": {
            "latex": "g",
            "strokeIds": [
                0
            ]
        }
    },
    {
        "prob": 0.999312162399292,
        "relation": "R",
        "symChild": {
            "latex": "\\sin",
            "strokeIds": [
                3,
                4,
                5
            ]
        },
        "symRoot": {
            "latex": "+",
            "strokeIds": [
                1,
                2
            ]
        }
    },
    {
        "prob": 0.9988197684288025,
        "relation": "R",
        "symChild": {
            "latex": "o",
            "strokeIds": [
                7
            ]
        },
        "symRoot": {
            "latex": "\\sin",
            "strokeIds": [
                3,
                4,
                5
            ]
        }
    },
    {
        "prob": 0.9994943141937256,
        "relation": "Sup",
        "symChild": {
            "latex": "c",
            "strokeIds": [
                6
            ]
        },
        "symRoot": {
            "latex": "\\sin",
            "strokeIds": [
                3,
                4,
                5
            ]
        }
    }
]
