[
    {
        "prob": 0.9980220794677734,
        "relation": "R",
        "symChild": {
            "latex": "(",
            "strokeIds": [
                4
            ]
        },
        "symRoot": {
            "latex": "\\sin",
            "strokeIds": [
                0,
                1,
                2,
                3
            ]
        }
    },
    {
        "prob": 0.9750237464904785,
        "relation": "R",
        "symChild": {
            "latex": "-",
            "strokeIds": [
                8
            ]
        },
        "symRoot": {
            "latex": "\\sin",
            "strokeIds": [
                0,
                1,
                2,
                3
            ]
        }
    },
    {
        "prob": 0.9992550015449524,
        "relation": "R",
        "symChild": {
            "latex": "-",
            "strokeIds": [
                8
            ]
        },
        "symRoot": {
            "latex": "(",
            "strokeIds": [
                4
            ]
        }
    },
    {
        "prob": 0.888405978679657,
        "relation": "R",
        "symChild": {
            "latex": "(",
            "strokeIds": [
                4
            ]
        },
        "symRoot": {
            "latex": "-",
            "strokeIds": [
                8
            ]
        }
    },
    {
        "prob": 0.9989011287689209,
        "relation": "R",
        "symChild": {
            "latex": ")",
            "strokeIds": [
                10
            ]
        },
        "symRoot": {
            "latex": "-",
            "strokeIds": [
                8
            ]
        }
    },
    {
        "prob": 0.7431915402412415,
        "relation": "R",
        "symChild": {
            "latex": "=",
            "strokeIds": [
                11,
                12
            ]
        },
        "symRoot": {
            "latex": "-",
            "strokeIds": [
                8
            ]
        }
    },
    {
        "prob": 0.9396215677261353,
        "relation": "R",
        "symChild": {
            "latex": "-",
            "strokeIds": [
                14
            ]
        },
        "symRoot": {
            "latex": "-",
            "strokeIds": [
                8
            ]
        }
    },
    {
        "prob": 0.9998527765274048,
        "relation": "Be",
        "symChild": {
            "latex": "4",
            "strokeIds": [
                9
            ]
        },
        "symRoot": {
            "latex": "-",
            "strokeIds": [
                8
            ]
        }
    },
    {
        "prob": 0.9793645739555359,
        "relation": "Ab",
        "symChild": {
            "latex": "\\pi",
            "strokeIds": [
                5,
                6,
                7
            ]
        },
        "symRoot": {
            "latex": "-",
            "strokeIds": [
                8
            ]
        }
    },
    {
        "prob": 0.9998587369918823,
        "relation": "R",
        "symChild": {
            "latex": "=",
            "strokeIds": [
                11,
                12
            ]
        },
        "symRoot": {
            "latex": ")",
            "strokeIds": [
                10
            ]
        }
    },
    {
        "prob": 0.9991481304168701,
        "relation": "R",
        "symChild": {
            "latex": "-",
            "strokeIds": [
                14
            ]
        },
        "symRoot": {
            "latex": ")",
            "strokeIds": [
                10
            ]
        }
    },
    {
        "prob": 0.9996665716171265,
        "relation": "R",
        "symChild": {
            "latex": "-",
            "strokeIds": [
                14
            ]
        },
        "symRoot": {
            "latex": "=",
            "strokeIds": [
                11,
                12
            ]
        }
    },
    {
        "prob": 0.9998668432235718,
        "relation": "Be",
        "symChild": {
            "latex": "\\sqrt",
            "strokeIds": [
                15,
                16
            ]
        },
        "symRoot": {
            "latex": "-",
            "strokeIds": [
                14
            ]
        }
    },
    {
        "prob": 0.9989075660705566,
        "relation": "Be",
        "symChild": {
            "latex": "2",
            "strokeIds": [
                17
            ]
        },
        "symRoot": {
            "latex": "-",
            "strokeIds": [
                14
            ]
        }
    },
    {
        "prob": 0.9639028310775757,
        "relation": "Ab",
        "symChild": {
            "latex": "1",
            "strokeIds": [
                13
            ]
        },
        "symRoot": {
            "latex": "-",
            "strokeIds": [
                14
            ]
        }
    },
    {
        "prob": 0.9995620846748352,
        "relation": "In",
        "symChild": {
            "latex": "2",
            "strokeIds": [
                17
            ]
        },
        "symRoot": {
            "latex": "\\sqrt",
            "strokeIds": [
                15,
                16
            ]
        }
    },
    {
        "prob": 0.4069141745567322,
        "relation": "Ab",
        "symChild": {
            "latex": "1",
            "strokeIds": [
                13
            ]
        },
        "symRoot": {
            "latex": "\\sqrt",
            "strokeIds": [
                15,
                16
            ]
        }
    }
]
