[
    {
        "prob": 0.9995920062065125,
        "relation": "R",
        "symChild": {
            "latex": ".",
            "strokeIds": [
                1
            ]
        },
        "symRoot": {
            "latex": "0",
            "strokeIds": [
                0
            ]
        }
    },
    {
        "prob": 0.9949896931648254,
        "relation": "R",
        "symChild": {
            "latex": "8",
            "strokeIds": [
                2
            ]
        },
        "symRoot": {
            "latex": "0",
            "strokeIds": [
                0
            ]
        }
    },
    {
        "prob": 0.999997615814209,
        "relation": "R",
        "symChild": {
            "latex": "8",
            "strokeIds": [
                2
            ]
        },
        "symRoot": {
            "latex": ".",
            "strokeIds": [
                1
            ]
        }
    }
]
