[
    {
        "prob": 0.9989927411079407,
        "relation": "R",
        "symChild": {
            "latex": "1",
            "strokeIds": [
                2
            ]
        },
        "symRoot": {
            "latex": "[",
            "strokeIds": [
                0,
                1
            ]
        }
    },
    {
        "prob": 0.712001621723175,
        "relation": "R",
        "symChild": {
            "latex": "]",
            "strokeIds": [
                3
            ]
        },
        "symRoot": {
            "latex": "[",
            "strokeIds": [
                0,
                1
            ]
        }
    },
    {
        "prob": 0.9998260140419006,
        "relation": "R",
        "symChild": {
            "latex": "]",
            "strokeIds": [
                3
            ]
        },
        "symRoot": {
            "latex": "1",
            "strokeIds": [
                2
            ]
        }
    }
]
