[
    {
        "prob": 0.9996180534362793,
        "relation": "R",
        "symChild": {
            "latex": "-",
            "strokeIds": [
                2
            ]
        },
        "symRoot": {
            "latex": "Y",
            "strokeIds": [
                0,
                1
            ]
        }
    },
    {
        "prob": 0.5839241147041321,
        "relation": "R",
        "symChild": {
            "latex": "M",
            "strokeIds": [
                3
            ]
        },
        "symRoot": {
            "latex": "Y",
            "strokeIds": [
                0,
                1
            ]
        }
    },
    {
        "prob": 0.9974097609519958,
        "relation": "R",
        "symChild": {
            "latex": "M",
            "strokeIds": [
                3
            ]
        },
        "symRoot": {
            "latex": "-",
            "strokeIds": [
                2
            ]
        }
    },
    {
        "prob": 0.9983577132225037,
        "relation": "In",
        "symChild": {
            "latex": "Y",
            "strokeIds": [
                0,
                1
            ]
        },
        "symRoot": {
            "latex": "\\sqrt",
            "strokeIds": [
                4
            ]
        }
    },
    {
        "prob": 0.998862624168396,
        "relation": "In",
        "symChild": {
            "latex": "-",
            "strokeIds": [
                2
            ]
        },
        "symRoot": {
            "latex": "\\sqrt",
            "strokeIds": [
                4
            ]
        }
    },
    {
        "prob": 0.9976947903633118,
        "relation": "In",
        "symChild": {
            "latex": "M",
            "strokeIds": [
                3
            ]
        },
        "symRoot": {
            "latex": "\\sqrt",
            "strokeIds": [
                4
            ]
        }
    }
]
