[
    {
        "prob": 0.9991011619567871,
        "relation": "R",
        "symChild": {
            "latex": "=",
            "strokeIds": [
                2,
                3
            ]
        },
        "symRoot": {
            "latex": "x",
            "strokeIds": [
                0,
                1
            ]
        }
    },
    {
        "prob": 0.998069703578949,
        "relation": "R",
        "symChild": {
            "latex": "r",
            "strokeIds": [
                4
            ]
        },
        "symRoot": {
            "latex": "x",
            "strokeIds": [
                0,
                1
            ]
        }
    },
    {
        "prob": 0.9913657903671265,
        "relation": "R",
        "symChild": {
            "latex": "\\cos",
            "strokeIds": [
                5,
                6,
                7
            ]
        },
        "symRoot": {
            "latex": "x",
            "strokeIds": [
                0,
                1
            ]
        }
    },
    {
        "prob": 0.9997872710227966,
        "relation": "R",
        "symChild": {
            "latex": "r",
            "strokeIds": [
                4
            ]
        },
        "symRoot": {
            "latex": "=",
            "strokeIds": [
                2,
                3
            ]
        }
    },
    {
        "prob": 0.8392271995544434,
        "relation": "R",
        "symChild": {
            "latex": "\\cos",
            "strokeIds": [
                5,
                6,
                7
            ]
        },
        "symRoot": {
            "latex": "=",
            "strokeIds": [
                2,
                3
            ]
        }
    },
    {
        "prob": 0.9999330043792725,
        "relation": "R",
        "symChild": {
            "latex": "\\cos",
            "strokeIds": [
                5,
                6,
                7
            ]
        },
        "symRoot": {
            "latex": "r",
            "strokeIds": [
                4
            ]
        }
    },
    {
        "prob": 0.30471184849739075,
        "relation": "R",
        "symChild": {
            "latex": "\\theta",
            "strokeIds": [
                8,
                9
            ]
        },
        "symRoot": {
            "latex": "r",
            "strokeIds": [
                4
            ]
        }
    },
    {
        "prob": 0.998601496219635,
        "relation": "R",
        "symChild": {
            "latex": "\\theta",
            "strokeIds": [
                8,
                9
            ]
        },
        "symRoot": {
            "latex": "\\cos",
            "strokeIds": [
                5,
                6,
                7
            ]
        }
    }
]
