[
    {
        "prob": 0.9998131394386292,
        "relation": "R",
        "symChild": {
            "latex": "=",
            "strokeIds": [
                2,
                3,
                4
            ]
        },
        "symRoot": {
            "latex": "a",
            "strokeIds": [
                0,
                1
            ]
        }
    },
    {
        "prob": 0.9651893377304077,
        "relation": "R",
        "symChild": {
            "latex": "b",
            "strokeIds": [
                5,
                6
            ]
        },
        "symRoot": {
            "latex": "a",
            "strokeIds": [
                0,
                1
            ]
        }
    },
    {
        "prob": 0.940269947052002,
        "relation": "R",
        "symChild": {
            "latex": "\\cos",
            "strokeIds": [
                7,
                8,
                9,
                10,
                11
            ]
        },
        "symRoot": {
            "latex": "a",
            "strokeIds": [
                0,
                1
            ]
        }
    },
    {
        "prob": 0.9995898604393005,
        "relation": "R",
        "symChild": {
            "latex": "b",
            "strokeIds": [
                5,
                6
            ]
        },
        "symRoot": {
            "latex": "=",
            "strokeIds": [
                2,
                3,
                4
            ]
        }
    },
    {
        "prob": 0.9683815240859985,
        "relation": "R",
        "symChild": {
            "latex": "\\cos",
            "strokeIds": [
                7,
                8,
                9,
                10,
                11
            ]
        },
        "symRoot": {
            "latex": "=",
            "strokeIds": [
                2,
                3,
                4
            ]
        }
    },
    {
        "prob": 0.999980092048645,
        "relation": "R",
        "symChild": {
            "latex": "\\cos",
            "strokeIds": [
                7,
                8,
                9,
                10,
                11
            ]
        },
        "symRoot": {
            "latex": "b",
            "strokeIds": [
                5,
                6
            ]
        }
    },
    {
        "prob": 0.9995375871658325,
        "relation": "R",
        "symChild": {
            "latex": "C",
            "strokeIds": [
                12,
                13
            ]
        },
        "symRoot": {
            "latex": "\\cos",
            "strokeIds": [
                7,
                8,
                9,
                10,
                11
            ]
        }
    },
    {
        "prob": 0.9999346733093262,
        "relation": "R",
        "symChild": {
            "latex": "+",
            "strokeIds": [
                14,
                15,
                16
            ]
        },
        "symRoot": {
            "latex": "C",
            "strokeIds": [
                12,
                13
            ]
        }
    },
    {
        "prob": 0.9825243353843689,
        "relation": "R",
        "symChild": {
            "latex": "c",
            "strokeIds": [
                17,
                18
            ]
        },
        "symRoot": {
            "latex": "C",
            "strokeIds": [
                12,
                13
            ]
        }
    },
    {
        "prob": 0.9876285791397095,
        "relation": "R",
        "symChild": {
            "latex": "\\cos",
            "strokeIds": [
                19,
                20,
                21,
                22
            ]
        },
        "symRoot": {
            "latex": "C",
            "strokeIds": [
                12,
                13
            ]
        }
    },
    {
        "prob": 0.5410394072532654,
        "relation": "R",
        "symChild": {
            "latex": "B",
            "strokeIds": [
                23,
                24,
                25
            ]
        },
        "symRoot": {
            "latex": "C",
            "strokeIds": [
                12,
                13
            ]
        }
    },
    {
        "prob": 0.9999474287033081,
        "relation": "R",
        "symChild": {
            "latex": "c",
            "strokeIds": [
                17,
                18
            ]
        },
        "symRoot": {
            "latex": "+",
            "strokeIds": [
                14,
                15,
                16
            ]
        }
    },
    {
        "prob": 0.9999188184738159,
        "relation": "R",
        "symChild": {
            "latex": "\\cos",
            "strokeIds": [
                19,
                20,
                21,
                22
            ]
        },
        "symRoot": {
            "latex": "c",
            "strokeIds": [
                17,
                18
            ]
        }
    },
    {
        "prob": 0.45500290393829346,
        "relation": "R",
        "symChild": {
            "latex": "B",
            "strokeIds": [
                23,
                24,
                25
            ]
        },
        "symRoot": {
            "latex": "c",
            "strokeIds": [
                17,
                18
            ]
        }
    },
    {
        "prob": 0.9983135461807251,
        "relation": "R",
        "symChild": {
            "latex": "B",
            "strokeIds": [
                23,
                24,
                25
            ]
        },
        "symRoot": {
            "latex": "\\cos",
            "strokeIds": [
                19,
                20,
                21,
                22
            ]
        }
    }
]
