[
    {
        "prob": 0.9603314995765686,
        "relation": "R",
        "symChild": {
            "latex": "=",
            "strokeIds": [
                10,
                11,
                12
            ]
        },
        "symRoot": {
            "latex": "A",
            "strokeIds": [
                0,
                1,
                2,
                3
            ]
        }
    },
    {
        "prob": 0.9525487422943115,
        "relation": "R",
        "symChild": {
            "latex": "-",
            "strokeIds": [
                27,
                28
            ]
        },
        "symRoot": {
            "latex": "A",
            "strokeIds": [
                0,
                1,
                2,
                3
            ]
        }
    },
    {
        "prob": 0.9998596906661987,
        "relation": "Sub",
        "symChild": {
            "latex": "2",
            "strokeIds": [
                4,
                5
            ]
        },
        "symRoot": {
            "latex": "A",
            "strokeIds": [
                0,
                1,
                2,
                3
            ]
        }
    },
    {
        "prob": 0.9267656207084656,
        "relation": "Sub",
        "symChild": {
            "latex": "k",
            "strokeIds": [
                6,
                7,
                8,
                9
            ]
        },
        "symRoot": {
            "latex": "A",
            "strokeIds": [
                0,
                1,
                2,
                3
            ]
        }
    },
    {
        "prob": 0.9947063326835632,
        "relation": "R",
        "symChild": {
            "latex": "k",
            "strokeIds": [
                6,
                7,
                8,
                9
            ]
        },
        "symRoot": {
            "latex": "2",
            "strokeIds": [
                4,
                5
            ]
        }
    },
    {
        "prob": 0.9997585415840149,
        "relation": "R",
        "symChild": {
            "latex": "-",
            "strokeIds": [
                27,
                28
            ]
        },
        "symRoot": {
            "latex": "=",
            "strokeIds": [
                10,
                11,
                12
            ]
        }
    },
    {
        "prob": 0.9991926550865173,
        "relation": "R",
        "symChild": {
            "latex": "R",
            "strokeIds": [
                15,
                16,
                17,
                18
            ]
        },
        "symRoot": {
            "latex": "2",
            "strokeIds": [
                13,
                14
            ]
        }
    },
    {
        "prob": 0.9984877109527588,
        "relation": "R",
        "symChild": {
            "latex": "A",
            "strokeIds": [
                19,
                20,
                21,
                22
            ]
        },
        "symRoot": {
            "latex": "R",
            "strokeIds": [
                15,
                16,
                17,
                18
            ]
        }
    },
    {
        "prob": 0.9998133778572083,
        "relation": "Sub",
        "symChild": {
            "latex": "k",
            "strokeIds": [
                23,
                24,
                25,
                26
            ]
        },
        "symRoot": {
            "latex": "A",
            "strokeIds": [
                19,
                20,
                21,
                22
            ]
        }
    },
    {
        "prob": 0.9996094107627869,
        "relation": "Be",
        "symChild": {
            "latex": "2",
            "strokeIds": [
                29,
                30
            ]
        },
        "symRoot": {
            "latex": "-",
            "strokeIds": [
                27,
                28
            ]
        }
    },
    {
        "prob": 0.9933085441589355,
        "relation": "Be",
        "symChild": {
            "latex": "R",
            "strokeIds": [
                31,
                32,
                33,
                34
            ]
        },
        "symRoot": {
            "latex": "-",
            "strokeIds": [
                27,
                28
            ]
        }
    },
    {
        "prob": 0.9983270764350891,
        "relation": "Be",
        "symChild": {
            "latex": "\\sqrt",
            "strokeIds": [
                38
            ]
        },
        "symRoot": {
            "latex": "-",
            "strokeIds": [
                27,
                28
            ]
        }
    },
    {
        "prob": 0.6905946731567383,
        "relation": "Be",
        "symChild": {
            "latex": "4",
            "strokeIds": [
                39,
                40
            ]
        },
        "symRoot": {
            "latex": "-",
            "strokeIds": [
                27,
                28
            ]
        }
    },
    {
        "prob": 0.9375848174095154,
        "relation": "Be",
        "symChild": {
            "latex": "R",
            "strokeIds": [
                41,
                42,
                43,
                44
            ]
        },
        "symRoot": {
            "latex": "-",
            "strokeIds": [
                27,
                28
            ]
        }
    },
    {
        "prob": 0.5813935399055481,
        "relation": "Be",
        "symChild": {
            "latex": "A",
            "strokeIds": [
                50,
                51,
                52,
                53
            ]
        },
        "symRoot": {
            "latex": "-",
            "strokeIds": [
                27,
                28
            ]
        }
    },
    {
        "prob": 0.5508219003677368,
        "relation": "Be",
        "symChild": {
            "latex": "2",
            "strokeIds": [
                58,
                59
            ]
        },
        "symRoot": {
            "latex": "-",
            "strokeIds": [
                27,
                28
            ]
        }
    },
    {
        "prob": 0.9892494678497314,
        "relation": "Ab",
        "symChild": {
            "latex": "2",
            "strokeIds": [
                13,
                14
            ]
        },
        "symRoot": {
            "latex": "-",
            "strokeIds": [
                27,
                28
            ]
        }
    },
    {
        "prob": 0.9786226749420166,
        "relation": "Ab",
        "symChild": {
            "latex": "R",
            "strokeIds": [
                15,
                16,
                17,
                18
            ]
        },
        "symRoot": {
            "latex": "-",
            "strokeIds": [
                27,
                28
            ]
        }
    },
    {
        "prob": 0.9868321418762207,
        "relation": "Ab",
        "symChild": {
            "latex": "A",
            "strokeIds": [
                19,
                20,
                21,
                22
            ]
        },
        "symRoot": {
            "latex": "-",
            "strokeIds": [
                27,
                28
            ]
        }
    },
    {
        "prob": 0.9532681107521057,
        "relation": "Ab",
        "symChild": {
            "latex": "k",
            "strokeIds": [
                23,
                24,
                25,
                26
            ]
        },
        "symRoot": {
            "latex": "-",
            "strokeIds": [
                27,
                28
            ]
        }
    },
    {
        "prob": 0.9999970197677612,
        "relation": "R",
        "symChild": {
            "latex": "R",
            "strokeIds": [
                31,
                32,
                33,
                34
            ]
        },
        "symRoot": {
            "latex": "2",
            "strokeIds": [
                29,
                30
            ]
        }
    },
    {
        "prob": 0.7450710535049438,
        "relation": "R",
        "symChild": {
            "latex": "+",
            "strokeIds": [
                35,
                36,
                37
            ]
        },
        "symRoot": {
            "latex": "2",
            "strokeIds": [
                29,
                30
            ]
        }
    },
    {
        "prob": 0.9999529123306274,
        "relation": "R",
        "symChild": {
            "latex": "+",
            "strokeIds": [
                35,
                36,
                37
            ]
        },
        "symRoot": {
            "latex": "R",
            "strokeIds": [
                31,
                32,
                33,
                34
            ]
        }
    },
    {
        "prob": 0.9218741059303284,
        "relation": "R",
        "symChild": {
            "latex": "\\sqrt",
            "strokeIds": [
                38
            ]
        },
        "symRoot": {
            "latex": "R",
            "strokeIds": [
                31,
                32,
                33,
                34
            ]
        }
    },
    {
        "prob": 0.4795059263706207,
        "relation": "R",
        "symChild": {
            "latex": "4",
            "strokeIds": [
                39,
                40
            ]
        },
        "symRoot": {
            "latex": "R",
            "strokeIds": [
                31,
                32,
                33,
                34
            ]
        }
    },
    {
        "prob": 0.9978469610214233,
        "relation": "R",
        "symChild": {
            "latex": "\\sqrt",
            "strokeIds": [
                38
            ]
        },
        "symRoot": {
            "latex": "+",
            "strokeIds": [
                35,
                36,
                37
            ]
        }
    },
    {
        "prob": 0.9020809531211853,
        "relation": "R",
        "symChild": {
            "latex": "4",
            "strokeIds": [
                39,
                40
            ]
        },
        "symRoot": {
            "latex": "+",
            "strokeIds": [
                35,
                36,
                37
            ]
        }
    },
    {
        "prob": 0.9995216131210327,
        "relation": "In",
        "symChild": {
            "latex": "4",
            "strokeIds": [
                39,
                40
            ]
        },
        "symRoot": {
            "latex": "\\sqrt",
            "strokeIds": [
                38
            ]
        }
    },
    {
        "prob": 0.9954332709312439,
        "relation": "In",
        "symChild": {
            "latex": "R",
            "strokeIds": [
                41,
                42,
                43,
                44
            ]
        },
        "symRoot": {
            "latex": "\\sqrt",
            "strokeIds": [
                38
            ]
        }
    },
    {
        "prob": 0.956963062286377,
        "relation": "In",
        "symChild": {
            "latex": "+",
            "strokeIds": [
                47,
                48,
                49
            ]
        },
        "symRoot": {
            "latex": "\\sqrt",
            "strokeIds": [
                38
            ]
        }
    },
    {
        "prob": 0.9932411909103394,
        "relation": "In",
        "symChild": {
            "latex": "A",
            "strokeIds": [
                50,
                51,
                52,
                53
            ]
        },
        "symRoot": {
            "latex": "\\sqrt",
            "strokeIds": [
                38
            ]
        }
    },
    {
        "prob": 0.8886363506317139,
        "relation": "In",
        "symChild": {
            "latex": "k",
            "strokeIds": [
                54,
                55,
                56,
                57
            ]
        },
        "symRoot": {
            "latex": "\\sqrt",
            "strokeIds": [
                38
            ]
        }
    },
    {
        "prob": 0.5251784920692444,
        "relation": "In",
        "symChild": {
            "latex": "2",
            "strokeIds": [
                58,
                59
            ]
        },
        "symRoot": {
            "latex": "\\sqrt",
            "strokeIds": [
                38
            ]
        }
    },
    {
        "prob": 0.364984929561615,
        "relation": "Ab",
        "symChild": {
            "latex": "k",
            "strokeIds": [
                23,
                24,
                25,
                26
            ]
        },
        "symRoot": {
            "latex": "\\sqrt",
            "strokeIds": [
                38
            ]
        }
    },
    {
        "prob": 0.9999865293502808,
        "relation": "R",
        "symChild": {
            "latex": "R",
            "strokeIds": [
                41,
                42,
                43,
                44
            ]
        },
        "symRoot": {
            "latex": "4",
            "strokeIds": [
                39,
                40
            ]
        }
    },
    {
        "prob": 0.48834100365638733,
        "relation": "R",
        "symChild": {
            "latex": "+",
            "strokeIds": [
                47,
                48,
                49
            ]
        },
        "symRoot": {
            "latex": "4",
            "strokeIds": [
                39,
                40
            ]
        }
    },
    {
        "prob": 0.9988743662834167,
        "relation": "R",
        "symChild": {
            "latex": "+",
            "strokeIds": [
                47,
                48,
                49
            ]
        },
        "symRoot": {
            "latex": "R",
            "strokeIds": [
                41,
                42,
                43,
                44
            ]
        }
    },
    {
        "prob": 0.689081072807312,
        "relation": "R",
        "symChild": {
            "latex": "A",
            "strokeIds": [
                50,
                51,
                52,
                53
            ]
        },
        "symRoot": {
            "latex": "R",
            "strokeIds": [
                41,
                42,
                43,
                44
            ]
        }
    },
    {
        "prob": 0.9998117089271545,
        "relation": "Sup",
        "symChild": {
            "latex": "2",
            "strokeIds": [
                45,
                46
            ]
        },
        "symRoot": {
            "latex": "R",
            "strokeIds": [
                41,
                42,
                43,
                44
            ]
        }
    },
    {
        "prob": 0.9971840977668762,
        "relation": "R",
        "symChild": {
            "latex": "A",
            "strokeIds": [
                50,
                51,
                52,
                53
            ]
        },
        "symRoot": {
            "latex": "+",
            "strokeIds": [
                47,
                48,
                49
            ]
        }
    },
    {
        "prob": 0.9975314140319824,
        "relation": "Sub",
        "symChild": {
            "latex": "k",
            "strokeIds": [
                54,
                55,
                56,
                57
            ]
        },
        "symRoot": {
            "latex": "A",
            "strokeIds": [
                50,
                51,
                52,
                53
            ]
        }
    },
    {
        "prob": 0.9997405409812927,
        "relation": "Sup",
        "symChild": {
            "latex": "2",
            "strokeIds": [
                58,
                59
            ]
        },
        "symRoot": {
            "latex": "A",
            "strokeIds": [
                50,
                51,
                52,
                53
            ]
        }
    }
]
