[
    {
        "prob": 0.996488094329834,
        "relation": "R",
        "symChild": {
            "latex": "=",
            "strokeIds": [
                3,
                4
            ]
        },
        "symRoot": {
            "latex": "x",
            "strokeIds": [
                0,
                1
            ]
        }
    },
    {
        "prob": 0.9946532249450684,
        "relation": "Sup",
        "symChild": {
            "latex": "\\prime",
            "strokeIds": [
                2
            ]
        },
        "symRoot": {
            "latex": "x",
            "strokeIds": [
                0,
                1
            ]
        }
    },
    {
        "prob": 0.998267412185669,
        "relation": "R",
        "symChild": {
            "latex": "x",
            "strokeIds": [
                5,
                6
            ]
        },
        "symRoot": {
            "latex": "=",
            "strokeIds": [
                3,
                4
            ]
        }
    },
    {
        "prob": 0.9998778104782104,
        "relation": "R",
        "symChild": {
            "latex": "\\cos",
            "strokeIds": [
                7,
                8,
                9
            ]
        },
        "symRoot": {
            "latex": "x",
            "strokeIds": [
                5,
                6
            ]
        }
    },
    {
        "prob": 0.9966084957122803,
        "relation": "R",
        "symChild": {
            "latex": "\\theta",
            "strokeIds": [
                10,
                11
            ]
        },
        "symRoot": {
            "latex": "\\cos",
            "strokeIds": [
                7,
                8,
                9
            ]
        }
    },
    {
        "prob": 0.9961519837379456,
        "relation": "R",
        "symChild": {
            "latex": "+",
            "strokeIds": [
                12,
                13
            ]
        },
        "symRoot": {
            "latex": "\\theta",
            "strokeIds": [
                10,
                11
            ]
        }
    },
    {
        "prob": 0.6872156858444214,
        "relation": "R",
        "symChild": {
            "latex": "y",
            "strokeIds": [
                14
            ]
        },
        "symRoot": {
            "latex": "\\theta",
            "strokeIds": [
                10,
                11
            ]
        }
    },
    {
        "prob": 0.6156351566314697,
        "relation": "R",
        "symChild": {
            "latex": "\\sin",
            "strokeIds": [
                15,
                16,
                17,
                18,
                19
            ]
        },
        "symRoot": {
            "latex": "\\theta",
            "strokeIds": [
                10,
                11
            ]
        }
    },
    {
        "prob": 0.999947190284729,
        "relation": "R",
        "symChild": {
            "latex": "y",
            "strokeIds": [
                14
            ]
        },
        "symRoot": {
            "latex": "+",
            "strokeIds": [
                12,
                13
            ]
        }
    },
    {
        "prob": 0.9900307655334473,
        "relation": "R",
        "symChild": {
            "latex": "\\sin",
            "strokeIds": [
                15,
                16,
                17,
                18,
                19
            ]
        },
        "symRoot": {
            "latex": "+",
            "strokeIds": [
                12,
                13
            ]
        }
    },
    {
        "prob": 0.9997856020927429,
        "relation": "R",
        "symChild": {
            "latex": "\\sin",
            "strokeIds": [
                15,
                16,
                17,
                18,
                19
            ]
        },
        "symRoot": {
            "latex": "y",
            "strokeIds": [
                14
            ]
        }
    },
    {
        "prob": 0.5938795804977417,
        "relation": "R",
        "symChild": {
            "latex": "\\theta",
            "strokeIds": [
                20,
                21
            ]
        },
        "symRoot": {
            "latex": "y",
            "strokeIds": [
                14
            ]
        }
    },
    {
        "prob": 0.9997938275337219,
        "relation": "R",
        "symChild": {
            "latex": "\\theta",
            "strokeIds": [
                20,
                21
            ]
        },
        "symRoot": {
            "latex": "\\sin",
            "strokeIds": [
                15,
                16,
                17,
                18,
                19
            ]
        }
    }
]
