[
    {
        "prob": 0.9974310994148254,
        "relation": "R",
        "symChild": {
            "latex": "=",
            "strokeIds": [
                3,
                4
            ]
        },
        "symRoot": {
            "latex": "x",
            "strokeIds": [
                0,
                1
            ]
        }
    },
    {
        "prob": 0.7425437569618225,
        "relation": "R",
        "symChild": {
            "latex": "x",
            "strokeIds": [
                5,
                6
            ]
        },
        "symRoot": {
            "latex": "x",
            "strokeIds": [
                0,
                1
            ]
        }
    },
    {
        "prob": 0.9871988892555237,
        "relation": "Sup",
        "symChild": {
            "latex": "\\prime",
            "strokeIds": [
                2
            ]
        },
        "symRoot": {
            "latex": "x",
            "strokeIds": [
                0,
                1
            ]
        }
    },
    {
        "prob": 0.9992604851722717,
        "relation": "R",
        "symChild": {
            "latex": "x",
            "strokeIds": [
                5,
                6
            ]
        },
        "symRoot": {
            "latex": "=",
            "strokeIds": [
                3,
                4
            ]
        }
    },
    {
        "prob": 0.8749750256538391,
        "relation": "R",
        "symChild": {
            "latex": "\\cos",
            "strokeIds": [
                7,
                8,
                9
            ]
        },
        "symRoot": {
            "latex": "=",
            "strokeIds": [
                3,
                4
            ]
        }
    },
    {
        "prob": 0.9999105930328369,
        "relation": "R",
        "symChild": {
            "latex": "\\cos",
            "strokeIds": [
                7,
                8,
                9
            ]
        },
        "symRoot": {
            "latex": "x",
            "strokeIds": [
                5,
                6
            ]
        }
    },
    {
        "prob": 0.9997784495353699,
        "relation": "R",
        "symChild": {
            "latex": "\\theta",
            "strokeIds": [
                10,
                11
            ]
        },
        "symRoot": {
            "latex": "\\cos",
            "strokeIds": [
                7,
                8,
                9
            ]
        }
    },
    {
        "prob": 0.9987776875495911,
        "relation": "R",
        "symChild": {
            "latex": "+",
            "strokeIds": [
                12,
                13
            ]
        },
        "symRoot": {
            "latex": "\\theta",
            "strokeIds": [
                10,
                11
            ]
        }
    },
    {
        "prob": 0.9456455707550049,
        "relation": "R",
        "symChild": {
            "latex": "y",
            "strokeIds": [
                14
            ]
        },
        "symRoot": {
            "latex": "\\theta",
            "strokeIds": [
                10,
                11
            ]
        }
    },
    {
        "prob": 0.6990509629249573,
        "relation": "R",
        "symChild": {
            "latex": "\\sin",
            "strokeIds": [
                15,
                16,
                17,
                18
            ]
        },
        "symRoot": {
            "latex": "\\theta",
            "strokeIds": [
                10,
                11
            ]
        }
    },
    {
        "prob": 0.9998936653137207,
        "relation": "R",
        "symChild": {
            "latex": "y",
            "strokeIds": [
                14
            ]
        },
        "symRoot": {
            "latex": "+",
            "strokeIds": [
                12,
                13
            ]
        }
    },
    {
        "prob": 0.9998769760131836,
        "relation": "R",
        "symChild": {
            "latex": "\\sin",
            "strokeIds": [
                15,
                16,
                17,
                18
            ]
        },
        "symRoot": {
            "latex": "y",
            "strokeIds": [
                14
            ]
        }
    },
    {
        "prob": 0.9999161958694458,
        "relation": "R",
        "symChild": {
            "latex": "\\theta",
            "strokeIds": [
                19,
                20
            ]
        },
        "symRoot": {
            "latex": "\\sin",
            "strokeIds": [
                15,
                16,
                17,
                18
            ]
        }
    }
]
