[
    {
        "prob": 0.9995705485343933,
        "relation": "R",
        "symChild": {
            "latex": "=",
            "strokeIds": [
                3,
                4
            ]
        },
        "symRoot": {
            "latex": "x",
            "strokeIds": [
                0,
                1
            ]
        }
    },
    {
        "prob": 0.959504246711731,
        "relation": "R",
        "symChild": {
            "latex": "x",
            "strokeIds": [
                5,
                6
            ]
        },
        "symRoot": {
            "latex": "x",
            "strokeIds": [
                0,
                1
            ]
        }
    },
    {
        "prob": 0.9688199758529663,
        "relation": "R",
        "symChild": {
            "latex": "\\cos",
            "strokeIds": [
                7,
                8,
                9
            ]
        },
        "symRoot": {
            "latex": "x",
            "strokeIds": [
                0,
                1
            ]
        }
    },
    {
        "prob": 0.961605966091156,
        "relation": "Sup",
        "symChild": {
            "latex": "\\prime",
            "strokeIds": [
                2
            ]
        },
        "symRoot": {
            "latex": "x",
            "strokeIds": [
                0,
                1
            ]
        }
    },
    {
        "prob": 0.9996028542518616,
        "relation": "R",
        "symChild": {
            "latex": "x",
            "strokeIds": [
                5,
                6
            ]
        },
        "symRoot": {
            "latex": "=",
            "strokeIds": [
                3,
                4
            ]
        }
    },
    {
        "prob": 0.7628974318504333,
        "relation": "R",
        "symChild": {
            "latex": "\\cos",
            "strokeIds": [
                7,
                8,
                9
            ]
        },
        "symRoot": {
            "latex": "=",
            "strokeIds": [
                3,
                4
            ]
        }
    },
    {
        "prob": 0.9999544620513916,
        "relation": "R",
        "symChild": {
            "latex": "\\cos",
            "strokeIds": [
                7,
                8,
                9
            ]
        },
        "symRoot": {
            "latex": "x",
            "strokeIds": [
                5,
                6
            ]
        }
    },
    {
        "prob": 0.9995854496955872,
        "relation": "R",
        "symChild": {
            "latex": "\\theta",
            "strokeIds": [
                10,
                11
            ]
        },
        "symRoot": {
            "latex": "\\cos",
            "strokeIds": [
                7,
                8,
                9
            ]
        }
    },
    {
        "prob": 0.9997850060462952,
        "relation": "R",
        "symChild": {
            "latex": "+",
            "strokeIds": [
                12,
                13
            ]
        },
        "symRoot": {
            "latex": "\\theta",
            "strokeIds": [
                10,
                11
            ]
        }
    },
    {
        "prob": 0.9776127934455872,
        "relation": "R",
        "symChild": {
            "latex": "y",
            "strokeIds": [
                14
            ]
        },
        "symRoot": {
            "latex": "\\theta",
            "strokeIds": [
                10,
                11
            ]
        }
    },
    {
        "prob": 0.8155573606491089,
        "relation": "R",
        "symChild": {
            "latex": "\\sin",
            "strokeIds": [
                15,
                16,
                17,
                18
            ]
        },
        "symRoot": {
            "latex": "\\theta",
            "strokeIds": [
                10,
                11
            ]
        }
    },
    {
        "prob": 0.999862551689148,
        "relation": "R",
        "symChild": {
            "latex": "y",
            "strokeIds": [
                14
            ]
        },
        "symRoot": {
            "latex": "+",
            "strokeIds": [
                12,
                13
            ]
        }
    },
    {
        "prob": 0.999278724193573,
        "relation": "R",
        "symChild": {
            "latex": "\\sin",
            "strokeIds": [
                15,
                16,
                17,
                18
            ]
        },
        "symRoot": {
            "latex": "y",
            "strokeIds": [
                14
            ]
        }
    },
    {
        "prob": 0.9916701316833496,
        "relation": "R",
        "symChild": {
            "latex": "\\theta",
            "strokeIds": [
                19,
                20
            ]
        },
        "symRoot": {
            "latex": "\\sin",
            "strokeIds": [
                15,
                16,
                17,
                18
            ]
        }
    }
]
