[
    {
        "prob": 0.9987105131149292,
        "relation": "R",
        "symChild": {
            "latex": "=",
            "strokeIds": [
                3,
                4
            ]
        },
        "symRoot": {
            "latex": "x",
            "strokeIds": [
                0,
                1
            ]
        }
    },
    {
        "prob": 0.9777776002883911,
        "relation": "R",
        "symChild": {
            "latex": "x",
            "strokeIds": [
                5,
                6
            ]
        },
        "symRoot": {
            "latex": "x",
            "strokeIds": [
                0,
                1
            ]
        }
    },
    {
        "prob": 0.6644598841667175,
        "relation": "R",
        "symChild": {
            "latex": "\\cos",
            "strokeIds": [
                7,
                8,
                9
            ]
        },
        "symRoot": {
            "latex": "x",
            "strokeIds": [
                0,
                1
            ]
        }
    },
    {
        "prob": 0.8470779061317444,
        "relation": "Sup",
        "symChild": {
            "latex": "\\prime",
            "strokeIds": [
                2
            ]
        },
        "symRoot": {
            "latex": "x",
            "strokeIds": [
                0,
                1
            ]
        }
    },
    {
        "prob": 0.9994018077850342,
        "relation": "R",
        "symChild": {
            "latex": "x",
            "strokeIds": [
                5,
                6
            ]
        },
        "symRoot": {
            "latex": "=",
            "strokeIds": [
                3,
                4
            ]
        }
    },
    {
        "prob": 0.6085967421531677,
        "relation": "R",
        "symChild": {
            "latex": "\\cos",
            "strokeIds": [
                7,
                8,
                9
            ]
        },
        "symRoot": {
            "latex": "=",
            "strokeIds": [
                3,
                4
            ]
        }
    },
    {
        "prob": 0.999946117401123,
        "relation": "R",
        "symChild": {
            "latex": "\\cos",
            "strokeIds": [
                7,
                8,
                9
            ]
        },
        "symRoot": {
            "latex": "x",
            "strokeIds": [
                5,
                6
            ]
        }
    },
    {
        "prob": 0.9985705614089966,
        "relation": "R",
        "symChild": {
            "latex": "\\theta",
            "strokeIds": [
                10,
                11
            ]
        },
        "symRoot": {
            "latex": "\\cos",
            "strokeIds": [
                7,
                8,
                9
            ]
        }
    },
    {
        "prob": 0.9992144107818604,
        "relation": "R",
        "symChild": {
            "latex": "+",
            "strokeIds": [
                12,
                13
            ]
        },
        "symRoot": {
            "latex": "\\theta",
            "strokeIds": [
                10,
                11
            ]
        }
    },
    {
        "prob": 0.914470911026001,
        "relation": "R",
        "symChild": {
            "latex": "y",
            "strokeIds": [
                14
            ]
        },
        "symRoot": {
            "latex": "\\theta",
            "strokeIds": [
                10,
                11
            ]
        }
    },
    {
        "prob": 0.8104296326637268,
        "relation": "R",
        "symChild": {
            "latex": "\\sin",
            "strokeIds": [
                15,
                16,
                17
            ]
        },
        "symRoot": {
            "latex": "\\theta",
            "strokeIds": [
                10,
                11
            ]
        }
    },
    {
        "prob": 0.9993031024932861,
        "relation": "R",
        "symChild": {
            "latex": "y",
            "strokeIds": [
                14
            ]
        },
        "symRoot": {
            "latex": "+",
            "strokeIds": [
                12,
                13
            ]
        }
    },
    {
        "prob": 0.9991164803504944,
        "relation": "R",
        "symChild": {
            "latex": "\\sin",
            "strokeIds": [
                15,
                16,
                17
            ]
        },
        "symRoot": {
            "latex": "y",
            "strokeIds": [
                14
            ]
        }
    },
    {
        "prob": 0.9997939467430115,
        "relation": "R",
        "symChild": {
            "latex": "\\theta",
            "strokeIds": [
                18,
                19
            ]
        },
        "symRoot": {
            "latex": "\\sin",
            "strokeIds": [
                15,
                16,
                17
            ]
        }
    }
]
