[
    {
        "prob": 0.9988316893577576,
        "relation": "R",
        "symChild": {
            "latex": "=",
            "strokeIds": [
                1,
                2
            ]
        },
        "symRoot": {
            "latex": "y",
            "strokeIds": [
                0
            ]
        }
    },
    {
        "prob": 0.9884202480316162,
        "relation": "R",
        "symChild": {
            "latex": "r",
            "strokeIds": [
                3
            ]
        },
        "symRoot": {
            "latex": "y",
            "strokeIds": [
                0
            ]
        }
    },
    {
        "prob": 0.3616943955421448,
        "relation": "R",
        "symChild": {
            "latex": "\\sin",
            "strokeIds": [
                4,
                5,
                6,
                7
            ]
        },
        "symRoot": {
            "latex": "y",
            "strokeIds": [
                0
            ]
        }
    },
    {
        "prob": 0.999373733997345,
        "relation": "R",
        "symChild": {
            "latex": "r",
            "strokeIds": [
                3
            ]
        },
        "symRoot": {
            "latex": "=",
            "strokeIds": [
                1,
                2
            ]
        }
    },
    {
        "prob": 0.4331856966018677,
        "relation": "R",
        "symChild": {
            "latex": "\\sin",
            "strokeIds": [
                4,
                5,
                6,
                7
            ]
        },
        "symRoot": {
            "latex": "=",
            "strokeIds": [
                1,
                2
            ]
        }
    },
    {
        "prob": 0.9995785355567932,
        "relation": "R",
        "symChild": {
            "latex": "\\sin",
            "strokeIds": [
                4,
                5,
                6,
                7
            ]
        },
        "symRoot": {
            "latex": "r",
            "strokeIds": [
                3
            ]
        }
    },
    {
        "prob": 0.9998414516448975,
        "relation": "R",
        "symChild": {
            "latex": "\\theta",
            "strokeIds": [
                8,
                9
            ]
        },
        "symRoot": {
            "latex": "\\sin",
            "strokeIds": [
                4,
                5,
                6,
                7
            ]
        }
    }
]
