[
    {
        "prob": 0.9943673014640808,
        "relation": "R",
        "symChild": {
            "latex": "=",
            "strokeIds": [
                8,
                9
            ]
        },
        "symRoot": {
            "latex": "-",
            "strokeIds": [
                1
            ]
        }
    },
    {
        "prob": 0.9972531199455261,
        "relation": "R",
        "symChild": {
            "latex": "-",
            "strokeIds": [
                11
            ]
        },
        "symRoot": {
            "latex": "-",
            "strokeIds": [
                1
            ]
        }
    },
    {
        "prob": 0.9779730439186096,
        "relation": "Be",
        "symChild": {
            "latex": "\\sin",
            "strokeIds": [
                2,
                3,
                4,
                5
            ]
        },
        "symRoot": {
            "latex": "-",
            "strokeIds": [
                1
            ]
        }
    },
    {
        "prob": 0.9587799310684204,
        "relation": "Be",
        "symChild": {
            "latex": "A",
            "strokeIds": [
                6,
                7
            ]
        },
        "symRoot": {
            "latex": "-",
            "strokeIds": [
                1
            ]
        }
    },
    {
        "prob": 0.9278162717819214,
        "relation": "Ab",
        "symChild": {
            "latex": "a",
            "strokeIds": [
                0
            ]
        },
        "symRoot": {
            "latex": "-",
            "strokeIds": [
                1
            ]
        }
    },
    {
        "prob": 0.999800980091095,
        "relation": "R",
        "symChild": {
            "latex": "A",
            "strokeIds": [
                6,
                7
            ]
        },
        "symRoot": {
            "latex": "\\sin",
            "strokeIds": [
                2,
                3,
                4,
                5
            ]
        }
    },
    {
        "prob": 0.5586415529251099,
        "relation": "R",
        "symChild": {
            "latex": "-",
            "strokeIds": [
                11
            ]
        },
        "symRoot": {
            "latex": "\\sin",
            "strokeIds": [
                2,
                3,
                4,
                5
            ]
        }
    },
    {
        "prob": 0.9997327923774719,
        "relation": "R",
        "symChild": {
            "latex": "-",
            "strokeIds": [
                11
            ]
        },
        "symRoot": {
            "latex": "=",
            "strokeIds": [
                8,
                9
            ]
        }
    },
    {
        "prob": 0.47878310084342957,
        "relation": "R",
        "symChild": {
            "latex": "-",
            "strokeIds": [
                21
            ]
        },
        "symRoot": {
            "latex": "b",
            "strokeIds": [
                10
            ]
        }
    },
    {
        "prob": 0.9930866360664368,
        "relation": "R",
        "symChild": {
            "latex": "=",
            "strokeIds": [
                18,
                19
            ]
        },
        "symRoot": {
            "latex": "-",
            "strokeIds": [
                11
            ]
        }
    },
    {
        "prob": 0.9940627217292786,
        "relation": "R",
        "symChild": {
            "latex": "-",
            "strokeIds": [
                21
            ]
        },
        "symRoot": {
            "latex": "-",
            "strokeIds": [
                11
            ]
        }
    },
    {
        "prob": 0.992649495601654,
        "relation": "Be",
        "symChild": {
            "latex": "\\sin",
            "strokeIds": [
                12,
                13,
                14,
                15
            ]
        },
        "symRoot": {
            "latex": "-",
            "strokeIds": [
                11
            ]
        }
    },
    {
        "prob": 0.9124979972839355,
        "relation": "Be",
        "symChild": {
            "latex": "B",
            "strokeIds": [
                16,
                17
            ]
        },
        "symRoot": {
            "latex": "-",
            "strokeIds": [
                11
            ]
        }
    },
    {
        "prob": 0.9207435250282288,
        "relation": "Ab",
        "symChild": {
            "latex": "b",
            "strokeIds": [
                10
            ]
        },
        "symRoot": {
            "latex": "-",
            "strokeIds": [
                11
            ]
        }
    },
    {
        "prob": 0.9996052384376526,
        "relation": "R",
        "symChild": {
            "latex": "B",
            "strokeIds": [
                16,
                17
            ]
        },
        "symRoot": {
            "latex": "\\sin",
            "strokeIds": [
                12,
                13,
                14,
                15
            ]
        }
    },
    {
        "prob": 0.9999417066574097,
        "relation": "R",
        "symChild": {
            "latex": "-",
            "strokeIds": [
                21
            ]
        },
        "symRoot": {
            "latex": "=",
            "strokeIds": [
                18,
                19
            ]
        }
    },
    {
        "prob": 0.9985342025756836,
        "relation": "Be",
        "symChild": {
            "latex": "\\sin",
            "strokeIds": [
                22,
                23,
                24,
                25
            ]
        },
        "symRoot": {
            "latex": "-",
            "strokeIds": [
                21
            ]
        }
    },
    {
        "prob": 0.913006603717804,
        "relation": "Be",
        "symChild": {
            "latex": "C",
            "strokeIds": [
                26
            ]
        },
        "symRoot": {
            "latex": "-",
            "strokeIds": [
                21
            ]
        }
    },
    {
        "prob": 0.807712972164154,
        "relation": "Ab",
        "symChild": {
            "latex": "c",
            "strokeIds": [
                20
            ]
        },
        "symRoot": {
            "latex": "-",
            "strokeIds": [
                21
            ]
        }
    },
    {
        "prob": 0.9998098015785217,
        "relation": "R",
        "symChild": {
            "latex": "C",
            "strokeIds": [
                26
            ]
        },
        "symRoot": {
            "latex": "\\sin",
            "strokeIds": [
                22,
                23,
                24,
                25
            ]
        }
    }
]
