[
    {
        "prob": 0.9965131878852844,
        "relation": "R",
        "symChild": {
            "latex": "=",
            "strokeIds": [
                16,
                17
            ]
        },
        "symRoot": {
            "latex": "-",
            "strokeIds": [
                2,
                3
            ]
        }
    },
    {
        "prob": 0.9970325231552124,
        "relation": "R",
        "symChild": {
            "latex": "-",
            "strokeIds": [
                22,
                23
            ]
        },
        "symRoot": {
            "latex": "-",
            "strokeIds": [
                2,
                3
            ]
        }
    },
    {
        "prob": 0.8741515278816223,
        "relation": "Be",
        "symChild": {
            "latex": "\\sin",
            "strokeIds": [
                4,
                5,
                6,
                7,
                8,
                9,
                10,
                11
            ]
        },
        "symRoot": {
            "latex": "-",
            "strokeIds": [
                2,
                3
            ]
        }
    },
    {
        "prob": 0.895236611366272,
        "relation": "Be",
        "symChild": {
            "latex": "A",
            "strokeIds": [
                12,
                13,
                14,
                15
            ]
        },
        "symRoot": {
            "latex": "-",
            "strokeIds": [
                2,
                3
            ]
        }
    },
    {
        "prob": 0.9875498414039612,
        "relation": "Ab",
        "symChild": {
            "latex": "a",
            "strokeIds": [
                0,
                1
            ]
        },
        "symRoot": {
            "latex": "-",
            "strokeIds": [
                2,
                3
            ]
        }
    },
    {
        "prob": 0.9994895458221436,
        "relation": "R",
        "symChild": {
            "latex": "A",
            "strokeIds": [
                12,
                13,
                14,
                15
            ]
        },
        "symRoot": {
            "latex": "\\sin",
            "strokeIds": [
                4,
                5,
                6,
                7,
                8,
                9,
                10,
                11
            ]
        }
    },
    {
        "prob": 0.9998082518577576,
        "relation": "R",
        "symChild": {
            "latex": "-",
            "strokeIds": [
                22,
                23
            ]
        },
        "symRoot": {
            "latex": "=",
            "strokeIds": [
                16,
                17
            ]
        }
    },
    {
        "prob": 0.9910851120948792,
        "relation": "R",
        "symChild": {
            "latex": "=",
            "strokeIds": [
                36,
                37,
                38,
                39
            ]
        },
        "symRoot": {
            "latex": "-",
            "strokeIds": [
                22,
                23
            ]
        }
    },
    {
        "prob": 0.9997676014900208,
        "relation": "R",
        "symChild": {
            "latex": "-",
            "strokeIds": [
                42,
                43
            ]
        },
        "symRoot": {
            "latex": "-",
            "strokeIds": [
                22,
                23
            ]
        }
    },
    {
        "prob": 0.954959511756897,
        "relation": "Be",
        "symChild": {
            "latex": "\\sin",
            "strokeIds": [
                24,
                25,
                26,
                27,
                28,
                29,
                30,
                31
            ]
        },
        "symRoot": {
            "latex": "-",
            "strokeIds": [
                22,
                23
            ]
        }
    },
    {
        "prob": 0.955862283706665,
        "relation": "Be",
        "symChild": {
            "latex": "B",
            "strokeIds": [
                32,
                33,
                34,
                35
            ]
        },
        "symRoot": {
            "latex": "-",
            "strokeIds": [
                22,
                23
            ]
        }
    },
    {
        "prob": 0.9687891602516174,
        "relation": "Ab",
        "symChild": {
            "latex": "b",
            "strokeIds": [
                18,
                19,
                20,
                21
            ]
        },
        "symRoot": {
            "latex": "-",
            "strokeIds": [
                22,
                23
            ]
        }
    },
    {
        "prob": 0.9390533566474915,
        "relation": "R",
        "symChild": {
            "latex": "B",
            "strokeIds": [
                32,
                33,
                34,
                35
            ]
        },
        "symRoot": {
            "latex": "\\sin",
            "strokeIds": [
                24,
                25,
                26,
                27,
                28,
                29,
                30,
                31
            ]
        }
    },
    {
        "prob": 0.9999595880508423,
        "relation": "R",
        "symChild": {
            "latex": "-",
            "strokeIds": [
                42,
                43
            ]
        },
        "symRoot": {
            "latex": "=",
            "strokeIds": [
                36,
                37,
                38,
                39
            ]
        }
    },
    {
        "prob": 0.9965183734893799,
        "relation": "Be",
        "symChild": {
            "latex": "\\sin",
            "strokeIds": [
                44,
                45,
                46,
                47,
                48,
                49,
                50,
                51
            ]
        },
        "symRoot": {
            "latex": "-",
            "strokeIds": [
                42,
                43
            ]
        }
    },
    {
        "prob": 0.9835996627807617,
        "relation": "Be",
        "symChild": {
            "latex": "C",
            "strokeIds": [
                52,
                53
            ]
        },
        "symRoot": {
            "latex": "-",
            "strokeIds": [
                42,
                43
            ]
        }
    },
    {
        "prob": 0.9856479167938232,
        "relation": "Ab",
        "symChild": {
            "latex": "c",
            "strokeIds": [
                40,
                41
            ]
        },
        "symRoot": {
            "latex": "-",
            "strokeIds": [
                42,
                43
            ]
        }
    },
    {
        "prob": 0.998963475227356,
        "relation": "R",
        "symChild": {
            "latex": "C",
            "strokeIds": [
                52,
                53
            ]
        },
        "symRoot": {
            "latex": "\\sin",
            "strokeIds": [
                44,
                45,
                46,
                47,
                48,
                49,
                50,
                51
            ]
        }
    }
]
