[
    {
        "prob": 0.9980803728103638,
        "relation": "R",
        "symChild": {
            "latex": "\\alpha",
            "strokeIds": [
                3
            ]
        },
        "symRoot": {
            "latex": "\\cos",
            "strokeIds": [
                0,
                1,
                2
            ]
        }
    },
    {
        "prob": 0.595542311668396,
        "relation": "R",
        "symChild": {
            "latex": "-",
            "strokeIds": [
                6
            ]
        },
        "symRoot": {
            "latex": "\\cos",
            "strokeIds": [
                0,
                1,
                2
            ]
        }
    },
    {
        "prob": 0.6013984084129333,
        "relation": "R",
        "symChild": {
            "latex": "=",
            "strokeIds": [
                4,
                5
            ]
        },
        "symRoot": {
            "latex": "\\alpha",
            "strokeIds": [
                3
            ]
        }
    },
    {
        "prob": 0.7704320549964905,
        "relation": "R",
        "symChild": {
            "latex": "-",
            "strokeIds": [
                6
            ]
        },
        "symRoot": {
            "latex": "\\alpha",
            "strokeIds": [
                3
            ]
        }
    },
    {
        "prob": 0.9970366954803467,
        "relation": "R",
        "symChild": {
            "latex": "-",
            "strokeIds": [
                6
            ]
        },
        "symRoot": {
            "latex": "=",
            "strokeIds": [
                4,
                5
            ]
        }
    },
    {
        "prob": 0.9991497993469238,
        "relation": "Be",
        "symChild": {
            "latex": "\\sqrt",
            "strokeIds": [
                8
            ]
        },
        "symRoot": {
            "latex": "-",
            "strokeIds": [
                6
            ]
        }
    },
    {
        "prob": 0.9538183212280273,
        "relation": "Be",
        "symChild": {
            "latex": "2",
            "strokeIds": [
                10
            ]
        },
        "symRoot": {
            "latex": "-",
            "strokeIds": [
                6
            ]
        }
    },
    {
        "prob": 0.9721843004226685,
        "relation": "Be",
        "symChild": {
            "latex": "b",
            "strokeIds": [
                13
            ]
        },
        "symRoot": {
            "latex": "-",
            "strokeIds": [
                6
            ]
        }
    },
    {
        "prob": 0.940869152545929,
        "relation": "Be",
        "symChild": {
            "latex": "2",
            "strokeIds": [
                14
            ]
        },
        "symRoot": {
            "latex": "-",
            "strokeIds": [
                6
            ]
        }
    },
    {
        "prob": 0.8489662408828735,
        "relation": "Be",
        "symChild": {
            "latex": "2",
            "strokeIds": [
                18
            ]
        },
        "symRoot": {
            "latex": "-",
            "strokeIds": [
                6
            ]
        }
    },
    {
        "prob": 0.9174578785896301,
        "relation": "Ab",
        "symChild": {
            "latex": "a",
            "strokeIds": [
                7
            ]
        },
        "symRoot": {
            "latex": "-",
            "strokeIds": [
                6
            ]
        }
    },
    {
        "prob": 0.9994667172431946,
        "relation": "In",
        "symChild": {
            "latex": "a",
            "strokeIds": [
                9
            ]
        },
        "symRoot": {
            "latex": "\\sqrt",
            "strokeIds": [
                8
            ]
        }
    },
    {
        "prob": 0.9988300204277039,
        "relation": "In",
        "symChild": {
            "latex": "+",
            "strokeIds": [
                11,
                12
            ]
        },
        "symRoot": {
            "latex": "\\sqrt",
            "strokeIds": [
                8
            ]
        }
    },
    {
        "prob": 0.9990836381912231,
        "relation": "In",
        "symChild": {
            "latex": "b",
            "strokeIds": [
                13
            ]
        },
        "symRoot": {
            "latex": "\\sqrt",
            "strokeIds": [
                8
            ]
        }
    },
    {
        "prob": 0.9988343119621277,
        "relation": "In",
        "symChild": {
            "latex": "+",
            "strokeIds": [
                15,
                16
            ]
        },
        "symRoot": {
            "latex": "\\sqrt",
            "strokeIds": [
                8
            ]
        }
    },
    {
        "prob": 0.9993602633476257,
        "relation": "In",
        "symChild": {
            "latex": "c",
            "strokeIds": [
                17
            ]
        },
        "symRoot": {
            "latex": "\\sqrt",
            "strokeIds": [
                8
            ]
        }
    },
    {
        "prob": 0.9601881504058838,
        "relation": "In",
        "symChild": {
            "latex": "2",
            "strokeIds": [
                18
            ]
        },
        "symRoot": {
            "latex": "\\sqrt",
            "strokeIds": [
                8
            ]
        }
    },
    {
        "prob": 0.9023101925849915,
        "relation": "R",
        "symChild": {
            "latex": "+",
            "strokeIds": [
                11,
                12
            ]
        },
        "symRoot": {
            "latex": "a",
            "strokeIds": [
                9
            ]
        }
    },
    {
        "prob": 0.9999089241027832,
        "relation": "Sup",
        "symChild": {
            "latex": "2",
            "strokeIds": [
                10
            ]
        },
        "symRoot": {
            "latex": "a",
            "strokeIds": [
                9
            ]
        }
    },
    {
        "prob": 0.9997842907905579,
        "relation": "R",
        "symChild": {
            "latex": "b",
            "strokeIds": [
                13
            ]
        },
        "symRoot": {
            "latex": "+",
            "strokeIds": [
                11,
                12
            ]
        }
    },
    {
        "prob": 0.964607298374176,
        "relation": "R",
        "symChild": {
            "latex": "+",
            "strokeIds": [
                15,
                16
            ]
        },
        "symRoot": {
            "latex": "b",
            "strokeIds": [
                13
            ]
        }
    },
    {
        "prob": 0.6750797033309937,
        "relation": "R",
        "symChild": {
            "latex": "c",
            "strokeIds": [
                17
            ]
        },
        "symRoot": {
            "latex": "b",
            "strokeIds": [
                13
            ]
        }
    },
    {
        "prob": 0.9998438358306885,
        "relation": "Sup",
        "symChild": {
            "latex": "2",
            "strokeIds": [
                14
            ]
        },
        "symRoot": {
            "latex": "b",
            "strokeIds": [
                13
            ]
        }
    },
    {
        "prob": 0.9999276399612427,
        "relation": "R",
        "symChild": {
            "latex": "c",
            "strokeIds": [
                17
            ]
        },
        "symRoot": {
            "latex": "+",
            "strokeIds": [
                15,
                16
            ]
        }
    },
    {
        "prob": 0.9999881982803345,
        "relation": "Sup",
        "symChild": {
            "latex": "2",
            "strokeIds": [
                18
            ]
        },
        "symRoot": {
            "latex": "c",
            "strokeIds": [
                17
            ]
        }
    }
]
