[
    {
        "prob": 0.981077253818512,
        "relation": "R",
        "symChild": {
            "latex": "=",
            "strokeIds": [
                2,
                3
            ]
        },
        "symRoot": {
            "latex": "t",
            "strokeIds": [
                0,
                1
            ]
        }
    },
    {
        "prob": 0.9392516016960144,
        "relation": "R",
        "symChild": {
            "latex": "k",
            "strokeIds": [
                4
            ]
        },
        "symRoot": {
            "latex": "=",
            "strokeIds": [
                2,
                3
            ]
        }
    },
    {
        "prob": 0.9832468628883362,
        "relation": "R",
        "symChild": {
            "latex": "\\sqrt",
            "strokeIds": [
                5
            ]
        },
        "symRoot": {
            "latex": "k",
            "strokeIds": [
                4
            ]
        }
    },
    {
        "prob": 0.9996871948242188,
        "relation": "In",
        "symChild": {
            "latex": "-",
            "strokeIds": [
                7
            ]
        },
        "symRoot": {
            "latex": "\\sqrt",
            "strokeIds": [
                5
            ]
        }
    },
    {
        "prob": 0.8410006165504456,
        "relation": "In",
        "symChild": {
            "latex": "m",
            "strokeIds": [
                6
            ]
        },
        "symRoot": {
            "latex": "\\sqrt",
            "strokeIds": [
                5
            ]
        }
    },
    {
        "prob": 0.9973003268241882,
        "relation": "In",
        "symChild": {
            "latex": "q",
            "strokeIds": [
                8
            ]
        },
        "symRoot": {
            "latex": "\\sqrt",
            "strokeIds": [
                5
            ]
        }
    },
    {
        "prob": 0.9944304823875427,
        "relation": "Be",
        "symChild": {
            "latex": "q",
            "strokeIds": [
                8
            ]
        },
        "symRoot": {
            "latex": "-",
            "strokeIds": [
                7
            ]
        }
    },
    {
        "prob": 0.9829825758934021,
        "relation": "Ab",
        "symChild": {
            "latex": "m",
            "strokeIds": [
                6
            ]
        },
        "symRoot": {
            "latex": "-",
            "strokeIds": [
                7
            ]
        }
    }
]
