[
    {
        "prob": 0.9936189651489258,
        "relation": "R",
        "symChild": {
            "latex": "-",
            "strokeIds": [
                3
            ]
        },
        "symRoot": {
            "latex": "a",
            "strokeIds": [
                0,
                1
            ]
        }
    },
    {
        "prob": 0.9405952095985413,
        "relation": "R",
        "symChild": {
            "latex": "2",
            "strokeIds": [
                4
            ]
        },
        "symRoot": {
            "latex": "a",
            "strokeIds": [
                0,
                1
            ]
        }
    },
    {
        "prob": 0.7217885851860046,
        "relation": "R",
        "symChild": {
            "latex": "a",
            "strokeIds": [
                5
            ]
        },
        "symRoot": {
            "latex": "a",
            "strokeIds": [
                0,
                1
            ]
        }
    },
    {
        "prob": 0.9989663362503052,
        "relation": "Sup",
        "symChild": {
            "latex": "2",
            "strokeIds": [
                2
            ]
        },
        "symRoot": {
            "latex": "a",
            "strokeIds": [
                0,
                1
            ]
        }
    },
    {
        "prob": 0.9998138546943665,
        "relation": "R",
        "symChild": {
            "latex": "2",
            "strokeIds": [
                4
            ]
        },
        "symRoot": {
            "latex": "-",
            "strokeIds": [
                3
            ]
        }
    },
    {
        "prob": 0.3528594672679901,
        "relation": "R",
        "symChild": {
            "latex": "a",
            "strokeIds": [
                5
            ]
        },
        "symRoot": {
            "latex": "-",
            "strokeIds": [
                3
            ]
        }
    },
    {
        "prob": 0.9999765157699585,
        "relation": "R",
        "symChild": {
            "latex": "a",
            "strokeIds": [
                5
            ]
        },
        "symRoot": {
            "latex": "2",
            "strokeIds": [
                4
            ]
        }
    },
    {
        "prob": 0.986404299736023,
        "relation": "R",
        "symChild": {
            "latex": "b",
            "strokeIds": [
                6
            ]
        },
        "symRoot": {
            "latex": "2",
            "strokeIds": [
                4
            ]
        }
    },
    {
        "prob": 0.9998762607574463,
        "relation": "R",
        "symChild": {
            "latex": "b",
            "strokeIds": [
                6
            ]
        },
        "symRoot": {
            "latex": "a",
            "strokeIds": [
                5
            ]
        }
    }
]
