[
    {
        "prob": 0.9379075765609741,
        "relation": "R",
        "symChild": {
            "latex": "-",
            "strokeIds": [
                3
            ]
        },
        "symRoot": {
            "latex": "x",
            "strokeIds": [
                0,
                1
            ]
        }
    },
    {
        "prob": 0.9960103034973145,
        "relation": "Sup",
        "symChild": {
            "latex": "3",
            "strokeIds": [
                2
            ]
        },
        "symRoot": {
            "latex": "x",
            "strokeIds": [
                0,
                1
            ]
        }
    },
    {
        "prob": 0.9885557293891907,
        "relation": "R",
        "symChild": {
            "latex": "x",
            "strokeIds": [
                4,
                5
            ]
        },
        "symRoot": {
            "latex": "-",
            "strokeIds": [
                3
            ]
        }
    },
    {
        "prob": 0.3643122911453247,
        "relation": "R",
        "symChild": {
            "latex": "\\sqrt",
            "strokeIds": [
                7
            ]
        },
        "symRoot": {
            "latex": "x",
            "strokeIds": [
                4,
                5
            ]
        }
    },
    {
        "prob": 0.9993883371353149,
        "relation": "Sup",
        "symChild": {
            "latex": "2",
            "strokeIds": [
                6
            ]
        },
        "symRoot": {
            "latex": "x",
            "strokeIds": [
                4,
                5
            ]
        }
    },
    {
        "prob": 0.922756552696228,
        "relation": "R",
        "symChild": {
            "latex": "+",
            "strokeIds": [
                10,
                11
            ]
        },
        "symRoot": {
            "latex": "\\sqrt",
            "strokeIds": [
                7
            ]
        }
    },
    {
        "prob": 0.9998542070388794,
        "relation": "In",
        "symChild": {
            "latex": "7",
            "strokeIds": [
                8,
                9
            ]
        },
        "symRoot": {
            "latex": "\\sqrt",
            "strokeIds": [
                7
            ]
        }
    },
    {
        "prob": 0.8491936922073364,
        "relation": "Ab",
        "symChild": {
            "latex": "2",
            "strokeIds": [
                6
            ]
        },
        "symRoot": {
            "latex": "\\sqrt",
            "strokeIds": [
                7
            ]
        }
    },
    {
        "prob": 0.9943817257881165,
        "relation": "R",
        "symChild": {
            "latex": "x",
            "strokeIds": [
                12,
                13
            ]
        },
        "symRoot": {
            "latex": "+",
            "strokeIds": [
                10,
                11
            ]
        }
    },
    {
        "prob": 0.9890016317367554,
        "relation": "R",
        "symChild": {
            "latex": "+",
            "strokeIds": [
                14,
                15
            ]
        },
        "symRoot": {
            "latex": "x",
            "strokeIds": [
                12,
                13
            ]
        }
    },
    {
        "prob": 0.9205015301704407,
        "relation": "R",
        "symChild": {
            "latex": "-",
            "strokeIds": [
                17
            ]
        },
        "symRoot": {
            "latex": "x",
            "strokeIds": [
                12,
                13
            ]
        }
    },
    {
        "prob": 0.988978922367096,
        "relation": "R",
        "symChild": {
            "latex": "-",
            "strokeIds": [
                17
            ]
        },
        "symRoot": {
            "latex": "+",
            "strokeIds": [
                14,
                15
            ]
        }
    },
    {
        "prob": 0.9997649788856506,
        "relation": "Be",
        "symChild": {
            "latex": "\\sqrt",
            "strokeIds": [
                18
            ]
        },
        "symRoot": {
            "latex": "-",
            "strokeIds": [
                17
            ]
        }
    },
    {
        "prob": 0.8997505307197571,
        "relation": "Be",
        "symChild": {
            "latex": "7",
            "strokeIds": [
                19,
                20
            ]
        },
        "symRoot": {
            "latex": "-",
            "strokeIds": [
                17
            ]
        }
    },
    {
        "prob": 0.9295197129249573,
        "relation": "Ab",
        "symChild": {
            "latex": "1",
            "strokeIds": [
                16
            ]
        },
        "symRoot": {
            "latex": "-",
            "strokeIds": [
                17
            ]
        }
    },
    {
        "prob": 0.999925971031189,
        "relation": "In",
        "symChild": {
            "latex": "7",
            "strokeIds": [
                19,
                20
            ]
        },
        "symRoot": {
            "latex": "\\sqrt",
            "strokeIds": [
                18
            ]
        }
    }
]
