[
    {
        "prob": 0.9999090433120728,
        "relation": "R",
        "symChild": {
            "latex": "(",
            "strokeIds": [
                3
            ]
        },
        "symRoot": {
            "latex": "\\pi",
            "strokeIds": [
                0,
                1,
                2
            ]
        }
    },
    {
        "prob": 0.9908705353736877,
        "relation": "R",
        "symChild": {
            "latex": "x",
            "strokeIds": [
                4,
                5
            ]
        },
        "symRoot": {
            "latex": "\\pi",
            "strokeIds": [
                0,
                1,
                2
            ]
        }
    },
    {
        "prob": 0.9631708860397339,
        "relation": "R",
        "symChild": {
            "latex": ")",
            "strokeIds": [
                6
            ]
        },
        "symRoot": {
            "latex": "\\pi",
            "strokeIds": [
                0,
                1,
                2
            ]
        }
    },
    {
        "prob": 0.754112184047699,
        "relation": "R",
        "symChild": {
            "latex": "=",
            "strokeIds": [
                7,
                8
            ]
        },
        "symRoot": {
            "latex": "\\pi",
            "strokeIds": [
                0,
                1,
                2
            ]
        }
    },
    {
        "prob": 0.9999814033508301,
        "relation": "R",
        "symChild": {
            "latex": "x",
            "strokeIds": [
                4,
                5
            ]
        },
        "symRoot": {
            "latex": "(",
            "strokeIds": [
                3
            ]
        }
    },
    {
        "prob": 0.9999136924743652,
        "relation": "R",
        "symChild": {
            "latex": ")",
            "strokeIds": [
                6
            ]
        },
        "symRoot": {
            "latex": "x",
            "strokeIds": [
                4,
                5
            ]
        }
    },
    {
        "prob": 0.9976060390472412,
        "relation": "R",
        "symChild": {
            "latex": "=",
            "strokeIds": [
                7,
                8
            ]
        },
        "symRoot": {
            "latex": "x",
            "strokeIds": [
                4,
                5
            ]
        }
    },
    {
        "prob": 0.7980964779853821,
        "relation": "R",
        "symChild": {
            "latex": "m",
            "strokeIds": [
                9
            ]
        },
        "symRoot": {
            "latex": "x",
            "strokeIds": [
                4,
                5
            ]
        }
    },
    {
        "prob": 0.9997497200965881,
        "relation": "R",
        "symChild": {
            "latex": "=",
            "strokeIds": [
                7,
                8
            ]
        },
        "symRoot": {
            "latex": ")",
            "strokeIds": [
                6
            ]
        }
    },
    {
        "prob": 0.9992560744285583,
        "relation": "R",
        "symChild": {
            "latex": "m",
            "strokeIds": [
                9
            ]
        },
        "symRoot": {
            "latex": "=",
            "strokeIds": [
                7,
                8
            ]
        }
    }
]
