[
    {
        "prob": 0.9598233103752136,
        "relation": "R",
        "symChild": {
            "latex": "j",
            "strokeIds": [
                3,
                4
            ]
        },
        "symRoot": {
            "latex": "p",
            "strokeIds": [
                0
            ]
        }
    },
    {
        "prob": 0.960699737071991,
        "relation": "Sub",
        "symChild": {
            "latex": "i",
            "strokeIds": [
                1,
                2
            ]
        },
        "symRoot": {
            "latex": "p",
            "strokeIds": [
                0
            ]
        }
    },
    {
        "prob": 0.9994506239891052,
        "relation": "R",
        "symChild": {
            "latex": "j",
            "strokeIds": [
                3,
                4
            ]
        },
        "symRoot": {
            "latex": "i",
            "strokeIds": [
                1,
                2
            ]
        }
    }
]
