[
    {
        "prob": 0.9997819066047668,
        "relation": "R",
        "symChild": {
            "latex": "-",
            "strokeIds": [
                2
            ]
        },
        "symRoot": {
            "latex": "\\sqrt",
            "strokeIds": [
                0
            ]
        }
    },
    {
        "prob": 0.6304565072059631,
        "relation": "R",
        "symChild": {
            "latex": "1",
            "strokeIds": [
                3
            ]
        },
        "symRoot": {
            "latex": "\\sqrt",
            "strokeIds": [
                0
            ]
        }
    },
    {
        "prob": 0.9993332028388977,
        "relation": "In",
        "symChild": {
            "latex": "2",
            "strokeIds": [
                1
            ]
        },
        "symRoot": {
            "latex": "\\sqrt",
            "strokeIds": [
                0
            ]
        }
    },
    {
        "prob": 0.45426124334335327,
        "relation": "R",
        "symChild": {
            "latex": "1",
            "strokeIds": [
                3
            ]
        },
        "symRoot": {
            "latex": "2",
            "strokeIds": [
                1
            ]
        }
    },
    {
        "prob": 0.999546229839325,
        "relation": "R",
        "symChild": {
            "latex": "1",
            "strokeIds": [
                3
            ]
        },
        "symRoot": {
            "latex": "-",
            "strokeIds": [
                2
            ]
        }
    }
]
