[
    {
        "prob": 0.9997662901878357,
        "relation": "R",
        "symChild": {
            "latex": "p",
            "strokeIds": [
                1
            ]
        },
        "symRoot": {
            "latex": "(",
            "strokeIds": [
                0
            ]
        }
    },
    {
        "prob": 0.822815477848053,
        "relation": "R",
        "symChild": {
            "latex": "COMMA",
            "strokeIds": [
                2
            ]
        },
        "symRoot": {
            "latex": "(",
            "strokeIds": [
                0
            ]
        }
    },
    {
        "prob": 0.3307715058326721,
        "relation": "R",
        "symChild": {
            "latex": "l",
            "strokeIds": [
                3
            ]
        },
        "symRoot": {
            "latex": "(",
            "strokeIds": [
                0
            ]
        }
    },
    {
        "prob": 0.9991703033447266,
        "relation": "R",
        "symChild": {
            "latex": "COMMA",
            "strokeIds": [
                2
            ]
        },
        "symRoot": {
            "latex": "p",
            "strokeIds": [
                1
            ]
        }
    },
    {
        "prob": 0.8931484222412109,
        "relation": "R",
        "symChild": {
            "latex": "l",
            "strokeIds": [
                3
            ]
        },
        "symRoot": {
            "latex": "p",
            "strokeIds": [
                1
            ]
        }
    },
    {
        "prob": 0.8507438898086548,
        "relation": "R",
        "symChild": {
            "latex": ")",
            "strokeIds": [
                4
            ]
        },
        "symRoot": {
            "latex": "p",
            "strokeIds": [
                1
            ]
        }
    },
    {
        "prob": 0.9998852014541626,
        "relation": "R",
        "symChild": {
            "latex": "l",
            "strokeIds": [
                3
            ]
        },
        "symRoot": {
            "latex": "COMMA",
            "strokeIds": [
                2
            ]
        }
    },
    {
        "prob": 0.9997549653053284,
        "relation": "R",
        "symChild": {
            "latex": ")",
            "strokeIds": [
                4
            ]
        },
        "symRoot": {
            "latex": "l",
            "strokeIds": [
                3
            ]
        }
    }
]
