[
    {
        "prob": 0.9996570348739624,
        "relation": "R",
        "symChild": {
            "latex": "(",
            "strokeIds": [
                1
            ]
        },
        "symRoot": {
            "latex": "y",
            "strokeIds": [
                0
            ]
        }
    },
    {
        "prob": 0.9980306029319763,
        "relation": "R",
        "symChild": {
            "latex": "0",
            "strokeIds": [
                2
            ]
        },
        "symRoot": {
            "latex": "y",
            "strokeIds": [
                0
            ]
        }
    },
    {
        "prob": 0.949096143245697,
        "relation": "R",
        "symChild": {
            "latex": ")",
            "strokeIds": [
                3
            ]
        },
        "symRoot": {
            "latex": "y",
            "strokeIds": [
                0
            ]
        }
    },
    {
        "prob": 0.7574706673622131,
        "relation": "R",
        "symChild": {
            "latex": "=",
            "strokeIds": [
                4,
                5
            ]
        },
        "symRoot": {
            "latex": "y",
            "strokeIds": [
                0
            ]
        }
    },
    {
        "prob": 0.9999803304672241,
        "relation": "R",
        "symChild": {
            "latex": "0",
            "strokeIds": [
                2
            ]
        },
        "symRoot": {
            "latex": "(",
            "strokeIds": [
                1
            ]
        }
    },
    {
        "prob": 0.8598610162734985,
        "relation": "R",
        "symChild": {
            "latex": "=",
            "strokeIds": [
                4,
                5
            ]
        },
        "symRoot": {
            "latex": "(",
            "strokeIds": [
                1
            ]
        }
    },
    {
        "prob": 0.9999716281890869,
        "relation": "R",
        "symChild": {
            "latex": ")",
            "strokeIds": [
                3
            ]
        },
        "symRoot": {
            "latex": "0",
            "strokeIds": [
                2
            ]
        }
    },
    {
        "prob": 0.4050520658493042,
        "relation": "R",
        "symChild": {
            "latex": "=",
            "strokeIds": [
                4,
                5
            ]
        },
        "symRoot": {
            "latex": "0",
            "strokeIds": [
                2
            ]
        }
    },
    {
        "prob": 0.9997956156730652,
        "relation": "R",
        "symChild": {
            "latex": "=",
            "strokeIds": [
                4,
                5
            ]
        },
        "symRoot": {
            "latex": ")",
            "strokeIds": [
                3
            ]
        }
    },
    {
        "prob": 0.6966063380241394,
        "relation": "R",
        "symChild": {
            "latex": "\\alpha",
            "strokeIds": [
                6
            ]
        },
        "symRoot": {
            "latex": ")",
            "strokeIds": [
                3
            ]
        }
    },
    {
        "prob": 0.9990031123161316,
        "relation": "R",
        "symChild": {
            "latex": "\\alpha",
            "strokeIds": [
                6
            ]
        },
        "symRoot": {
            "latex": "=",
            "strokeIds": [
                4,
                5
            ]
        }
    },
    {
        "prob": 0.9997013211250305,
        "relation": "Sub",
        "symChild": {
            "latex": "1",
            "strokeIds": [
                7
            ]
        },
        "symRoot": {
            "latex": "\\alpha",
            "strokeIds": [
                6
            ]
        }
    }
]
