[
    {
        "prob": 0.99781334400177,
        "relation": "R",
        "symChild": {
            "latex": "h",
            "strokeIds": [
                3
            ]
        },
        "symRoot": {
            "latex": "-",
            "strokeIds": [
                1
            ]
        }
    },
    {
        "prob": 0.9999175071716309,
        "relation": "Be",
        "symChild": {
            "latex": "2",
            "strokeIds": [
                2
            ]
        },
        "symRoot": {
            "latex": "-",
            "strokeIds": [
                1
            ]
        }
    },
    {
        "prob": 0.9993242025375366,
        "relation": "Ab",
        "symChild": {
            "latex": "1",
            "strokeIds": [
                0
            ]
        },
        "symRoot": {
            "latex": "-",
            "strokeIds": [
                1
            ]
        }
    }
]
