[
    {
        "prob": 0.9999668598175049,
        "relation": "R",
        "symChild": {
            "latex": "7",
            "strokeIds": [
                1,
                2
            ]
        },
        "symRoot": {
            "latex": "1",
            "strokeIds": [
                0
            ]
        }
    },
    {
        "prob": 0.6148307919502258,
        "relation": "R",
        "symChild": {
            "latex": "8",
            "strokeIds": [
                3
            ]
        },
        "symRoot": {
            "latex": "1",
            "strokeIds": [
                0
            ]
        }
    },
    {
        "prob": 0.9974411725997925,
        "relation": "R",
        "symChild": {
            "latex": "8",
            "strokeIds": [
                3
            ]
        },
        "symRoot": {
            "latex": "7",
            "strokeIds": [
                1,
                2
            ]
        }
    },
    {
        "prob": 0.5793696641921997,
        "relation": "R",
        "symChild": {
            "latex": "/",
            "strokeIds": [
                4
            ]
        },
        "symRoot": {
            "latex": "7",
            "strokeIds": [
                1,
                2
            ]
        }
    },
    {
        "prob": 0.9924976229667664,
        "relation": "R",
        "symChild": {
            "latex": "/",
            "strokeIds": [
                4
            ]
        },
        "symRoot": {
            "latex": "8",
            "strokeIds": [
                3
            ]
        }
    },
    {
        "prob": 0.35640233755111694,
        "relation": "R",
        "symChild": {
            "latex": "1",
            "strokeIds": [
                7
            ]
        },
        "symRoot": {
            "latex": "8",
            "strokeIds": [
                3
            ]
        }
    },
    {
        "prob": 0.5639762878417969,
        "relation": "R",
        "symChild": {
            "latex": "\\geq",
            "strokeIds": [
                8,
                9
            ]
        },
        "symRoot": {
            "latex": "8",
            "strokeIds": [
                3
            ]
        }
    },
    {
        "prob": 0.9999181032180786,
        "relation": "R",
        "symChild": {
            "latex": "4",
            "strokeIds": [
                5
            ]
        },
        "symRoot": {
            "latex": "/",
            "strokeIds": [
                4
            ]
        }
    },
    {
        "prob": 0.9956706762313843,
        "relation": "R",
        "symChild": {
            "latex": "1",
            "strokeIds": [
                7
            ]
        },
        "symRoot": {
            "latex": "/",
            "strokeIds": [
                4
            ]
        }
    },
    {
        "prob": 0.9911975264549255,
        "relation": "R",
        "symChild": {
            "latex": "1",
            "strokeIds": [
                7
            ]
        },
        "symRoot": {
            "latex": "4",
            "strokeIds": [
                5
            ]
        }
    },
    {
        "prob": 0.7442499995231628,
        "relation": "R",
        "symChild": {
            "latex": "/",
            "strokeIds": [
                4
            ]
        },
        "symRoot": {
            "latex": "-",
            "strokeIds": [
                6
            ]
        }
    },
    {
        "prob": 0.9617398977279663,
        "relation": "R",
        "symChild": {
            "latex": "\\geq",
            "strokeIds": [
                8,
                9
            ]
        },
        "symRoot": {
            "latex": "1",
            "strokeIds": [
                7
            ]
        }
    },
    {
        "prob": 0.9066392183303833,
        "relation": "R",
        "symChild": {
            "latex": "3",
            "strokeIds": [
                10
            ]
        },
        "symRoot": {
            "latex": "\\geq",
            "strokeIds": [
                8,
                9
            ]
        }
    }
]
