[
    {
        "prob": 0.9657679200172424,
        "relation": "R",
        "symChild": {
            "latex": "l",
            "strokeIds": [
                1
            ]
        },
        "symRoot": {
            "latex": "2",
            "strokeIds": [
                0
            ]
        }
    },
    {
        "prob": 0.9967514276504517,
        "relation": "R",
        "symChild": {
            "latex": "+",
            "strokeIds": [
                2,
                3
            ]
        },
        "symRoot": {
            "latex": "l",
            "strokeIds": [
                1
            ]
        }
    },
    {
        "prob": 0.9710124731063843,
        "relation": "R",
        "symChild": {
            "latex": ")",
            "strokeIds": [
                6
            ]
        },
        "symRoot": {
            "latex": "l",
            "strokeIds": [
                1
            ]
        }
    },
    {
        "prob": 0.4807358980178833,
        "relation": "Sub",
        "symChild": {
            "latex": "1",
            "strokeIds": [
                4
            ]
        },
        "symRoot": {
            "latex": "l",
            "strokeIds": [
                1
            ]
        }
    },
    {
        "prob": 0.9997984766960144,
        "relation": "R",
        "symChild": {
            "latex": "1",
            "strokeIds": [
                4
            ]
        },
        "symRoot": {
            "latex": "+",
            "strokeIds": [
                2,
                3
            ]
        }
    },
    {
        "prob": 0.9995248317718506,
        "relation": "R",
        "symChild": {
            "latex": ")",
            "strokeIds": [
                6
            ]
        },
        "symRoot": {
            "latex": "1",
            "strokeIds": [
                4
            ]
        }
    },
    {
        "prob": 0.9981369972229004,
        "relation": "R",
        "symChild": {
            "latex": "2",
            "strokeIds": [
                0
            ]
        },
        "symRoot": {
            "latex": "(",
            "strokeIds": [
                5
            ]
        }
    },
    {
        "prob": 0.5074171423912048,
        "relation": "R",
        "symChild": {
            "latex": "l",
            "strokeIds": [
                1
            ]
        },
        "symRoot": {
            "latex": "(",
            "strokeIds": [
                5
            ]
        }
    }
]
