[
    {
        "prob": 0.9944885969161987,
        "relation": "R",
        "symChild": {
            "latex": "=",
            "strokeIds": [
                3,
                4
            ]
        },
        "symRoot": {
            "latex": "w",
            "strokeIds": [
                0
            ]
        }
    },
    {
        "prob": 0.9973931312561035,
        "relation": "Sup",
        "symChild": {
            "latex": "5",
            "strokeIds": [
                1,
                2
            ]
        },
        "symRoot": {
            "latex": "w",
            "strokeIds": [
                0
            ]
        }
    },
    {
        "prob": 0.9972379207611084,
        "relation": "R",
        "symChild": {
            "latex": "1",
            "strokeIds": [
                5
            ]
        },
        "symRoot": {
            "latex": "=",
            "strokeIds": [
                3,
                4
            ]
        }
    },
    {
        "prob": 0.9998494386672974,
        "relation": "R",
        "symChild": {
            "latex": "-",
            "strokeIds": [
                6
            ]
        },
        "symRoot": {
            "latex": "1",
            "strokeIds": [
                5
            ]
        }
    },
    {
        "prob": 0.9971064925193787,
        "relation": "R",
        "symChild": {
            "latex": "w",
            "strokeIds": [
                7
            ]
        },
        "symRoot": {
            "latex": "-",
            "strokeIds": [
                6
            ]
        }
    }
]
