[
    {
        "prob": 0.3181295692920685,
        "relation": "R",
        "symChild": {
            "latex": "=",
            "strokeIds": [
                6,
                7,
                8,
                9
            ]
        },
        "symRoot": {
            "latex": "a",
            "strokeIds": [
                0
            ]
        }
    },
    {
        "prob": 0.9981830716133118,
        "relation": "Sub",
        "symChild": {
            "latex": "i",
            "strokeIds": [
                1,
                2
            ]
        },
        "symRoot": {
            "latex": "a",
            "strokeIds": [
                0
            ]
        }
    },
    {
        "prob": 0.9158492684364319,
        "relation": "Sub",
        "symChild": {
            "latex": "j",
            "strokeIds": [
                3,
                4,
                5
            ]
        },
        "symRoot": {
            "latex": "a",
            "strokeIds": [
                0
            ]
        }
    },
    {
        "prob": 0.9059715270996094,
        "relation": "R",
        "symChild": {
            "latex": "a",
            "strokeIds": [
                10
            ]
        },
        "symRoot": {
            "latex": "=",
            "strokeIds": [
                6,
                7,
                8,
                9
            ]
        }
    },
    {
        "prob": 0.8308785557746887,
        "relation": "R",
        "symChild": {
            "latex": "-",
            "strokeIds": [
                13
            ]
        },
        "symRoot": {
            "latex": "a",
            "strokeIds": [
                10
            ]
        }
    },
    {
        "prob": 0.9999793767929077,
        "relation": "Sub",
        "symChild": {
            "latex": "i",
            "strokeIds": [
                11,
                12
            ]
        },
        "symRoot": {
            "latex": "a",
            "strokeIds": [
                10
            ]
        }
    },
    {
        "prob": 0.7044907212257385,
        "relation": "Sub",
        "symChild": {
            "latex": "1",
            "strokeIds": [
                16
            ]
        },
        "symRoot": {
            "latex": "a",
            "strokeIds": [
                10
            ]
        }
    },
    {
        "prob": 0.9997186064720154,
        "relation": "R",
        "symChild": {
            "latex": "1",
            "strokeIds": [
                14,
                15
            ]
        },
        "symRoot": {
            "latex": "-",
            "strokeIds": [
                13
            ]
        }
    },
    {
        "prob": 0.9999858140945435,
        "relation": "R",
        "symChild": {
            "latex": "1",
            "strokeIds": [
                16
            ]
        },
        "symRoot": {
            "latex": "-",
            "strokeIds": [
                13
            ]
        }
    },
    {
        "prob": 0.545859694480896,
        "relation": "R",
        "symChild": {
            "latex": "COMMA",
            "strokeIds": [
                17
            ]
        },
        "symRoot": {
            "latex": "-",
            "strokeIds": [
                13
            ]
        }
    },
    {
        "prob": 0.9967387318611145,
        "relation": "R",
        "symChild": {
            "latex": "1",
            "strokeIds": [
                16
            ]
        },
        "symRoot": {
            "latex": "1",
            "strokeIds": [
                14,
                15
            ]
        }
    },
    {
        "prob": 0.5076072812080383,
        "relation": "R",
        "symChild": {
            "latex": "COMMA",
            "strokeIds": [
                17
            ]
        },
        "symRoot": {
            "latex": "1",
            "strokeIds": [
                14,
                15
            ]
        }
    },
    {
        "prob": 0.6236928105354309,
        "relation": "R",
        "symChild": {
            "latex": "COMMA",
            "strokeIds": [
                17
            ]
        },
        "symRoot": {
            "latex": "1",
            "strokeIds": [
                16
            ]
        }
    },
    {
        "prob": 0.9711644649505615,
        "relation": "R",
        "symChild": {
            "latex": "j",
            "strokeIds": [
                18
            ]
        },
        "symRoot": {
            "latex": "COMMA",
            "strokeIds": [
                17
            ]
        }
    },
    {
        "prob": 0.9938575625419617,
        "relation": "R",
        "symChild": {
            "latex": "+",
            "strokeIds": [
                19,
                20
            ]
        },
        "symRoot": {
            "latex": "j",
            "strokeIds": [
                18
            ]
        }
    },
    {
        "prob": 0.9639636278152466,
        "relation": "R",
        "symChild": {
            "latex": "1",
            "strokeIds": [
                21,
                22
            ]
        },
        "symRoot": {
            "latex": "j",
            "strokeIds": [
                18
            ]
        }
    },
    {
        "prob": 0.999958872795105,
        "relation": "R",
        "symChild": {
            "latex": "1",
            "strokeIds": [
                21,
                22
            ]
        },
        "symRoot": {
            "latex": "+",
            "strokeIds": [
                19,
                20
            ]
        }
    }
]
