[
    {
        "prob": 0.8657432794570923,
        "relation": "R",
        "symChild": {
            "latex": "=",
            "strokeIds": [
                2,
                3
            ]
        },
        "symRoot": {
            "latex": "u",
            "strokeIds": [
                0
            ]
        }
    },
    {
        "prob": 0.9999377727508545,
        "relation": "Sub",
        "symChild": {
            "latex": "n",
            "strokeIds": [
                1
            ]
        },
        "symRoot": {
            "latex": "u",
            "strokeIds": [
                0
            ]
        }
    },
    {
        "prob": 0.9960034489631653,
        "relation": "R",
        "symChild": {
            "latex": "o",
            "strokeIds": [
                4
            ]
        },
        "symRoot": {
            "latex": "=",
            "strokeIds": [
                2,
                3
            ]
        }
    },
    {
        "prob": 0.4957938492298126,
        "relation": "R",
        "symChild": {
            "latex": "(",
            "strokeIds": [
                5
            ]
        },
        "symRoot": {
            "latex": "=",
            "strokeIds": [
                2,
                3
            ]
        }
    },
    {
        "prob": 0.9990419745445251,
        "relation": "R",
        "symChild": {
            "latex": "(",
            "strokeIds": [
                5
            ]
        },
        "symRoot": {
            "latex": "o",
            "strokeIds": [
                4
            ]
        }
    },
    {
        "prob": 0.927061140537262,
        "relation": "R",
        "symChild": {
            "latex": "v",
            "strokeIds": [
                6
            ]
        },
        "symRoot": {
            "latex": "o",
            "strokeIds": [
                4
            ]
        }
    },
    {
        "prob": 0.3745225965976715,
        "relation": "R",
        "symChild": {
            "latex": ")",
            "strokeIds": [
                8
            ]
        },
        "symRoot": {
            "latex": "o",
            "strokeIds": [
                4
            ]
        }
    },
    {
        "prob": 0.9995427131652832,
        "relation": "R",
        "symChild": {
            "latex": "v",
            "strokeIds": [
                6
            ]
        },
        "symRoot": {
            "latex": "(",
            "strokeIds": [
                5
            ]
        }
    },
    {
        "prob": 0.9755887985229492,
        "relation": "R",
        "symChild": {
            "latex": ")",
            "strokeIds": [
                8
            ]
        },
        "symRoot": {
            "latex": "v",
            "strokeIds": [
                6
            ]
        }
    },
    {
        "prob": 0.9999467134475708,
        "relation": "Sub",
        "symChild": {
            "latex": "n",
            "strokeIds": [
                7
            ]
        },
        "symRoot": {
            "latex": "v",
            "strokeIds": [
                6
            ]
        }
    }
]
