[
    {
        "prob": 0.9996800422668457,
        "relation": "R",
        "symChild": {
            "latex": "n",
            "strokeIds": [
                1
            ]
        },
        "symRoot": {
            "latex": "(",
            "strokeIds": [
                0
            ]
        }
    },
    {
        "prob": 0.9998881816864014,
        "relation": "R",
        "symChild": {
            "latex": "-",
            "strokeIds": [
                2
            ]
        },
        "symRoot": {
            "latex": "n",
            "strokeIds": [
                1
            ]
        }
    },
    {
        "prob": 0.8519337177276611,
        "relation": "R",
        "symChild": {
            "latex": "1",
            "strokeIds": [
                3
            ]
        },
        "symRoot": {
            "latex": "n",
            "strokeIds": [
                1
            ]
        }
    },
    {
        "prob": 0.9999474287033081,
        "relation": "R",
        "symChild": {
            "latex": "1",
            "strokeIds": [
                3
            ]
        },
        "symRoot": {
            "latex": "-",
            "strokeIds": [
                2
            ]
        }
    },
    {
        "prob": 0.9999839067459106,
        "relation": "R",
        "symChild": {
            "latex": ")",
            "strokeIds": [
                4
            ]
        },
        "symRoot": {
            "latex": "1",
            "strokeIds": [
                3
            ]
        }
    },
    {
        "prob": 0.998816967010498,
        "relation": "R",
        "symChild": {
            "latex": "2",
            "strokeIds": [
                5
            ]
        },
        "symRoot": {
            "latex": ")",
            "strokeIds": [
                4
            ]
        }
    },
    {
        "prob": 0.652151882648468,
        "relation": "R",
        "symChild": {
            "latex": "-",
            "strokeIds": [
                7
            ]
        },
        "symRoot": {
            "latex": ")",
            "strokeIds": [
                4
            ]
        }
    },
    {
        "prob": 0.46136894822120667,
        "relation": "R",
        "symChild": {
            "latex": "-",
            "strokeIds": [
                7
            ]
        },
        "symRoot": {
            "latex": "2",
            "strokeIds": [
                5
            ]
        }
    },
    {
        "prob": 0.9962116479873657,
        "relation": "Sup",
        "symChild": {
            "latex": "n",
            "strokeIds": [
                6
            ]
        },
        "symRoot": {
            "latex": "2",
            "strokeIds": [
                5
            ]
        }
    },
    {
        "prob": 0.9997828602790833,
        "relation": "R",
        "symChild": {
            "latex": "-",
            "strokeIds": [
                7
            ]
        },
        "symRoot": {
            "latex": "n",
            "strokeIds": [
                6
            ]
        }
    },
    {
        "prob": 0.9569841027259827,
        "relation": "R",
        "symChild": {
            "latex": "4",
            "strokeIds": [
                8,
                9
            ]
        },
        "symRoot": {
            "latex": "n",
            "strokeIds": [
                6
            ]
        }
    },
    {
        "prob": 0.999994158744812,
        "relation": "R",
        "symChild": {
            "latex": "4",
            "strokeIds": [
                8,
                9
            ]
        },
        "symRoot": {
            "latex": "-",
            "strokeIds": [
                7
            ]
        }
    }
]
