[
    {
        "prob": 0.9974462985992432,
        "relation": "R",
        "symChild": {
            "latex": "=",
            "strokeIds": [
                2,
                3
            ]
        },
        "symRoot": {
            "latex": "Y",
            "strokeIds": [
                0,
                1
            ]
        }
    },
    {
        "prob": 0.998719334602356,
        "relation": "R",
        "symChild": {
            "latex": "g",
            "strokeIds": [
                4
            ]
        },
        "symRoot": {
            "latex": "=",
            "strokeIds": [
                2,
                3
            ]
        }
    },
    {
        "prob": 0.7298895716667175,
        "relation": "R",
        "symChild": {
            "latex": "(",
            "strokeIds": [
                5
            ]
        },
        "symRoot": {
            "latex": "=",
            "strokeIds": [
                2,
                3
            ]
        }
    },
    {
        "prob": 0.5812209248542786,
        "relation": "R",
        "symChild": {
            "latex": "X",
            "strokeIds": [
                6,
                7
            ]
        },
        "symRoot": {
            "latex": "=",
            "strokeIds": [
                2,
                3
            ]
        }
    },
    {
        "prob": 0.9979948997497559,
        "relation": "R",
        "symChild": {
            "latex": "(",
            "strokeIds": [
                5
            ]
        },
        "symRoot": {
            "latex": "g",
            "strokeIds": [
                4
            ]
        }
    },
    {
        "prob": 0.8715491890907288,
        "relation": "R",
        "symChild": {
            "latex": "X",
            "strokeIds": [
                6,
                7
            ]
        },
        "symRoot": {
            "latex": "g",
            "strokeIds": [
                4
            ]
        }
    },
    {
        "prob": 0.4125627875328064,
        "relation": "R",
        "symChild": {
            "latex": ")",
            "strokeIds": [
                8
            ]
        },
        "symRoot": {
            "latex": "g",
            "strokeIds": [
                4
            ]
        }
    },
    {
        "prob": 0.9991434812545776,
        "relation": "R",
        "symChild": {
            "latex": "X",
            "strokeIds": [
                6,
                7
            ]
        },
        "symRoot": {
            "latex": "(",
            "strokeIds": [
                5
            ]
        }
    },
    {
        "prob": 0.9997361302375793,
        "relation": "R",
        "symChild": {
            "latex": ")",
            "strokeIds": [
                8
            ]
        },
        "symRoot": {
            "latex": "X",
            "strokeIds": [
                6,
                7
            ]
        }
    },
    {
        "prob": 0.8229733109474182,
        "relation": "R",
        "symChild": {
            "latex": "=",
            "strokeIds": [
                9,
                10
            ]
        },
        "symRoot": {
            "latex": "X",
            "strokeIds": [
                6,
                7
            ]
        }
    },
    {
        "prob": 0.5091983675956726,
        "relation": "R",
        "symChild": {
            "latex": "-",
            "strokeIds": [
                12
            ]
        },
        "symRoot": {
            "latex": "X",
            "strokeIds": [
                6,
                7
            ]
        }
    },
    {
        "prob": 0.9975152015686035,
        "relation": "R",
        "symChild": {
            "latex": "=",
            "strokeIds": [
                9,
                10
            ]
        },
        "symRoot": {
            "latex": ")",
            "strokeIds": [
                8
            ]
        }
    },
    {
        "prob": 0.3976063132286072,
        "relation": "R",
        "symChild": {
            "latex": "-",
            "strokeIds": [
                12
            ]
        },
        "symRoot": {
            "latex": ")",
            "strokeIds": [
                8
            ]
        }
    },
    {
        "prob": 0.9999133348464966,
        "relation": "R",
        "symChild": {
            "latex": "-",
            "strokeIds": [
                12
            ]
        },
        "symRoot": {
            "latex": "=",
            "strokeIds": [
                9,
                10
            ]
        }
    },
    {
        "prob": 0.9975698590278625,
        "relation": "Be",
        "symChild": {
            "latex": "x",
            "strokeIds": [
                13,
                14
            ]
        },
        "symRoot": {
            "latex": "-",
            "strokeIds": [
                12
            ]
        }
    },
    {
        "prob": 0.9965051412582397,
        "relation": "Ab",
        "symChild": {
            "latex": "1",
            "strokeIds": [
                11
            ]
        },
        "symRoot": {
            "latex": "-",
            "strokeIds": [
                12
            ]
        }
    }
]
