[
    {
        "prob": 0.9979432225227356,
        "relation": "R",
        "symChild": {
            "latex": "(",
            "strokeIds": [
                2
            ]
        },
        "symRoot": {
            "latex": "y",
            "strokeIds": [
                0
            ]
        }
    },
    {
        "prob": 0.9897583723068237,
        "relation": "R",
        "symChild": {
            "latex": "x",
            "strokeIds": [
                3,
                4
            ]
        },
        "symRoot": {
            "latex": "y",
            "strokeIds": [
                0
            ]
        }
    },
    {
        "prob": 0.9703851342201233,
        "relation": "R",
        "symChild": {
            "latex": ")",
            "strokeIds": [
                5
            ]
        },
        "symRoot": {
            "latex": "y",
            "strokeIds": [
                0
            ]
        }
    },
    {
        "prob": 0.999907374382019,
        "relation": "Sub",
        "symChild": {
            "latex": "1",
            "strokeIds": [
                1
            ]
        },
        "symRoot": {
            "latex": "y",
            "strokeIds": [
                0
            ]
        }
    },
    {
        "prob": 0.999976396560669,
        "relation": "R",
        "symChild": {
            "latex": "x",
            "strokeIds": [
                3,
                4
            ]
        },
        "symRoot": {
            "latex": "(",
            "strokeIds": [
                2
            ]
        }
    },
    {
        "prob": 0.9997660517692566,
        "relation": "R",
        "symChild": {
            "latex": ")",
            "strokeIds": [
                5
            ]
        },
        "symRoot": {
            "latex": "x",
            "strokeIds": [
                3,
                4
            ]
        }
    },
    {
        "prob": 0.7506185173988342,
        "relation": "R",
        "symChild": {
            "latex": "=",
            "strokeIds": [
                6,
                7
            ]
        },
        "symRoot": {
            "latex": "x",
            "strokeIds": [
                3,
                4
            ]
        }
    },
    {
        "prob": 0.9860992431640625,
        "relation": "R",
        "symChild": {
            "latex": "=",
            "strokeIds": [
                6,
                7
            ]
        },
        "symRoot": {
            "latex": ")",
            "strokeIds": [
                5
            ]
        }
    },
    {
        "prob": 0.9841841459274292,
        "relation": "R",
        "symChild": {
            "latex": "x",
            "strokeIds": [
                8,
                9
            ]
        },
        "symRoot": {
            "latex": "=",
            "strokeIds": [
                6,
                7
            ]
        }
    },
    {
        "prob": 0.9989413619041443,
        "relation": "Sup",
        "symChild": {
            "latex": "2",
            "strokeIds": [
                10
            ]
        },
        "symRoot": {
            "latex": "x",
            "strokeIds": [
                8,
                9
            ]
        }
    }
]
