[
    {
        "prob": 0.9931378960609436,
        "relation": "Sub",
        "symChild": {
            "latex": "2",
            "strokeIds": [
                2
            ]
        },
        "symRoot": {
            "latex": "i",
            "strokeIds": [
                0,
                1
            ]
        }
    },
    {
        "prob": 0.9988788962364197,
        "relation": "R",
        "symChild": {
            "latex": "i",
            "strokeIds": [
                5,
                6
            ]
        },
        "symRoot": {
            "latex": "=",
            "strokeIds": [
                3,
                4
            ]
        }
    },
    {
        "prob": 0.9920916557312012,
        "relation": "R",
        "symChild": {
            "latex": "+",
            "strokeIds": [
                8,
                9
            ]
        },
        "symRoot": {
            "latex": "i",
            "strokeIds": [
                5,
                6
            ]
        }
    },
    {
        "prob": 0.7854382991790771,
        "relation": "R",
        "symChild": {
            "latex": "i",
            "strokeIds": [
                10,
                11
            ]
        },
        "symRoot": {
            "latex": "i",
            "strokeIds": [
                5,
                6
            ]
        }
    },
    {
        "prob": 0.9984745383262634,
        "relation": "Sub",
        "symChild": {
            "latex": "1",
            "strokeIds": [
                7
            ]
        },
        "symRoot": {
            "latex": "i",
            "strokeIds": [
                5,
                6
            ]
        }
    },
    {
        "prob": 0.9996863603591919,
        "relation": "R",
        "symChild": {
            "latex": "i",
            "strokeIds": [
                10,
                11
            ]
        },
        "symRoot": {
            "latex": "+",
            "strokeIds": [
                8,
                9
            ]
        }
    },
    {
        "prob": 0.8663070797920227,
        "relation": "Sub",
        "symChild": {
            "latex": "s",
            "strokeIds": [
                12
            ]
        },
        "symRoot": {
            "latex": "i",
            "strokeIds": [
                10,
                11
            ]
        }
    }
]
