[
    {
        "prob": 0.9614620208740234,
        "relation": "R",
        "symChild": {
            "latex": "(",
            "strokeIds": [
                1
            ]
        },
        "symRoot": {
            "latex": "2",
            "strokeIds": [
                0
            ]
        }
    },
    {
        "prob": 0.9906122088432312,
        "relation": "R",
        "symChild": {
            "latex": "n",
            "strokeIds": [
                2
            ]
        },
        "symRoot": {
            "latex": "(",
            "strokeIds": [
                1
            ]
        }
    },
    {
        "prob": 0.9998120665550232,
        "relation": "R",
        "symChild": {
            "latex": "+",
            "strokeIds": [
                3,
                4
            ]
        },
        "symRoot": {
            "latex": "n",
            "strokeIds": [
                2
            ]
        }
    },
    {
        "prob": 0.9795962572097778,
        "relation": "R",
        "symChild": {
            "latex": "\\alpha",
            "strokeIds": [
                5
            ]
        },
        "symRoot": {
            "latex": "+",
            "strokeIds": [
                3,
                4
            ]
        }
    },
    {
        "prob": 0.99750816822052,
        "relation": "R",
        "symChild": {
            "latex": ")",
            "strokeIds": [
                6
            ]
        },
        "symRoot": {
            "latex": "\\alpha",
            "strokeIds": [
                5
            ]
        }
    },
    {
        "prob": 0.9988561868667603,
        "relation": "Be",
        "symChild": {
            "latex": "n",
            "strokeIds": [
                8
            ]
        },
        "symRoot": {
            "latex": "-",
            "strokeIds": [
                7
            ]
        }
    },
    {
        "prob": 0.9237267374992371,
        "relation": "Be",
        "symChild": {
            "latex": "1",
            "strokeIds": [
                11,
                12
            ]
        },
        "symRoot": {
            "latex": "-",
            "strokeIds": [
                7
            ]
        }
    },
    {
        "prob": 0.9906933903694153,
        "relation": "Ab",
        "symChild": {
            "latex": "2",
            "strokeIds": [
                0
            ]
        },
        "symRoot": {
            "latex": "-",
            "strokeIds": [
                7
            ]
        }
    },
    {
        "prob": 0.9896861910820007,
        "relation": "Ab",
        "symChild": {
            "latex": "(",
            "strokeIds": [
                1
            ]
        },
        "symRoot": {
            "latex": "-",
            "strokeIds": [
                7
            ]
        }
    },
    {
        "prob": 0.9831681847572327,
        "relation": "Ab",
        "symChild": {
            "latex": "n",
            "strokeIds": [
                2
            ]
        },
        "symRoot": {
            "latex": "-",
            "strokeIds": [
                7
            ]
        }
    },
    {
        "prob": 0.9238118529319763,
        "relation": "Ab",
        "symChild": {
            "latex": "\\alpha",
            "strokeIds": [
                5
            ]
        },
        "symRoot": {
            "latex": "-",
            "strokeIds": [
                7
            ]
        }
    },
    {
        "prob": 0.8774390816688538,
        "relation": "Ab",
        "symChild": {
            "latex": ")",
            "strokeIds": [
                6
            ]
        },
        "symRoot": {
            "latex": "-",
            "strokeIds": [
                7
            ]
        }
    },
    {
        "prob": 0.9998032450675964,
        "relation": "R",
        "symChild": {
            "latex": "+",
            "strokeIds": [
                9,
                10
            ]
        },
        "symRoot": {
            "latex": "n",
            "strokeIds": [
                8
            ]
        }
    },
    {
        "prob": 0.5259122848510742,
        "relation": "R",
        "symChild": {
            "latex": "1",
            "strokeIds": [
                11,
                12
            ]
        },
        "symRoot": {
            "latex": "n",
            "strokeIds": [
                8
            ]
        }
    },
    {
        "prob": 0.9990841150283813,
        "relation": "R",
        "symChild": {
            "latex": "1",
            "strokeIds": [
                11,
                12
            ]
        },
        "symRoot": {
            "latex": "+",
            "strokeIds": [
                9,
                10
            ]
        }
    }
]
