[
    {
        "prob": 0.9969508647918701,
        "relation": "R",
        "symChild": {
            "latex": "n",
            "strokeIds": [
                1
            ]
        },
        "symRoot": {
            "latex": "(",
            "strokeIds": [
                0
            ]
        }
    },
    {
        "prob": 0.99960857629776,
        "relation": "R",
        "symChild": {
            "latex": "x",
            "strokeIds": [
                2,
                3
            ]
        },
        "symRoot": {
            "latex": "n",
            "strokeIds": [
                1
            ]
        }
    },
    {
        "prob": 0.41349244117736816,
        "relation": "R",
        "symChild": {
            "latex": "m",
            "strokeIds": [
                4
            ]
        },
        "symRoot": {
            "latex": "n",
            "strokeIds": [
                1
            ]
        }
    },
    {
        "prob": 0.996232807636261,
        "relation": "R",
        "symChild": {
            "latex": "m",
            "strokeIds": [
                4
            ]
        },
        "symRoot": {
            "latex": "x",
            "strokeIds": [
                2,
                3
            ]
        }
    },
    {
        "prob": 0.7360175251960754,
        "relation": "R",
        "symChild": {
            "latex": ")",
            "strokeIds": [
                5
            ]
        },
        "symRoot": {
            "latex": "x",
            "strokeIds": [
                2,
                3
            ]
        }
    },
    {
        "prob": 0.9993448853492737,
        "relation": "R",
        "symChild": {
            "latex": ")",
            "strokeIds": [
                5
            ]
        },
        "symRoot": {
            "latex": "m",
            "strokeIds": [
                4
            ]
        }
    }
]
