[
    {
        "prob": 0.9997233748435974,
        "relation": "Be",
        "symChild": {
            "latex": "4",
            "strokeIds": [
                2
            ]
        },
        "symRoot": {
            "latex": "-",
            "strokeIds": [
                1
            ]
        }
    },
    {
        "prob": 0.9984806180000305,
        "relation": "Ab",
        "symChild": {
            "latex": "3",
            "strokeIds": [
                0
            ]
        },
        "symRoot": {
            "latex": "-",
            "strokeIds": [
                1
            ]
        }
    }
]
