[
    {
        "prob": 0.9983874559402466,
        "relation": "R",
        "symChild": {
            "latex": "=",
            "strokeIds": [
                1,
                2
            ]
        },
        "symRoot": {
            "latex": "c",
            "strokeIds": [
                0
            ]
        }
    },
    {
        "prob": 0.9492745399475098,
        "relation": "R",
        "symChild": {
            "latex": "8",
            "strokeIds": [
                3
            ]
        },
        "symRoot": {
            "latex": "c",
            "strokeIds": [
                0
            ]
        }
    },
    {
        "prob": 0.8265480995178223,
        "relation": "R",
        "symChild": {
            "latex": "COMMA",
            "strokeIds": [
                4
            ]
        },
        "symRoot": {
            "latex": "c",
            "strokeIds": [
                0
            ]
        }
    },
    {
        "prob": 0.9996801614761353,
        "relation": "R",
        "symChild": {
            "latex": "8",
            "strokeIds": [
                3
            ]
        },
        "symRoot": {
            "latex": "=",
            "strokeIds": [
                1,
                2
            ]
        }
    },
    {
        "prob": 0.5800015926361084,
        "relation": "R",
        "symChild": {
            "latex": "5",
            "strokeIds": [
                5
            ]
        },
        "symRoot": {
            "latex": "=",
            "strokeIds": [
                1,
                2
            ]
        }
    },
    {
        "prob": 0.9994813799858093,
        "relation": "R",
        "symChild": {
            "latex": "COMMA",
            "strokeIds": [
                4
            ]
        },
        "symRoot": {
            "latex": "8",
            "strokeIds": [
                3
            ]
        }
    },
    {
        "prob": 0.9972298741340637,
        "relation": "R",
        "symChild": {
            "latex": "5",
            "strokeIds": [
                5
            ]
        },
        "symRoot": {
            "latex": "8",
            "strokeIds": [
                3
            ]
        }
    },
    {
        "prob": 0.9990192651748657,
        "relation": "R",
        "symChild": {
            "latex": "5",
            "strokeIds": [
                5
            ]
        },
        "symRoot": {
            "latex": "COMMA",
            "strokeIds": [
                4
            ]
        }
    }
]
