[
    {
        "prob": 0.9988418221473694,
        "relation": "R",
        "symChild": {
            "latex": "(",
            "strokeIds": [
                3
            ]
        },
        "symRoot": {
            "latex": "\\pi",
            "strokeIds": [
                0,
                1,
                2
            ]
        }
    },
    {
        "prob": 0.7031363248825073,
        "relation": "R",
        "symChild": {
            "latex": "\\sqrt",
            "strokeIds": [
                4
            ]
        },
        "symRoot": {
            "latex": "\\pi",
            "strokeIds": [
                0,
                1,
                2
            ]
        }
    },
    {
        "prob": 0.999647855758667,
        "relation": "R",
        "symChild": {
            "latex": "\\sqrt",
            "strokeIds": [
                4
            ]
        },
        "symRoot": {
            "latex": "(",
            "strokeIds": [
                3
            ]
        }
    },
    {
        "prob": 0.9946194887161255,
        "relation": "R",
        "symChild": {
            "latex": ")",
            "strokeIds": [
                6
            ]
        },
        "symRoot": {
            "latex": "\\sqrt",
            "strokeIds": [
                4
            ]
        }
    },
    {
        "prob": 0.9995323419570923,
        "relation": "In",
        "symChild": {
            "latex": "n",
            "strokeIds": [
                5
            ]
        },
        "symRoot": {
            "latex": "\\sqrt",
            "strokeIds": [
                4
            ]
        }
    }
]
