[
    {
        "prob": 0.9995260238647461,
        "relation": "R",
        "symChild": {
            "latex": "u",
            "strokeIds": [
                1
            ]
        },
        "symRoot": {
            "latex": "d",
            "strokeIds": [
                0
            ]
        }
    },
    {
        "prob": 0.3384855091571808,
        "relation": "R",
        "symChild": {
            "latex": "=",
            "strokeIds": [
                6,
                7
            ]
        },
        "symRoot": {
            "latex": "d",
            "strokeIds": [
                0
            ]
        }
    },
    {
        "prob": 0.32112669944763184,
        "relation": "R",
        "symChild": {
            "latex": "=",
            "strokeIds": [
                6,
                7
            ]
        },
        "symRoot": {
            "latex": "u",
            "strokeIds": [
                1
            ]
        }
    },
    {
        "prob": 0.9721375703811646,
        "relation": "R",
        "symChild": {
            "latex": "=",
            "strokeIds": [
                6,
                7
            ]
        },
        "symRoot": {
            "latex": "-",
            "strokeIds": [
                2
            ]
        }
    },
    {
        "prob": 0.8438481688499451,
        "relation": "R",
        "symChild": {
            "latex": "0",
            "strokeIds": [
                8
            ]
        },
        "symRoot": {
            "latex": "-",
            "strokeIds": [
                2
            ]
        }
    },
    {
        "prob": 0.9981033802032471,
        "relation": "Be",
        "symChild": {
            "latex": "d",
            "strokeIds": [
                3
            ]
        },
        "symRoot": {
            "latex": "-",
            "strokeIds": [
                2
            ]
        }
    },
    {
        "prob": 0.8957786560058594,
        "relation": "Be",
        "symChild": {
            "latex": "s",
            "strokeIds": [
                4,
                5
            ]
        },
        "symRoot": {
            "latex": "-",
            "strokeIds": [
                2
            ]
        }
    },
    {
        "prob": 0.9927940964698792,
        "relation": "Ab",
        "symChild": {
            "latex": "d",
            "strokeIds": [
                0
            ]
        },
        "symRoot": {
            "latex": "-",
            "strokeIds": [
                2
            ]
        }
    },
    {
        "prob": 0.7989686727523804,
        "relation": "Ab",
        "symChild": {
            "latex": "u",
            "strokeIds": [
                1
            ]
        },
        "symRoot": {
            "latex": "-",
            "strokeIds": [
                2
            ]
        }
    },
    {
        "prob": 0.9595755934715271,
        "relation": "R",
        "symChild": {
            "latex": "s",
            "strokeIds": [
                4,
                5
            ]
        },
        "symRoot": {
            "latex": "d",
            "strokeIds": [
                3
            ]
        }
    },
    {
        "prob": 0.9992498755455017,
        "relation": "R",
        "symChild": {
            "latex": "0",
            "strokeIds": [
                8
            ]
        },
        "symRoot": {
            "latex": "=",
            "strokeIds": [
                6,
                7
            ]
        }
    }
]
