[
    {
        "prob": 0.9994627833366394,
        "relation": "R",
        "symChild": {
            "latex": "a",
            "strokeIds": [
                2
            ]
        },
        "symRoot": {
            "latex": "a",
            "strokeIds": [
                0
            ]
        }
    },
    {
        "prob": 0.9843621253967285,
        "relation": "R",
        "symChild": {
            "latex": "=",
            "strokeIds": [
                4,
                5
            ]
        },
        "symRoot": {
            "latex": "a",
            "strokeIds": [
                0
            ]
        }
    },
    {
        "prob": 0.9999874830245972,
        "relation": "Sub",
        "symChild": {
            "latex": "2",
            "strokeIds": [
                1
            ]
        },
        "symRoot": {
            "latex": "a",
            "strokeIds": [
                0
            ]
        }
    },
    {
        "prob": 0.6707979440689087,
        "relation": "Sub",
        "symChild": {
            "latex": "3",
            "strokeIds": [
                3
            ]
        },
        "symRoot": {
            "latex": "a",
            "strokeIds": [
                0
            ]
        }
    },
    {
        "prob": 0.9938499927520752,
        "relation": "R",
        "symChild": {
            "latex": "=",
            "strokeIds": [
                4,
                5
            ]
        },
        "symRoot": {
            "latex": "a",
            "strokeIds": [
                2
            ]
        }
    },
    {
        "prob": 0.91944420337677,
        "relation": "R",
        "symChild": {
            "latex": "a",
            "strokeIds": [
                6
            ]
        },
        "symRoot": {
            "latex": "a",
            "strokeIds": [
                2
            ]
        }
    },
    {
        "prob": 0.9999808073043823,
        "relation": "Sub",
        "symChild": {
            "latex": "3",
            "strokeIds": [
                3
            ]
        },
        "symRoot": {
            "latex": "a",
            "strokeIds": [
                2
            ]
        }
    },
    {
        "prob": 0.9996750354766846,
        "relation": "R",
        "symChild": {
            "latex": "a",
            "strokeIds": [
                6
            ]
        },
        "symRoot": {
            "latex": "=",
            "strokeIds": [
                4,
                5
            ]
        }
    },
    {
        "prob": 0.9999717473983765,
        "relation": "Sub",
        "symChild": {
            "latex": "4",
            "strokeIds": [
                7,
                8
            ]
        },
        "symRoot": {
            "latex": "a",
            "strokeIds": [
                6
            ]
        }
    }
]
