[
    {
        "prob": 0.9999784231185913,
        "relation": "R",
        "symChild": {
            "latex": "0",
            "strokeIds": [
                1
            ]
        },
        "symRoot": {
            "latex": "1",
            "strokeIds": [
                0
            ]
        }
    },
    {
        "prob": 0.9997127652168274,
        "relation": "Sup",
        "symChild": {
            "latex": "-",
            "strokeIds": [
                2
            ]
        },
        "symRoot": {
            "latex": "0",
            "strokeIds": [
                1
            ]
        }
    },
    {
        "prob": 0.9572814106941223,
        "relation": "Sup",
        "symChild": {
            "latex": "p",
            "strokeIds": [
                3
            ]
        },
        "symRoot": {
            "latex": "0",
            "strokeIds": [
                1
            ]
        }
    },
    {
        "prob": 0.9996139407157898,
        "relation": "R",
        "symChild": {
            "latex": "p",
            "strokeIds": [
                3
            ]
        },
        "symRoot": {
            "latex": "-",
            "strokeIds": [
                2
            ]
        }
    },
    {
        "prob": 0.5404592752456665,
        "relation": "Be",
        "symChild": {
            "latex": "0",
            "strokeIds": [
                1
            ]
        },
        "symRoot": {
            "latex": "-",
            "strokeIds": [
                2
            ]
        }
    }
]
