[
    {
        "prob": 0.9978775978088379,
        "relation": "R",
        "symChild": {
            "latex": "a",
            "strokeIds": [
                1
            ]
        },
        "symRoot": {
            "latex": "(",
            "strokeIds": [
                0
            ]
        }
    },
    {
        "prob": 0.861407458782196,
        "relation": "R",
        "symChild": {
            "latex": "COMMA",
            "strokeIds": [
                3
            ]
        },
        "symRoot": {
            "latex": "a",
            "strokeIds": [
                1
            ]
        }
    },
    {
        "prob": 0.7678282856941223,
        "relation": "R",
        "symChild": {
            "latex": "\\ldots",
            "strokeIds": [
                4,
                5,
                6
            ]
        },
        "symRoot": {
            "latex": "a",
            "strokeIds": [
                1
            ]
        }
    },
    {
        "prob": 0.9999716281890869,
        "relation": "Sub",
        "symChild": {
            "latex": "1",
            "strokeIds": [
                2
            ]
        },
        "symRoot": {
            "latex": "a",
            "strokeIds": [
                1
            ]
        }
    },
    {
        "prob": 0.9955724477767944,
        "relation": "R",
        "symChild": {
            "latex": "\\ldots",
            "strokeIds": [
                4,
                5,
                6
            ]
        },
        "symRoot": {
            "latex": "COMMA",
            "strokeIds": [
                3
            ]
        }
    },
    {
        "prob": 0.9994558691978455,
        "relation": "R",
        "symChild": {
            "latex": "COMMA",
            "strokeIds": [
                7
            ]
        },
        "symRoot": {
            "latex": "\\ldots",
            "strokeIds": [
                4,
                5,
                6
            ]
        }
    },
    {
        "prob": 0.9980736970901489,
        "relation": "R",
        "symChild": {
            "latex": "a",
            "strokeIds": [
                8
            ]
        },
        "symRoot": {
            "latex": "\\ldots",
            "strokeIds": [
                4,
                5,
                6
            ]
        }
    },
    {
        "prob": 0.9985384941101074,
        "relation": "R",
        "symChild": {
            "latex": "a",
            "strokeIds": [
                8
            ]
        },
        "symRoot": {
            "latex": "COMMA",
            "strokeIds": [
                7
            ]
        }
    },
    {
        "prob": 0.8650738596916199,
        "relation": "R",
        "symChild": {
            "latex": ")",
            "strokeIds": [
                11
            ]
        },
        "symRoot": {
            "latex": "a",
            "strokeIds": [
                8
            ]
        }
    },
    {
        "prob": 0.9999274015426636,
        "relation": "Sub",
        "symChild": {
            "latex": "k",
            "strokeIds": [
                9,
                10
            ]
        },
        "symRoot": {
            "latex": "a",
            "strokeIds": [
                8
            ]
        }
    }
]
