[
    {
        "prob": 0.9902903437614441,
        "relation": "R",
        "symChild": {
            "latex": "=",
            "strokeIds": [
                2,
                3
            ]
        },
        "symRoot": {
            "latex": "d",
            "strokeIds": [
                0,
                1
            ]
        }
    },
    {
        "prob": 0.9382639527320862,
        "relation": "R",
        "symChild": {
            "latex": "r",
            "strokeIds": [
                4
            ]
        },
        "symRoot": {
            "latex": "d",
            "strokeIds": [
                0,
                1
            ]
        }
    },
    {
        "prob": 0.9996569156646729,
        "relation": "R",
        "symChild": {
            "latex": "r",
            "strokeIds": [
                4
            ]
        },
        "symRoot": {
            "latex": "=",
            "strokeIds": [
                2,
                3
            ]
        }
    }
]
