[
    {
        "prob": 0.9969958066940308,
        "relation": "Sup",
        "symChild": {
            "latex": "2",
            "strokeIds": [
                3
            ]
        },
        "symRoot": {
            "latex": "\\pi",
            "strokeIds": [
                0,
                1,
                2
            ]
        }
    },
    {
        "prob": 0.999921441078186,
        "relation": "R",
        "symChild": {
            "latex": "s",
            "strokeIds": [
                6,
                7
            ]
        },
        "symRoot": {
            "latex": "-",
            "strokeIds": [
                4
            ]
        }
    },
    {
        "prob": 0.9994157552719116,
        "relation": "Be",
        "symChild": {
            "latex": "3",
            "strokeIds": [
                5
            ]
        },
        "symRoot": {
            "latex": "-",
            "strokeIds": [
                4
            ]
        }
    },
    {
        "prob": 0.9985207915306091,
        "relation": "Ab",
        "symChild": {
            "latex": "\\pi",
            "strokeIds": [
                0,
                1,
                2
            ]
        },
        "symRoot": {
            "latex": "-",
            "strokeIds": [
                4
            ]
        }
    },
    {
        "prob": 0.9303251504898071,
        "relation": "Ab",
        "symChild": {
            "latex": "2",
            "strokeIds": [
                3
            ]
        },
        "symRoot": {
            "latex": "-",
            "strokeIds": [
                4
            ]
        }
    },
    {
        "prob": 0.9997673630714417,
        "relation": "Sup",
        "symChild": {
            "latex": "2",
            "strokeIds": [
                8
            ]
        },
        "symRoot": {
            "latex": "s",
            "strokeIds": [
                6,
                7
            ]
        }
    }
]
