[
    {
        "prob": 0.9982627034187317,
        "relation": "R",
        "symChild": {
            "latex": "-",
            "strokeIds": [
                2
            ]
        },
        "symRoot": {
            "latex": "z",
            "strokeIds": [
                0
            ]
        }
    },
    {
        "prob": 0.6826848983764648,
        "relation": "R",
        "symChild": {
            "latex": "z",
            "strokeIds": [
                4
            ]
        },
        "symRoot": {
            "latex": "z",
            "strokeIds": [
                0
            ]
        }
    },
    {
        "prob": 0.9999569654464722,
        "relation": "Sup",
        "symChild": {
            "latex": "2",
            "strokeIds": [
                1
            ]
        },
        "symRoot": {
            "latex": "z",
            "strokeIds": [
                0
            ]
        }
    },
    {
        "prob": 0.999472439289093,
        "relation": "R",
        "symChild": {
            "latex": "2",
            "strokeIds": [
                3
            ]
        },
        "symRoot": {
            "latex": "-",
            "strokeIds": [
                2
            ]
        }
    },
    {
        "prob": 0.5941395163536072,
        "relation": "R",
        "symChild": {
            "latex": "z",
            "strokeIds": [
                4
            ]
        },
        "symRoot": {
            "latex": "-",
            "strokeIds": [
                2
            ]
        }
    },
    {
        "prob": 0.9484840035438538,
        "relation": "R",
        "symChild": {
            "latex": "z",
            "strokeIds": [
                4
            ]
        },
        "symRoot": {
            "latex": "2",
            "strokeIds": [
                3
            ]
        }
    },
    {
        "prob": 0.9996403455734253,
        "relation": "R",
        "symChild": {
            "latex": "-",
            "strokeIds": [
                5
            ]
        },
        "symRoot": {
            "latex": "z",
            "strokeIds": [
                4
            ]
        }
    },
    {
        "prob": 0.9241228699684143,
        "relation": "R",
        "symChild": {
            "latex": "1",
            "strokeIds": [
                6
            ]
        },
        "symRoot": {
            "latex": "z",
            "strokeIds": [
                4
            ]
        }
    },
    {
        "prob": 0.5140637159347534,
        "relation": "R",
        "symChild": {
            "latex": "=",
            "strokeIds": [
                7,
                8
            ]
        },
        "symRoot": {
            "latex": "z",
            "strokeIds": [
                4
            ]
        }
    },
    {
        "prob": 0.9991523027420044,
        "relation": "R",
        "symChild": {
            "latex": "1",
            "strokeIds": [
                6
            ]
        },
        "symRoot": {
            "latex": "-",
            "strokeIds": [
                5
            ]
        }
    },
    {
        "prob": 0.9879667162895203,
        "relation": "R",
        "symChild": {
            "latex": "=",
            "strokeIds": [
                7,
                8
            ]
        },
        "symRoot": {
            "latex": "1",
            "strokeIds": [
                6
            ]
        }
    },
    {
        "prob": 0.9999604225158691,
        "relation": "R",
        "symChild": {
            "latex": "0",
            "strokeIds": [
                9
            ]
        },
        "symRoot": {
            "latex": "=",
            "strokeIds": [
                7,
                8
            ]
        }
    }
]
