[
    {
        "prob": 0.9837334752082825,
        "relation": "R",
        "symChild": {
            "latex": "=",
            "strokeIds": [
                3,
                4
            ]
        },
        "symRoot": {
            "latex": "y",
            "strokeIds": [
                0,
                1
            ]
        }
    },
    {
        "prob": 0.9997742772102356,
        "relation": "Sup",
        "symChild": {
            "latex": "2",
            "strokeIds": [
                2
            ]
        },
        "symRoot": {
            "latex": "y",
            "strokeIds": [
                0,
                1
            ]
        }
    },
    {
        "prob": 0.9965142607688904,
        "relation": "R",
        "symChild": {
            "latex": "1",
            "strokeIds": [
                5
            ]
        },
        "symRoot": {
            "latex": "=",
            "strokeIds": [
                3,
                4
            ]
        }
    },
    {
        "prob": 0.9988576173782349,
        "relation": "R",
        "symChild": {
            "latex": "-",
            "strokeIds": [
                6
            ]
        },
        "symRoot": {
            "latex": "1",
            "strokeIds": [
                5
            ]
        }
    },
    {
        "prob": 0.9826828241348267,
        "relation": "R",
        "symChild": {
            "latex": "x",
            "strokeIds": [
                7,
                8
            ]
        },
        "symRoot": {
            "latex": "-",
            "strokeIds": [
                6
            ]
        }
    },
    {
        "prob": 0.9999121427536011,
        "relation": "Sup",
        "symChild": {
            "latex": "2",
            "strokeIds": [
                9
            ]
        },
        "symRoot": {
            "latex": "x",
            "strokeIds": [
                7,
                8
            ]
        }
    }
]
