[
    {
        "prob": 0.9993582367897034,
        "relation": "R",
        "symChild": {
            "latex": "-",
            "strokeIds": [
                1
            ]
        },
        "symRoot": {
            "latex": "p",
            "strokeIds": [
                0
            ]
        }
    },
    {
        "prob": 0.87364661693573,
        "relation": "R",
        "symChild": {
            "latex": "1",
            "strokeIds": [
                2
            ]
        },
        "symRoot": {
            "latex": "p",
            "strokeIds": [
                0
            ]
        }
    },
    {
        "prob": 0.9945067763328552,
        "relation": "R",
        "symChild": {
            "latex": "1",
            "strokeIds": [
                2
            ]
        },
        "symRoot": {
            "latex": "-",
            "strokeIds": [
                1
            ]
        }
    },
    {
        "prob": 0.9679887294769287,
        "relation": "R",
        "symChild": {
            "latex": "COMMA",
            "strokeIds": [
                3
            ]
        },
        "symRoot": {
            "latex": "1",
            "strokeIds": [
                2
            ]
        }
    },
    {
        "prob": 0.9991575479507446,
        "relation": "R",
        "symChild": {
            "latex": "p",
            "strokeIds": [
                4,
                5
            ]
        },
        "symRoot": {
            "latex": "COMMA",
            "strokeIds": [
                3
            ]
        }
    }
]
