[
    {
        "prob": 0.9244291186332703,
        "relation": "R",
        "symChild": {
            "latex": "(",
            "strokeIds": [
                2
            ]
        },
        "symRoot": {
            "latex": "x",
            "strokeIds": [
                0,
                1
            ]
        }
    },
    {
        "prob": 0.8950755000114441,
        "relation": "R",
        "symChild": {
            "latex": "t",
            "strokeIds": [
                3,
                4
            ]
        },
        "symRoot": {
            "latex": "x",
            "strokeIds": [
                0,
                1
            ]
        }
    },
    {
        "prob": 0.9147204756736755,
        "relation": "R",
        "symChild": {
            "latex": "f",
            "strokeIds": [
                5
            ]
        },
        "symRoot": {
            "latex": "x",
            "strokeIds": [
                0,
                1
            ]
        }
    },
    {
        "prob": 0.9982234835624695,
        "relation": "R",
        "symChild": {
            "latex": "t",
            "strokeIds": [
                3,
                4
            ]
        },
        "symRoot": {
            "latex": "(",
            "strokeIds": [
                2
            ]
        }
    },
    {
        "prob": 0.9072444438934326,
        "relation": "R",
        "symChild": {
            "latex": ")",
            "strokeIds": [
                6
            ]
        },
        "symRoot": {
            "latex": "t",
            "strokeIds": [
                3,
                4
            ]
        }
    },
    {
        "prob": 0.609529435634613,
        "relation": "R",
        "symChild": {
            "latex": "=",
            "strokeIds": [
                7,
                8
            ]
        },
        "symRoot": {
            "latex": "t",
            "strokeIds": [
                3,
                4
            ]
        }
    },
    {
        "prob": 0.8364884257316589,
        "relation": "Sub",
        "symChild": {
            "latex": "f",
            "strokeIds": [
                5
            ]
        },
        "symRoot": {
            "latex": "t",
            "strokeIds": [
                3,
                4
            ]
        }
    },
    {
        "prob": 0.45832645893096924,
        "relation": "R",
        "symChild": {
            "latex": ")",
            "strokeIds": [
                6
            ]
        },
        "symRoot": {
            "latex": "f",
            "strokeIds": [
                5
            ]
        }
    },
    {
        "prob": 0.918358325958252,
        "relation": "R",
        "symChild": {
            "latex": "=",
            "strokeIds": [
                7,
                8
            ]
        },
        "symRoot": {
            "latex": "f",
            "strokeIds": [
                5
            ]
        }
    },
    {
        "prob": 0.99941086769104,
        "relation": "R",
        "symChild": {
            "latex": "=",
            "strokeIds": [
                7,
                8
            ]
        },
        "symRoot": {
            "latex": ")",
            "strokeIds": [
                6
            ]
        }
    },
    {
        "prob": 0.9999110698699951,
        "relation": "R",
        "symChild": {
            "latex": "0",
            "strokeIds": [
                9
            ]
        },
        "symRoot": {
            "latex": "=",
            "strokeIds": [
                7,
                8
            ]
        }
    }
]
