[
    {
        "prob": 0.9962151646614075,
        "relation": "Sup",
        "symChild": {
            "latex": "m",
            "strokeIds": [
                1
            ]
        },
        "symRoot": {
            "latex": "a",
            "strokeIds": [
                0
            ]
        }
    },
    {
        "prob": 0.999546229839325,
        "relation": "R",
        "symChild": {
            "latex": "+",
            "strokeIds": [
                2,
                3
            ]
        },
        "symRoot": {
            "latex": "m",
            "strokeIds": [
                1
            ]
        }
    },
    {
        "prob": 0.9142563939094543,
        "relation": "R",
        "symChild": {
            "latex": "1",
            "strokeIds": [
                4
            ]
        },
        "symRoot": {
            "latex": "m",
            "strokeIds": [
                1
            ]
        }
    },
    {
        "prob": 0.9999326467514038,
        "relation": "R",
        "symChild": {
            "latex": "1",
            "strokeIds": [
                4
            ]
        },
        "symRoot": {
            "latex": "+",
            "strokeIds": [
                2,
                3
            ]
        }
    },
    {
        "prob": 0.9981474876403809,
        "relation": "Be",
        "symChild": {
            "latex": "m",
            "strokeIds": [
                6
            ]
        },
        "symRoot": {
            "latex": "-",
            "strokeIds": [
                5
            ]
        }
    },
    {
        "prob": 0.9610982537269592,
        "relation": "Be",
        "symChild": {
            "latex": "1",
            "strokeIds": [
                9
            ]
        },
        "symRoot": {
            "latex": "-",
            "strokeIds": [
                5
            ]
        }
    },
    {
        "prob": 0.9676914215087891,
        "relation": "Ab",
        "symChild": {
            "latex": "a",
            "strokeIds": [
                0
            ]
        },
        "symRoot": {
            "latex": "-",
            "strokeIds": [
                5
            ]
        }
    },
    {
        "prob": 0.9815188646316528,
        "relation": "Ab",
        "symChild": {
            "latex": "m",
            "strokeIds": [
                1
            ]
        },
        "symRoot": {
            "latex": "-",
            "strokeIds": [
                5
            ]
        }
    },
    {
        "prob": 0.9741283655166626,
        "relation": "Ab",
        "symChild": {
            "latex": "1",
            "strokeIds": [
                4
            ]
        },
        "symRoot": {
            "latex": "-",
            "strokeIds": [
                5
            ]
        }
    },
    {
        "prob": 0.9997974038124084,
        "relation": "R",
        "symChild": {
            "latex": "+",
            "strokeIds": [
                7,
                8
            ]
        },
        "symRoot": {
            "latex": "m",
            "strokeIds": [
                6
            ]
        }
    },
    {
        "prob": 0.7970019578933716,
        "relation": "R",
        "symChild": {
            "latex": "1",
            "strokeIds": [
                9
            ]
        },
        "symRoot": {
            "latex": "m",
            "strokeIds": [
                6
            ]
        }
    },
    {
        "prob": 0.999942421913147,
        "relation": "R",
        "symChild": {
            "latex": "1",
            "strokeIds": [
                9
            ]
        },
        "symRoot": {
            "latex": "+",
            "strokeIds": [
                7,
                8
            ]
        }
    }
]
