[
    {
        "prob": 0.8146507143974304,
        "relation": "R",
        "symChild": {
            "latex": "(",
            "strokeIds": [
                3
            ]
        },
        "symRoot": {
            "latex": "q",
            "strokeIds": [
                0,
                1
            ]
        }
    },
    {
        "prob": 0.32234278321266174,
        "relation": "R",
        "symChild": {
            "latex": ")",
            "strokeIds": [
                5
            ]
        },
        "symRoot": {
            "latex": "q",
            "strokeIds": [
                0,
                1
            ]
        }
    },
    {
        "prob": 0.9967016577720642,
        "relation": "Sup",
        "symChild": {
            "latex": "i",
            "strokeIds": [
                2
            ]
        },
        "symRoot": {
            "latex": "q",
            "strokeIds": [
                0,
                1
            ]
        }
    },
    {
        "prob": 0.9051591157913208,
        "relation": "R",
        "symChild": {
            "latex": "(",
            "strokeIds": [
                3
            ]
        },
        "symRoot": {
            "latex": "i",
            "strokeIds": [
                2
            ]
        }
    },
    {
        "prob": 0.941218376159668,
        "relation": "R",
        "symChild": {
            "latex": "0",
            "strokeIds": [
                4
            ]
        },
        "symRoot": {
            "latex": "i",
            "strokeIds": [
                2
            ]
        }
    },
    {
        "prob": 0.30264410376548767,
        "relation": "R",
        "symChild": {
            "latex": ")",
            "strokeIds": [
                5
            ]
        },
        "symRoot": {
            "latex": "i",
            "strokeIds": [
                2
            ]
        }
    },
    {
        "prob": 0.9999209642410278,
        "relation": "R",
        "symChild": {
            "latex": "0",
            "strokeIds": [
                4
            ]
        },
        "symRoot": {
            "latex": "(",
            "strokeIds": [
                3
            ]
        }
    },
    {
        "prob": 0.999567449092865,
        "relation": "R",
        "symChild": {
            "latex": ")",
            "strokeIds": [
                5
            ]
        },
        "symRoot": {
            "latex": "0",
            "strokeIds": [
                4
            ]
        }
    },
    {
        "prob": 0.9956340193748474,
        "relation": "R",
        "symChild": {
            "latex": "q",
            "strokeIds": [
                8
            ]
        },
        "symRoot": {
            "latex": "=",
            "strokeIds": [
                6,
                7
            ]
        }
    },
    {
        "prob": 0.9978533387184143,
        "relation": "Sup",
        "symChild": {
            "latex": "i",
            "strokeIds": [
                9,
                10
            ]
        },
        "symRoot": {
            "latex": "q",
            "strokeIds": [
                8
            ]
        }
    }
]
