[
    {
        "prob": 0.38624921441078186,
        "relation": "R",
        "symChild": {
            "latex": "+",
            "strokeIds": [
                2,
                3
            ]
        },
        "symRoot": {
            "latex": "n",
            "strokeIds": [
                0
            ]
        }
    },
    {
        "prob": 0.37371066212654114,
        "relation": "R",
        "symChild": {
            "latex": "1",
            "strokeIds": [
                4,
                5
            ]
        },
        "symRoot": {
            "latex": "n",
            "strokeIds": [
                0
            ]
        }
    },
    {
        "prob": 0.9436736702919006,
        "relation": "Sup",
        "symChild": {
            "latex": "2",
            "strokeIds": [
                1
            ]
        },
        "symRoot": {
            "latex": "n",
            "strokeIds": [
                0
            ]
        }
    },
    {
        "prob": 0.9994710087776184,
        "relation": "R",
        "symChild": {
            "latex": "1",
            "strokeIds": [
                4,
                5
            ]
        },
        "symRoot": {
            "latex": "+",
            "strokeIds": [
                2,
                3
            ]
        }
    }
]
