[
    {
        "prob": 0.999273955821991,
        "relation": "R",
        "symChild": {
            "latex": "-",
            "strokeIds": [
                2
            ]
        },
        "symRoot": {
            "latex": "x",
            "strokeIds": [
                0
            ]
        }
    },
    {
        "prob": 0.5308619141578674,
        "relation": "R",
        "symChild": {
            "latex": "d",
            "strokeIds": [
                3,
                4
            ]
        },
        "symRoot": {
            "latex": "x",
            "strokeIds": [
                0
            ]
        }
    },
    {
        "prob": 0.6225802302360535,
        "relation": "R",
        "symChild": {
            "latex": "y",
            "strokeIds": [
                5
            ]
        },
        "symRoot": {
            "latex": "x",
            "strokeIds": [
                0
            ]
        }
    },
    {
        "prob": 0.9999696016311646,
        "relation": "Sup",
        "symChild": {
            "latex": "2",
            "strokeIds": [
                1
            ]
        },
        "symRoot": {
            "latex": "x",
            "strokeIds": [
                0
            ]
        }
    },
    {
        "prob": 0.990423321723938,
        "relation": "R",
        "symChild": {
            "latex": "d",
            "strokeIds": [
                3,
                4
            ]
        },
        "symRoot": {
            "latex": "-",
            "strokeIds": [
                2
            ]
        }
    },
    {
        "prob": 0.9991523027420044,
        "relation": "R",
        "symChild": {
            "latex": "y",
            "strokeIds": [
                5
            ]
        },
        "symRoot": {
            "latex": "d",
            "strokeIds": [
                3,
                4
            ]
        }
    },
    {
        "prob": 0.9881964325904846,
        "relation": "Sup",
        "symChild": {
            "latex": "2",
            "strokeIds": [
                6
            ]
        },
        "symRoot": {
            "latex": "d",
            "strokeIds": [
                3,
                4
            ]
        }
    },
    {
        "prob": 0.9982969164848328,
        "relation": "R",
        "symChild": {
            "latex": "=",
            "strokeIds": [
                7,
                8
            ]
        },
        "symRoot": {
            "latex": "y",
            "strokeIds": [
                5
            ]
        }
    },
    {
        "prob": 0.9673261642456055,
        "relation": "R",
        "symChild": {
            "latex": "\\pm",
            "strokeIds": [
                9,
                10,
                11
            ]
        },
        "symRoot": {
            "latex": "y",
            "strokeIds": [
                5
            ]
        }
    },
    {
        "prob": 0.9999618530273438,
        "relation": "Sup",
        "symChild": {
            "latex": "2",
            "strokeIds": [
                6
            ]
        },
        "symRoot": {
            "latex": "y",
            "strokeIds": [
                5
            ]
        }
    },
    {
        "prob": 0.9942523837089539,
        "relation": "R",
        "symChild": {
            "latex": "\\pm",
            "strokeIds": [
                9,
                10,
                11
            ]
        },
        "symRoot": {
            "latex": "=",
            "strokeIds": [
                7,
                8
            ]
        }
    },
    {
        "prob": 0.9994202852249146,
        "relation": "R",
        "symChild": {
            "latex": "1",
            "strokeIds": [
                12,
                13
            ]
        },
        "symRoot": {
            "latex": "\\pm",
            "strokeIds": [
                9,
                10,
                11
            ]
        }
    }
]
