[
    {
        "prob": 0.9994966983795166,
        "relation": "R",
        "symChild": {
            "latex": "=",
            "strokeIds": [
                1,
                2
            ]
        },
        "symRoot": {
            "latex": "y",
            "strokeIds": [
                0
            ]
        }
    },
    {
        "prob": 0.9699122309684753,
        "relation": "R",
        "symChild": {
            "latex": "a",
            "strokeIds": [
                3,
                4,
                5
            ]
        },
        "symRoot": {
            "latex": "y",
            "strokeIds": [
                0
            ]
        }
    },
    {
        "prob": 0.6801367402076721,
        "relation": "R",
        "symChild": {
            "latex": "2",
            "strokeIds": [
                11,
                12
            ]
        },
        "symRoot": {
            "latex": "y",
            "strokeIds": [
                0
            ]
        }
    },
    {
        "prob": 0.7579113841056824,
        "relation": "R",
        "symChild": {
            "latex": "x",
            "strokeIds": [
                6,
                7
            ]
        },
        "symRoot": {
            "latex": "y",
            "strokeIds": [
                0
            ]
        }
    },
    {
        "prob": 0.9930611252784729,
        "relation": "R",
        "symChild": {
            "latex": "a",
            "strokeIds": [
                3,
                4,
                5
            ]
        },
        "symRoot": {
            "latex": "=",
            "strokeIds": [
                1,
                2
            ]
        }
    },
    {
        "prob": 0.9998217225074768,
        "relation": "R",
        "symChild": {
            "latex": "x",
            "strokeIds": [
                6,
                7
            ]
        },
        "symRoot": {
            "latex": "a",
            "strokeIds": [
                3,
                4,
                5
            ]
        }
    },
    {
        "prob": 0.42249053716659546,
        "relation": "R",
        "symChild": {
            "latex": "+",
            "strokeIds": [
                8,
                9
            ]
        },
        "symRoot": {
            "latex": "a",
            "strokeIds": [
                3,
                4,
                5
            ]
        }
    },
    {
        "prob": 0.9981119632720947,
        "relation": "R",
        "symChild": {
            "latex": "+",
            "strokeIds": [
                8,
                9
            ]
        },
        "symRoot": {
            "latex": "x",
            "strokeIds": [
                6,
                7
            ]
        }
    },
    {
        "prob": 0.999817430973053,
        "relation": "R",
        "symChild": {
            "latex": "b",
            "strokeIds": [
                10
            ]
        },
        "symRoot": {
            "latex": "+",
            "strokeIds": [
                8,
                9
            ]
        }
    },
    {
        "prob": 0.7815954685211182,
        "relation": "R",
        "symChild": {
            "latex": "x",
            "strokeIds": [
                6,
                7
            ]
        },
        "symRoot": {
            "latex": "2",
            "strokeIds": [
                11,
                12
            ]
        }
    }
]
