[
    {
        "prob": 0.9976205229759216,
        "relation": "R",
        "symChild": {
            "latex": "=",
            "strokeIds": [
                1,
                2
            ]
        },
        "symRoot": {
            "latex": "y",
            "strokeIds": [
                0
            ]
        }
    },
    {
        "prob": 0.987080991268158,
        "relation": "R",
        "symChild": {
            "latex": "x",
            "strokeIds": [
                3,
                4
            ]
        },
        "symRoot": {
            "latex": "y",
            "strokeIds": [
                0
            ]
        }
    },
    {
        "prob": 0.9995573163032532,
        "relation": "R",
        "symChild": {
            "latex": "x",
            "strokeIds": [
                3,
                4
            ]
        },
        "symRoot": {
            "latex": "=",
            "strokeIds": [
                1,
                2
            ]
        }
    },
    {
        "prob": 0.9998714923858643,
        "relation": "R",
        "symChild": {
            "latex": "\\times",
            "strokeIds": [
                5,
                6
            ]
        },
        "symRoot": {
            "latex": "x",
            "strokeIds": [
                3,
                4
            ]
        }
    },
    {
        "prob": 0.9872037768363953,
        "relation": "R",
        "symChild": {
            "latex": "x",
            "strokeIds": [
                7,
                8
            ]
        },
        "symRoot": {
            "latex": "x",
            "strokeIds": [
                3,
                4
            ]
        }
    },
    {
        "prob": 0.9996685981750488,
        "relation": "R",
        "symChild": {
            "latex": "x",
            "strokeIds": [
                7,
                8
            ]
        },
        "symRoot": {
            "latex": "\\times",
            "strokeIds": [
                5,
                6
            ]
        }
    }
]
