[
    {
        "prob": 0.9551151394844055,
        "relation": "R",
        "symChild": {
            "latex": "-",
            "strokeIds": [
                3
            ]
        },
        "symRoot": {
            "latex": "x",
            "strokeIds": [
                0,
                1
            ]
        }
    },
    {
        "prob": 0.6183543801307678,
        "relation": "R",
        "symChild": {
            "latex": "\\beta",
            "strokeIds": [
                4,
                5
            ]
        },
        "symRoot": {
            "latex": "x",
            "strokeIds": [
                0,
                1
            ]
        }
    },
    {
        "prob": 0.9946095943450928,
        "relation": "Sup",
        "symChild": {
            "latex": "2",
            "strokeIds": [
                2
            ]
        },
        "symRoot": {
            "latex": "x",
            "strokeIds": [
                0,
                1
            ]
        }
    },
    {
        "prob": 0.9998284578323364,
        "relation": "R",
        "symChild": {
            "latex": "\\beta",
            "strokeIds": [
                4,
                5
            ]
        },
        "symRoot": {
            "latex": "-",
            "strokeIds": [
                3
            ]
        }
    },
    {
        "prob": 0.9591175317764282,
        "relation": "R",
        "symChild": {
            "latex": "x",
            "strokeIds": [
                7,
                8
            ]
        },
        "symRoot": {
            "latex": "\\beta",
            "strokeIds": [
                4,
                5
            ]
        }
    },
    {
        "prob": 0.92024165391922,
        "relation": "R",
        "symChild": {
            "latex": "+",
            "strokeIds": [
                9,
                10
            ]
        },
        "symRoot": {
            "latex": "\\beta",
            "strokeIds": [
                4,
                5
            ]
        }
    },
    {
        "prob": 0.7287980914115906,
        "relation": "R",
        "symChild": {
            "latex": "\\gamma",
            "strokeIds": [
                11,
                12
            ]
        },
        "symRoot": {
            "latex": "\\beta",
            "strokeIds": [
                4,
                5
            ]
        }
    },
    {
        "prob": 0.9173585176467896,
        "relation": "Sub",
        "symChild": {
            "latex": "g",
            "strokeIds": [
                6
            ]
        },
        "symRoot": {
            "latex": "\\beta",
            "strokeIds": [
                4,
                5
            ]
        }
    },
    {
        "prob": 0.5722604990005493,
        "relation": "R",
        "symChild": {
            "latex": "x",
            "strokeIds": [
                7,
                8
            ]
        },
        "symRoot": {
            "latex": "g",
            "strokeIds": [
                6
            ]
        }
    },
    {
        "prob": 0.858340859413147,
        "relation": "R",
        "symChild": {
            "latex": "+",
            "strokeIds": [
                9,
                10
            ]
        },
        "symRoot": {
            "latex": "g",
            "strokeIds": [
                6
            ]
        }
    },
    {
        "prob": 0.33343055844306946,
        "relation": "R",
        "symChild": {
            "latex": "\\gamma",
            "strokeIds": [
                11,
                12
            ]
        },
        "symRoot": {
            "latex": "g",
            "strokeIds": [
                6
            ]
        }
    },
    {
        "prob": 0.5303653478622437,
        "relation": "R",
        "symChild": {
            "latex": "+",
            "strokeIds": [
                9,
                10
            ]
        },
        "symRoot": {
            "latex": "x",
            "strokeIds": [
                7,
                8
            ]
        }
    },
    {
        "prob": 0.999264657497406,
        "relation": "R",
        "symChild": {
            "latex": "\\gamma",
            "strokeIds": [
                11,
                12
            ]
        },
        "symRoot": {
            "latex": "+",
            "strokeIds": [
                9,
                10
            ]
        }
    },
    {
        "prob": 0.8835790753364563,
        "relation": "R",
        "symChild": {
            "latex": "g",
            "strokeIds": [
                13
            ]
        },
        "symRoot": {
            "latex": "\\gamma",
            "strokeIds": [
                11,
                12
            ]
        }
    }
]
