[
    {
        "prob": 0.9998076558113098,
        "relation": "R",
        "symChild": {
            "latex": "v",
            "strokeIds": [
                2
            ]
        },
        "symRoot": {
            "latex": "v",
            "strokeIds": [
                0
            ]
        }
    },
    {
        "prob": 0.7582249641418457,
        "relation": "R",
        "symChild": {
            "latex": "2",
            "strokeIds": [
                3
            ]
        },
        "symRoot": {
            "latex": "v",
            "strokeIds": [
                0
            ]
        }
    },
    {
        "prob": 0.9810740351676941,
        "relation": "R",
        "symChild": {
            "latex": "\\ldots",
            "strokeIds": [
                4,
                5,
                6
            ]
        },
        "symRoot": {
            "latex": "v",
            "strokeIds": [
                0
            ]
        }
    },
    {
        "prob": 0.9999431371688843,
        "relation": "Sub",
        "symChild": {
            "latex": "1",
            "strokeIds": [
                1
            ]
        },
        "symRoot": {
            "latex": "v",
            "strokeIds": [
                0
            ]
        }
    },
    {
        "prob": 0.998650848865509,
        "relation": "R",
        "symChild": {
            "latex": "\\ldots",
            "strokeIds": [
                4,
                5,
                6
            ]
        },
        "symRoot": {
            "latex": "v",
            "strokeIds": [
                2
            ]
        }
    },
    {
        "prob": 0.9370570778846741,
        "relation": "R",
        "symChild": {
            "latex": "v",
            "strokeIds": [
                7
            ]
        },
        "symRoot": {
            "latex": "v",
            "strokeIds": [
                2
            ]
        }
    },
    {
        "prob": 0.9999889135360718,
        "relation": "Sub",
        "symChild": {
            "latex": "2",
            "strokeIds": [
                3
            ]
        },
        "symRoot": {
            "latex": "v",
            "strokeIds": [
                2
            ]
        }
    },
    {
        "prob": 0.9881027340888977,
        "relation": "R",
        "symChild": {
            "latex": "v",
            "strokeIds": [
                7
            ]
        },
        "symRoot": {
            "latex": "\\ldots",
            "strokeIds": [
                4,
                5,
                6
            ]
        }
    },
    {
        "prob": 0.9470861554145813,
        "relation": "R",
        "symChild": {
            "latex": "n",
            "strokeIds": [
                8
            ]
        },
        "symRoot": {
            "latex": "\\ldots",
            "strokeIds": [
                4,
                5,
                6
            ]
        }
    },
    {
        "prob": 0.999924898147583,
        "relation": "Sub",
        "symChild": {
            "latex": "n",
            "strokeIds": [
                8
            ]
        },
        "symRoot": {
            "latex": "v",
            "strokeIds": [
                7
            ]
        }
    }
]
