[
    {
        "prob": 0.9650979042053223,
        "relation": "R",
        "symChild": {
            "latex": "=",
            "strokeIds": [
                2,
                3
            ]
        },
        "symRoot": {
            "latex": "x",
            "strokeIds": [
                0,
                1
            ]
        }
    },
    {
        "prob": 0.9436846375465393,
        "relation": "R",
        "symChild": {
            "latex": "-",
            "strokeIds": [
                5
            ]
        },
        "symRoot": {
            "latex": "=",
            "strokeIds": [
                2,
                3
            ]
        }
    },
    {
        "prob": 0.9998028874397278,
        "relation": "R",
        "symChild": {
            "latex": "g",
            "strokeIds": [
                7,
                8
            ]
        },
        "symRoot": {
            "latex": "-",
            "strokeIds": [
                5
            ]
        }
    },
    {
        "prob": 0.7618899345397949,
        "relation": "R",
        "symChild": {
            "latex": "t",
            "strokeIds": [
                9,
                10
            ]
        },
        "symRoot": {
            "latex": "-",
            "strokeIds": [
                5
            ]
        }
    },
    {
        "prob": 0.9998936653137207,
        "relation": "Be",
        "symChild": {
            "latex": "2",
            "strokeIds": [
                6
            ]
        },
        "symRoot": {
            "latex": "-",
            "strokeIds": [
                5
            ]
        }
    },
    {
        "prob": 0.9992818236351013,
        "relation": "Ab",
        "symChild": {
            "latex": "1",
            "strokeIds": [
                4
            ]
        },
        "symRoot": {
            "latex": "-",
            "strokeIds": [
                5
            ]
        }
    },
    {
        "prob": 0.995484471321106,
        "relation": "R",
        "symChild": {
            "latex": "t",
            "strokeIds": [
                9,
                10
            ]
        },
        "symRoot": {
            "latex": "g",
            "strokeIds": [
                7,
                8
            ]
        }
    },
    {
        "prob": 0.6807226538658142,
        "relation": "Sup",
        "symChild": {
            "latex": "2",
            "strokeIds": [
                11
            ]
        },
        "symRoot": {
            "latex": "g",
            "strokeIds": [
                7,
                8
            ]
        }
    },
    {
        "prob": 0.9982598423957825,
        "relation": "Sup",
        "symChild": {
            "latex": "2",
            "strokeIds": [
                11
            ]
        },
        "symRoot": {
            "latex": "t",
            "strokeIds": [
                9,
                10
            ]
        }
    }
]
