[
    {
        "prob": 0.9781986474990845,
        "relation": "R",
        "symChild": {
            "latex": "=",
            "strokeIds": [
                2,
                3
            ]
        },
        "symRoot": {
            "latex": "x",
            "strokeIds": [
                0
            ]
        }
    },
    {
        "prob": 0.39744967222213745,
        "relation": "R",
        "symChild": {
            "latex": "1",
            "strokeIds": [
                4
            ]
        },
        "symRoot": {
            "latex": "x",
            "strokeIds": [
                0
            ]
        }
    },
    {
        "prob": 0.9999723434448242,
        "relation": "Sub",
        "symChild": {
            "latex": "n",
            "strokeIds": [
                1
            ]
        },
        "symRoot": {
            "latex": "x",
            "strokeIds": [
                0
            ]
        }
    },
    {
        "prob": 0.9993625283241272,
        "relation": "R",
        "symChild": {
            "latex": "1",
            "strokeIds": [
                4
            ]
        },
        "symRoot": {
            "latex": "=",
            "strokeIds": [
                2,
                3
            ]
        }
    }
]
