[
    {
        "prob": 0.976257860660553,
        "relation": "R",
        "symChild": {
            "latex": "\\rightarrow",
            "strokeIds": [
                2,
                3
            ]
        },
        "symRoot": {
            "latex": "\\theta",
            "strokeIds": [
                0,
                1
            ]
        }
    },
    {
        "prob": 0.9836573004722595,
        "relation": "R",
        "symChild": {
            "latex": "-",
            "strokeIds": [
                4
            ]
        },
        "symRoot": {
            "latex": "\\rightarrow",
            "strokeIds": [
                2,
                3
            ]
        }
    },
    {
        "prob": 0.8698515295982361,
        "relation": "R",
        "symChild": {
            "latex": "\\theta",
            "strokeIds": [
                5,
                6
            ]
        },
        "symRoot": {
            "latex": "\\rightarrow",
            "strokeIds": [
                2,
                3
            ]
        }
    },
    {
        "prob": 0.9998383522033691,
        "relation": "R",
        "symChild": {
            "latex": "\\theta",
            "strokeIds": [
                5,
                6
            ]
        },
        "symRoot": {
            "latex": "-",
            "strokeIds": [
                4
            ]
        }
    }
]
