[
    {
        "prob": 0.9924212098121643,
        "relation": "R",
        "symChild": {
            "latex": "(",
            "strokeIds": [
                2
            ]
        },
        "symRoot": {
            "latex": "x",
            "strokeIds": [
                0
            ]
        }
    },
    {
        "prob": 0.9269901514053345,
        "relation": "R",
        "symChild": {
            "latex": "p",
            "strokeIds": [
                3,
                4
            ]
        },
        "symRoot": {
            "latex": "x",
            "strokeIds": [
                0
            ]
        }
    },
    {
        "prob": 0.8435425162315369,
        "relation": "R",
        "symChild": {
            "latex": ")",
            "strokeIds": [
                5
            ]
        },
        "symRoot": {
            "latex": "x",
            "strokeIds": [
                0
            ]
        }
    },
    {
        "prob": 0.9892587065696716,
        "relation": "Sup",
        "symChild": {
            "latex": "a",
            "strokeIds": [
                1
            ]
        },
        "symRoot": {
            "latex": "x",
            "strokeIds": [
                0
            ]
        }
    },
    {
        "prob": 0.9161760807037354,
        "relation": "R",
        "symChild": {
            "latex": "(",
            "strokeIds": [
                2
            ]
        },
        "symRoot": {
            "latex": "a",
            "strokeIds": [
                1
            ]
        }
    },
    {
        "prob": 0.3359801173210144,
        "relation": "R",
        "symChild": {
            "latex": ")",
            "strokeIds": [
                5
            ]
        },
        "symRoot": {
            "latex": "a",
            "strokeIds": [
                1
            ]
        }
    },
    {
        "prob": 0.9990457892417908,
        "relation": "R",
        "symChild": {
            "latex": "p",
            "strokeIds": [
                3,
                4
            ]
        },
        "symRoot": {
            "latex": "(",
            "strokeIds": [
                2
            ]
        }
    },
    {
        "prob": 0.9987214207649231,
        "relation": "R",
        "symChild": {
            "latex": ")",
            "strokeIds": [
                5
            ]
        },
        "symRoot": {
            "latex": "p",
            "strokeIds": [
                3,
                4
            ]
        }
    }
]
