[
    {
        "prob": 0.9996286630630493,
        "relation": "R",
        "symChild": {
            "latex": "x",
            "strokeIds": [
                1,
                2
            ]
        },
        "symRoot": {
            "latex": "2",
            "strokeIds": [
                0
            ]
        }
    },
    {
        "prob": 0.41421735286712646,
        "relation": "R",
        "symChild": {
            "latex": "=",
            "strokeIds": [
                3,
                4
            ]
        },
        "symRoot": {
            "latex": "2",
            "strokeIds": [
                0
            ]
        }
    },
    {
        "prob": 0.9951318502426147,
        "relation": "R",
        "symChild": {
            "latex": "=",
            "strokeIds": [
                3,
                4
            ]
        },
        "symRoot": {
            "latex": "x",
            "strokeIds": [
                1,
                2
            ]
        }
    },
    {
        "prob": 0.32793086767196655,
        "relation": "R",
        "symChild": {
            "latex": "f",
            "strokeIds": [
                5
            ]
        },
        "symRoot": {
            "latex": "x",
            "strokeIds": [
                1,
                2
            ]
        }
    },
    {
        "prob": 0.991477906703949,
        "relation": "R",
        "symChild": {
            "latex": "f",
            "strokeIds": [
                5
            ]
        },
        "symRoot": {
            "latex": "=",
            "strokeIds": [
                3,
                4
            ]
        }
    },
    {
        "prob": 0.999602735042572,
        "relation": "R",
        "symChild": {
            "latex": "+",
            "strokeIds": [
                6,
                7
            ]
        },
        "symRoot": {
            "latex": "f",
            "strokeIds": [
                5
            ]
        }
    },
    {
        "prob": 0.8281545639038086,
        "relation": "R",
        "symChild": {
            "latex": "y",
            "strokeIds": [
                8,
                9
            ]
        },
        "symRoot": {
            "latex": "f",
            "strokeIds": [
                5
            ]
        }
    },
    {
        "prob": 0.9999322891235352,
        "relation": "R",
        "symChild": {
            "latex": "y",
            "strokeIds": [
                8,
                9
            ]
        },
        "symRoot": {
            "latex": "+",
            "strokeIds": [
                6,
                7
            ]
        }
    }
]
