[
    {
        "prob": 0.9999938011169434,
        "relation": "R",
        "symChild": {
            "latex": "0",
            "strokeIds": [
                1
            ]
        },
        "symRoot": {
            "latex": "1",
            "strokeIds": [
                0
            ]
        }
    },
    {
        "prob": 0.9430296421051025,
        "relation": "R",
        "symChild": {
            "latex": "-",
            "strokeIds": [
                2
            ]
        },
        "symRoot": {
            "latex": "1",
            "strokeIds": [
                0
            ]
        }
    },
    {
        "prob": 0.9218400716781616,
        "relation": "Sup",
        "symChild": {
            "latex": "-",
            "strokeIds": [
                2
            ]
        },
        "symRoot": {
            "latex": "0",
            "strokeIds": [
                1
            ]
        }
    },
    {
        "prob": 0.424667626619339,
        "relation": "R",
        "symChild": {
            "latex": "n",
            "strokeIds": [
                3
            ]
        },
        "symRoot": {
            "latex": "-",
            "strokeIds": [
                2
            ]
        }
    }
]
