[
    {
        "prob": 0.9997665286064148,
        "relation": "Sub",
        "symChild": {
            "latex": "i",
            "strokeIds": [
                1,
                2
            ]
        },
        "symRoot": {
            "latex": "m",
            "strokeIds": [
                0
            ]
        }
    },
    {
        "prob": 0.7302407622337341,
        "relation": "Sub",
        "symChild": {
            "latex": "j",
            "strokeIds": [
                3,
                4
            ]
        },
        "symRoot": {
            "latex": "m",
            "strokeIds": [
                0
            ]
        }
    },
    {
        "prob": 0.9988061189651489,
        "relation": "R",
        "symChild": {
            "latex": "j",
            "strokeIds": [
                3,
                4
            ]
        },
        "symRoot": {
            "latex": "i",
            "strokeIds": [
                1,
                2
            ]
        }
    }
]
