[
    {
        "prob": 0.9993332028388977,
        "relation": "R",
        "symChild": {
            "latex": "(",
            "strokeIds": [
                1
            ]
        },
        "symRoot": {
            "latex": "f",
            "strokeIds": [
                0
            ]
        }
    },
    {
        "prob": 0.9979135394096375,
        "relation": "R",
        "symChild": {
            "latex": ")",
            "strokeIds": [
                3
            ]
        },
        "symRoot": {
            "latex": "f",
            "strokeIds": [
                0
            ]
        }
    },
    {
        "prob": 0.9944890737533569,
        "relation": "R",
        "symChild": {
            "latex": "=",
            "strokeIds": [
                4,
                5
            ]
        },
        "symRoot": {
            "latex": "f",
            "strokeIds": [
                0
            ]
        }
    },
    {
        "prob": 0.9995781779289246,
        "relation": "Sub",
        "symChild": {
            "latex": "1",
            "strokeIds": [
                2
            ]
        },
        "symRoot": {
            "latex": "f",
            "strokeIds": [
                0
            ]
        }
    },
    {
        "prob": 0.9995354413986206,
        "relation": "R",
        "symChild": {
            "latex": "1",
            "strokeIds": [
                2
            ]
        },
        "symRoot": {
            "latex": "(",
            "strokeIds": [
                1
            ]
        }
    },
    {
        "prob": 0.8327794075012207,
        "relation": "R",
        "symChild": {
            "latex": ")",
            "strokeIds": [
                3
            ]
        },
        "symRoot": {
            "latex": "(",
            "strokeIds": [
                1
            ]
        }
    },
    {
        "prob": 0.9998069405555725,
        "relation": "R",
        "symChild": {
            "latex": ")",
            "strokeIds": [
                3
            ]
        },
        "symRoot": {
            "latex": "1",
            "strokeIds": [
                2
            ]
        }
    },
    {
        "prob": 0.9940075874328613,
        "relation": "R",
        "symChild": {
            "latex": "=",
            "strokeIds": [
                4,
                5
            ]
        },
        "symRoot": {
            "latex": ")",
            "strokeIds": [
                3
            ]
        }
    },
    {
        "prob": 0.9984234571456909,
        "relation": "R",
        "symChild": {
            "latex": "m",
            "strokeIds": [
                6
            ]
        },
        "symRoot": {
            "latex": "=",
            "strokeIds": [
                4,
                5
            ]
        }
    },
    {
        "prob": 0.96051424741745,
        "relation": "Sub",
        "symChild": {
            "latex": "0",
            "strokeIds": [
                7,
                8
            ]
        },
        "symRoot": {
            "latex": "m",
            "strokeIds": [
                6
            ]
        }
    }
]
