[
    {
        "prob": 0.9166118502616882,
        "relation": "R",
        "symChild": {
            "latex": "\\leq",
            "strokeIds": [
                2,
                3
            ]
        },
        "symRoot": {
            "latex": "a",
            "strokeIds": [
                0,
                1
            ]
        }
    },
    {
        "prob": 0.9858596920967102,
        "relation": "R",
        "symChild": {
            "latex": "x",
            "strokeIds": [
                4,
                5
            ]
        },
        "symRoot": {
            "latex": "\\leq",
            "strokeIds": [
                2,
                3
            ]
        }
    },
    {
        "prob": 0.9974021911621094,
        "relation": "R",
        "symChild": {
            "latex": "\\leq",
            "strokeIds": [
                6,
                7
            ]
        },
        "symRoot": {
            "latex": "x",
            "strokeIds": [
                4,
                5
            ]
        }
    },
    {
        "prob": 0.9998372793197632,
        "relation": "R",
        "symChild": {
            "latex": "b",
            "strokeIds": [
                8
            ]
        },
        "symRoot": {
            "latex": "\\leq",
            "strokeIds": [
                6,
                7
            ]
        }
    }
]
