[
    {
        "prob": 0.6919161081314087,
        "relation": "Sub",
        "symChild": {
            "latex": "s",
            "strokeIds": [
                1
            ]
        },
        "symRoot": {
            "latex": "n",
            "strokeIds": [
                0
            ]
        }
    },
    {
        "prob": 0.9993684887886047,
        "relation": "R",
        "symChild": {
            "latex": "-",
            "strokeIds": [
                7
            ]
        },
        "symRoot": {
            "latex": "=",
            "strokeIds": [
                2,
                3
            ]
        }
    },
    {
        "prob": 0.9999233484268188,
        "relation": "R",
        "symChild": {
            "latex": "0",
            "strokeIds": [
                5
            ]
        },
        "symRoot": {
            "latex": "6",
            "strokeIds": [
                4
            ]
        }
    },
    {
        "prob": 0.3076271116733551,
        "relation": "R",
        "symChild": {
            "latex": "f",
            "strokeIds": [
                6
            ]
        },
        "symRoot": {
            "latex": "6",
            "strokeIds": [
                4
            ]
        }
    },
    {
        "prob": 0.9979863166809082,
        "relation": "R",
        "symChild": {
            "latex": "f",
            "strokeIds": [
                6
            ]
        },
        "symRoot": {
            "latex": "0",
            "strokeIds": [
                5
            ]
        }
    },
    {
        "prob": 0.9909511804580688,
        "relation": "Be",
        "symChild": {
            "latex": "p",
            "strokeIds": [
                8
            ]
        },
        "symRoot": {
            "latex": "-",
            "strokeIds": [
                7
            ]
        }
    },
    {
        "prob": 0.9955586194992065,
        "relation": "Ab",
        "symChild": {
            "latex": "6",
            "strokeIds": [
                4
            ]
        },
        "symRoot": {
            "latex": "-",
            "strokeIds": [
                7
            ]
        }
    },
    {
        "prob": 0.9749158620834351,
        "relation": "Ab",
        "symChild": {
            "latex": "0",
            "strokeIds": [
                5
            ]
        },
        "symRoot": {
            "latex": "-",
            "strokeIds": [
                7
            ]
        }
    },
    {
        "prob": 0.9474307894706726,
        "relation": "Ab",
        "symChild": {
            "latex": "f",
            "strokeIds": [
                6
            ]
        },
        "symRoot": {
            "latex": "-",
            "strokeIds": [
                7
            ]
        }
    }
]
