[
    {
        "prob": 0.9999895095825195,
        "relation": "R",
        "symChild": {
            "latex": "c",
            "strokeIds": [
                1
            ]
        },
        "symRoot": {
            "latex": "a",
            "strokeIds": [
                0
            ]
        }
    },
    {
        "prob": 0.9504901766777039,
        "relation": "R",
        "symChild": {
            "latex": "-",
            "strokeIds": [
                2
            ]
        },
        "symRoot": {
            "latex": "a",
            "strokeIds": [
                0
            ]
        }
    },
    {
        "prob": 0.9980027079582214,
        "relation": "R",
        "symChild": {
            "latex": "-",
            "strokeIds": [
                2
            ]
        },
        "symRoot": {
            "latex": "c",
            "strokeIds": [
                1
            ]
        }
    },
    {
        "prob": 0.9027314186096191,
        "relation": "R",
        "symChild": {
            "latex": "b",
            "strokeIds": [
                3
            ]
        },
        "symRoot": {
            "latex": "c",
            "strokeIds": [
                1
            ]
        }
    },
    {
        "prob": 0.9999076128005981,
        "relation": "R",
        "symChild": {
            "latex": "b",
            "strokeIds": [
                3
            ]
        },
        "symRoot": {
            "latex": "-",
            "strokeIds": [
                2
            ]
        }
    },
    {
        "prob": 0.9999701976776123,
        "relation": "Sup",
        "symChild": {
            "latex": "2",
            "strokeIds": [
                4
            ]
        },
        "symRoot": {
            "latex": "b",
            "strokeIds": [
                3
            ]
        }
    }
]
