[
    {
        "prob": 0.9992395639419556,
        "relation": "R",
        "symChild": {
            "latex": "u",
            "strokeIds": [
                4
            ]
        },
        "symRoot": {
            "latex": "\\lim",
            "strokeIds": [
                0,
                1,
                2,
                3
            ]
        }
    },
    {
        "prob": 0.36462631821632385,
        "relation": "R",
        "symChild": {
            "latex": "n",
            "strokeIds": [
                5
            ]
        },
        "symRoot": {
            "latex": "\\lim",
            "strokeIds": [
                0,
                1,
                2,
                3
            ]
        }
    },
    {
        "prob": 0.3964267671108246,
        "relation": "R",
        "symChild": {
            "latex": "=",
            "strokeIds": [
                6,
                7
            ]
        },
        "symRoot": {
            "latex": "\\lim",
            "strokeIds": [
                0,
                1,
                2,
                3
            ]
        }
    },
    {
        "prob": 0.9797738194465637,
        "relation": "R",
        "symChild": {
            "latex": "=",
            "strokeIds": [
                6,
                7
            ]
        },
        "symRoot": {
            "latex": "u",
            "strokeIds": [
                4
            ]
        }
    },
    {
        "prob": 0.8344857692718506,
        "relation": "R",
        "symChild": {
            "latex": "0",
            "strokeIds": [
                8
            ]
        },
        "symRoot": {
            "latex": "u",
            "strokeIds": [
                4
            ]
        }
    },
    {
        "prob": 0.9999667406082153,
        "relation": "Sub",
        "symChild": {
            "latex": "n",
            "strokeIds": [
                5
            ]
        },
        "symRoot": {
            "latex": "u",
            "strokeIds": [
                4
            ]
        }
    },
    {
        "prob": 0.7925567626953125,
        "relation": "R",
        "symChild": {
            "latex": "0",
            "strokeIds": [
                8
            ]
        },
        "symRoot": {
            "latex": "n",
            "strokeIds": [
                5
            ]
        }
    },
    {
        "prob": 0.9989296793937683,
        "relation": "R",
        "symChild": {
            "latex": "0",
            "strokeIds": [
                8
            ]
        },
        "symRoot": {
            "latex": "=",
            "strokeIds": [
                6,
                7
            ]
        }
    }
]
