[
    {
        "prob": 0.774430513381958,
        "relation": "R",
        "symChild": {
            "latex": "=",
            "strokeIds": [
                1,
                2
            ]
        },
        "symRoot": {
            "latex": "p",
            "strokeIds": [
                0
            ]
        }
    },
    {
        "prob": 0.993389368057251,
        "relation": "R",
        "symChild": {
            "latex": "d",
            "strokeIds": [
                3,
                4
            ]
        },
        "symRoot": {
            "latex": "=",
            "strokeIds": [
                1,
                2
            ]
        }
    },
    {
        "prob": 0.4219677448272705,
        "relation": "R",
        "symChild": {
            "latex": "COMMA",
            "strokeIds": [
                7
            ]
        },
        "symRoot": {
            "latex": "d",
            "strokeIds": [
                3,
                4
            ]
        }
    },
    {
        "prob": 0.9974263310432434,
        "relation": "Sub",
        "symChild": {
            "latex": "i",
            "strokeIds": [
                5,
                6
            ]
        },
        "symRoot": {
            "latex": "d",
            "strokeIds": [
                3,
                4
            ]
        }
    },
    {
        "prob": 0.9292719960212708,
        "relation": "Sup",
        "symChild": {
            "latex": "(",
            "strokeIds": [
                10
            ]
        },
        "symRoot": {
            "latex": "d",
            "strokeIds": [
                3,
                4
            ]
        }
    },
    {
        "prob": 0.827181339263916,
        "relation": "Sup",
        "symChild": {
            "latex": "n",
            "strokeIds": [
                11
            ]
        },
        "symRoot": {
            "latex": "d",
            "strokeIds": [
                3,
                4
            ]
        }
    },
    {
        "prob": 0.9950724244117737,
        "relation": "R",
        "symChild": {
            "latex": "COMMA",
            "strokeIds": [
                7
            ]
        },
        "symRoot": {
            "latex": "i",
            "strokeIds": [
                5,
                6
            ]
        }
    },
    {
        "prob": 0.7885310649871826,
        "relation": "R",
        "symChild": {
            "latex": "j",
            "strokeIds": [
                8,
                9
            ]
        },
        "symRoot": {
            "latex": "i",
            "strokeIds": [
                5,
                6
            ]
        }
    },
    {
        "prob": 0.9999734163284302,
        "relation": "R",
        "symChild": {
            "latex": "j",
            "strokeIds": [
                8,
                9
            ]
        },
        "symRoot": {
            "latex": "COMMA",
            "strokeIds": [
                7
            ]
        }
    },
    {
        "prob": 0.9999263286590576,
        "relation": "R",
        "symChild": {
            "latex": "n",
            "strokeIds": [
                11
            ]
        },
        "symRoot": {
            "latex": "(",
            "strokeIds": [
                10
            ]
        }
    },
    {
        "prob": 0.9997233748435974,
        "relation": "R",
        "symChild": {
            "latex": ")",
            "strokeIds": [
                12
            ]
        },
        "symRoot": {
            "latex": "n",
            "strokeIds": [
                11
            ]
        }
    }
]
