[
    {
        "prob": 0.9530764222145081,
        "relation": "R",
        "symChild": {
            "latex": "\\cos",
            "strokeIds": [
                3,
                4,
                5
            ]
        },
        "symRoot": {
            "latex": "=",
            "strokeIds": [
                1,
                2
            ]
        }
    },
    {
        "prob": 0.985688328742981,
        "relation": "R",
        "symChild": {
            "latex": "(",
            "strokeIds": [
                9
            ]
        },
        "symRoot": {
            "latex": "\\cos",
            "strokeIds": [
                3,
                4,
                5
            ]
        }
    },
    {
        "prob": 0.7166974544525146,
        "relation": "R",
        "symChild": {
            "latex": "t",
            "strokeIds": [
                6,
                7
            ]
        },
        "symRoot": {
            "latex": "\\cos",
            "strokeIds": [
                3,
                4,
                5
            ]
        }
    },
    {
        "prob": 0.9845418930053711,
        "relation": "R",
        "symChild": {
            "latex": ")",
            "strokeIds": [
                8
            ]
        },
        "symRoot": {
            "latex": "t",
            "strokeIds": [
                6,
                7
            ]
        }
    },
    {
        "prob": 0.9996527433395386,
        "relation": "R",
        "symChild": {
            "latex": "t",
            "strokeIds": [
                6,
                7
            ]
        },
        "symRoot": {
            "latex": "(",
            "strokeIds": [
                9
            ]
        }
    },
    {
        "prob": 0.7464816570281982,
        "relation": "R",
        "symChild": {
            "latex": ")",
            "strokeIds": [
                8
            ]
        },
        "symRoot": {
            "latex": "(",
            "strokeIds": [
                9
            ]
        }
    }
]
