[
    {
        "prob": 0.9998201727867126,
        "relation": "R",
        "symChild": {
            "latex": "c",
            "strokeIds": [
                1
            ]
        },
        "symRoot": {
            "latex": "w",
            "strokeIds": [
                0
            ]
        }
    },
    {
        "prob": 0.969857394695282,
        "relation": "R",
        "symChild": {
            "latex": "=",
            "strokeIds": [
                2,
                3
            ]
        },
        "symRoot": {
            "latex": "w",
            "strokeIds": [
                0
            ]
        }
    },
    {
        "prob": 0.4661305546760559,
        "relation": "R",
        "symChild": {
            "latex": "v",
            "strokeIds": [
                4
            ]
        },
        "symRoot": {
            "latex": "w",
            "strokeIds": [
                0
            ]
        }
    },
    {
        "prob": 0.9902719855308533,
        "relation": "R",
        "symChild": {
            "latex": "=",
            "strokeIds": [
                2,
                3
            ]
        },
        "symRoot": {
            "latex": "c",
            "strokeIds": [
                1
            ]
        }
    },
    {
        "prob": 0.8406583666801453,
        "relation": "R",
        "symChild": {
            "latex": "v",
            "strokeIds": [
                4
            ]
        },
        "symRoot": {
            "latex": "c",
            "strokeIds": [
                1
            ]
        }
    },
    {
        "prob": 0.999193012714386,
        "relation": "R",
        "symChild": {
            "latex": "v",
            "strokeIds": [
                4
            ]
        },
        "symRoot": {
            "latex": "=",
            "strokeIds": [
                2,
                3
            ]
        }
    },
    {
        "prob": 0.9998754262924194,
        "relation": "R",
        "symChild": {
            "latex": "b",
            "strokeIds": [
                5
            ]
        },
        "symRoot": {
            "latex": "v",
            "strokeIds": [
                4
            ]
        }
    }
]
