[
    {
        "prob": 0.9998587369918823,
        "relation": "R",
        "symChild": {
            "latex": "v",
            "strokeIds": [
                1
            ]
        },
        "symRoot": {
            "latex": "x",
            "strokeIds": [
                0
            ]
        }
    },
    {
        "prob": 0.9948433637619019,
        "relation": "R",
        "symChild": {
            "latex": "x",
            "strokeIds": [
                2
            ]
        },
        "symRoot": {
            "latex": "x",
            "strokeIds": [
                0
            ]
        }
    },
    {
        "prob": 0.4846680462360382,
        "relation": "R",
        "symChild": {
            "latex": "-",
            "strokeIds": [
                3
            ]
        },
        "symRoot": {
            "latex": "x",
            "strokeIds": [
                0
            ]
        }
    },
    {
        "prob": 0.9998849630355835,
        "relation": "R",
        "symChild": {
            "latex": "x",
            "strokeIds": [
                2
            ]
        },
        "symRoot": {
            "latex": "v",
            "strokeIds": [
                1
            ]
        }
    },
    {
        "prob": 0.9988222718238831,
        "relation": "Sup",
        "symChild": {
            "latex": "-",
            "strokeIds": [
                3
            ]
        },
        "symRoot": {
            "latex": "x",
            "strokeIds": [
                2
            ]
        }
    },
    {
        "prob": 0.39888814091682434,
        "relation": "Sup",
        "symChild": {
            "latex": "1",
            "strokeIds": [
                4
            ]
        },
        "symRoot": {
            "latex": "x",
            "strokeIds": [
                2
            ]
        }
    },
    {
        "prob": 0.9999921321868896,
        "relation": "R",
        "symChild": {
            "latex": "1",
            "strokeIds": [
                4
            ]
        },
        "symRoot": {
            "latex": "-",
            "strokeIds": [
                3
            ]
        }
    }
]
