[
    {
        "prob": 0.9798123836517334,
        "relation": "R",
        "symChild": {
            "latex": "=",
            "strokeIds": [
                2,
                3
            ]
        },
        "symRoot": {
            "latex": "p",
            "strokeIds": [
                0
            ]
        }
    },
    {
        "prob": 0.42055249214172363,
        "relation": "R",
        "symChild": {
            "latex": "a",
            "strokeIds": [
                4
            ]
        },
        "symRoot": {
            "latex": "p",
            "strokeIds": [
                0
            ]
        }
    },
    {
        "prob": 0.9904639720916748,
        "relation": "Sub",
        "symChild": {
            "latex": "x",
            "strokeIds": [
                1
            ]
        },
        "symRoot": {
            "latex": "p",
            "strokeIds": [
                0
            ]
        }
    },
    {
        "prob": 0.9970105886459351,
        "relation": "R",
        "symChild": {
            "latex": "a",
            "strokeIds": [
                4
            ]
        },
        "symRoot": {
            "latex": "=",
            "strokeIds": [
                2,
                3
            ]
        }
    },
    {
        "prob": 0.7893133163452148,
        "relation": "Sub",
        "symChild": {
            "latex": "p",
            "strokeIds": [
                5
            ]
        },
        "symRoot": {
            "latex": "a",
            "strokeIds": [
                4
            ]
        }
    },
    {
        "prob": 0.9513936638832092,
        "relation": "R",
        "symChild": {
            "latex": "-",
            "strokeIds": [
                7
            ]
        },
        "symRoot": {
            "latex": "p",
            "strokeIds": [
                5
            ]
        }
    },
    {
        "prob": 0.3623998463153839,
        "relation": "R",
        "symChild": {
            "latex": "+",
            "strokeIds": [
                9,
                10
            ]
        },
        "symRoot": {
            "latex": "p",
            "strokeIds": [
                5
            ]
        }
    },
    {
        "prob": 0.9990403056144714,
        "relation": "Sub",
        "symChild": {
            "latex": "x",
            "strokeIds": [
                6
            ]
        },
        "symRoot": {
            "latex": "p",
            "strokeIds": [
                5
            ]
        }
    },
    {
        "prob": 0.9703441858291626,
        "relation": "R",
        "symChild": {
            "latex": "-",
            "strokeIds": [
                7
            ]
        },
        "symRoot": {
            "latex": "x",
            "strokeIds": [
                6
            ]
        }
    },
    {
        "prob": 0.3538699448108673,
        "relation": "R",
        "symChild": {
            "latex": "1",
            "strokeIds": [
                8
            ]
        },
        "symRoot": {
            "latex": "x",
            "strokeIds": [
                6
            ]
        }
    },
    {
        "prob": 0.9999203681945801,
        "relation": "R",
        "symChild": {
            "latex": "1",
            "strokeIds": [
                8
            ]
        },
        "symRoot": {
            "latex": "-",
            "strokeIds": [
                7
            ]
        }
    },
    {
        "prob": 0.9997640252113342,
        "relation": "R",
        "symChild": {
            "latex": "b",
            "strokeIds": [
                11
            ]
        },
        "symRoot": {
            "latex": "+",
            "strokeIds": [
                9,
                10
            ]
        }
    }
]
