[
    {
        "prob": 0.7098599672317505,
        "relation": "R",
        "symChild": {
            "latex": "=",
            "strokeIds": [
                1,
                2
            ]
        },
        "symRoot": {
            "latex": "q",
            "strokeIds": [
                0
            ]
        }
    },
    {
        "prob": 0.9090232849121094,
        "relation": "R",
        "symChild": {
            "latex": "-",
            "strokeIds": [
                5
            ]
        },
        "symRoot": {
            "latex": "q",
            "strokeIds": [
                0
            ]
        }
    },
    {
        "prob": 0.9998883008956909,
        "relation": "R",
        "symChild": {
            "latex": "-",
            "strokeIds": [
                5
            ]
        },
        "symRoot": {
            "latex": "=",
            "strokeIds": [
                1,
                2
            ]
        }
    },
    {
        "prob": 0.9997368454933167,
        "relation": "R",
        "symChild": {
            "latex": "c",
            "strokeIds": [
                4
            ]
        },
        "symRoot": {
            "latex": "2",
            "strokeIds": [
                3
            ]
        }
    },
    {
        "prob": 0.9992132186889648,
        "relation": "Be",
        "symChild": {
            "latex": "5",
            "strokeIds": [
                6,
                7
            ]
        },
        "symRoot": {
            "latex": "-",
            "strokeIds": [
                5
            ]
        }
    },
    {
        "prob": 0.9940336346626282,
        "relation": "Ab",
        "symChild": {
            "latex": "2",
            "strokeIds": [
                3
            ]
        },
        "symRoot": {
            "latex": "-",
            "strokeIds": [
                5
            ]
        }
    },
    {
        "prob": 0.9817765355110168,
        "relation": "Ab",
        "symChild": {
            "latex": "c",
            "strokeIds": [
                4
            ]
        },
        "symRoot": {
            "latex": "-",
            "strokeIds": [
                5
            ]
        }
    }
]
