[
    {
        "prob": 0.9993960857391357,
        "relation": "R",
        "symChild": {
            "latex": "COMMA",
            "strokeIds": [
                1
            ]
        },
        "symRoot": {
            "latex": "\\alpha",
            "strokeIds": [
                0
            ]
        }
    },
    {
        "prob": 0.9965265393257141,
        "relation": "R",
        "symChild": {
            "latex": "\\beta",
            "strokeIds": [
                2
            ]
        },
        "symRoot": {
            "latex": "\\alpha",
            "strokeIds": [
                0
            ]
        }
    },
    {
        "prob": 0.9999866485595703,
        "relation": "R",
        "symChild": {
            "latex": "\\beta",
            "strokeIds": [
                2
            ]
        },
        "symRoot": {
            "latex": "COMMA",
            "strokeIds": [
                1
            ]
        }
    }
]
