[
    {
        "prob": 0.999315619468689,
        "relation": "R",
        "symChild": {
            "latex": "COMMA",
            "strokeIds": [
                1
            ]
        },
        "symRoot": {
            "latex": "b",
            "strokeIds": [
                0
            ]
        }
    },
    {
        "prob": 0.8819150924682617,
        "relation": "R",
        "symChild": {
            "latex": "a",
            "strokeIds": [
                2
            ]
        },
        "symRoot": {
            "latex": "b",
            "strokeIds": [
                0
            ]
        }
    },
    {
        "prob": 0.9745995402336121,
        "relation": "R",
        "symChild": {
            "latex": "COMMA",
            "strokeIds": [
                4
            ]
        },
        "symRoot": {
            "latex": "b",
            "strokeIds": [
                0
            ]
        }
    },
    {
        "prob": 0.3683464229106903,
        "relation": "R",
        "symChild": {
            "latex": "a",
            "strokeIds": [
                5
            ]
        },
        "symRoot": {
            "latex": "b",
            "strokeIds": [
                0
            ]
        }
    },
    {
        "prob": 0.9996740818023682,
        "relation": "R",
        "symChild": {
            "latex": "a",
            "strokeIds": [
                2
            ]
        },
        "symRoot": {
            "latex": "COMMA",
            "strokeIds": [
                1
            ]
        }
    },
    {
        "prob": 0.8989680409431458,
        "relation": "R",
        "symChild": {
            "latex": "COMMA",
            "strokeIds": [
                4
            ]
        },
        "symRoot": {
            "latex": "a",
            "strokeIds": [
                2
            ]
        }
    },
    {
        "prob": 0.6438695192337036,
        "relation": "R",
        "symChild": {
            "latex": "a",
            "strokeIds": [
                5
            ]
        },
        "symRoot": {
            "latex": "a",
            "strokeIds": [
                2
            ]
        }
    },
    {
        "prob": 0.9997250437736511,
        "relation": "R",
        "symChild": {
            "latex": "b",
            "strokeIds": [
                0
            ]
        },
        "symRoot": {
            "latex": "(",
            "strokeIds": [
                3
            ]
        }
    },
    {
        "prob": 0.9993960857391357,
        "relation": "R",
        "symChild": {
            "latex": "a",
            "strokeIds": [
                5
            ]
        },
        "symRoot": {
            "latex": "COMMA",
            "strokeIds": [
                4
            ]
        }
    },
    {
        "prob": 0.9986779093742371,
        "relation": "R",
        "symChild": {
            "latex": ")",
            "strokeIds": [
                6
            ]
        },
        "symRoot": {
            "latex": "a",
            "strokeIds": [
                5
            ]
        }
    }
]
