[
    {
        "prob": 0.9980091452598572,
        "relation": "R",
        "symChild": {
            "latex": "a",
            "strokeIds": [
                1
            ]
        },
        "symRoot": {
            "latex": "(",
            "strokeIds": [
                0
            ]
        }
    },
    {
        "prob": 0.9983575940132141,
        "relation": "R",
        "symChild": {
            "latex": "COMMA",
            "strokeIds": [
                2
            ]
        },
        "symRoot": {
            "latex": "a",
            "strokeIds": [
                1
            ]
        }
    },
    {
        "prob": 0.9510810375213623,
        "relation": "R",
        "symChild": {
            "latex": "c",
            "strokeIds": [
                3
            ]
        },
        "symRoot": {
            "latex": "a",
            "strokeIds": [
                1
            ]
        }
    },
    {
        "prob": 0.9999511241912842,
        "relation": "R",
        "symChild": {
            "latex": "c",
            "strokeIds": [
                3
            ]
        },
        "symRoot": {
            "latex": "COMMA",
            "strokeIds": [
                2
            ]
        }
    },
    {
        "prob": 0.9984440207481384,
        "relation": "R",
        "symChild": {
            "latex": ")",
            "strokeIds": [
                4
            ]
        },
        "symRoot": {
            "latex": "c",
            "strokeIds": [
                3
            ]
        }
    }
]
