[
    {
        "prob": 0.9998025298118591,
        "relation": "R",
        "symChild": {
            "latex": "j",
            "strokeIds": [
                1,
                2
            ]
        },
        "symRoot": {
            "latex": "(",
            "strokeIds": [
                0
            ]
        }
    },
    {
        "prob": 0.9978245496749878,
        "relation": "R",
        "symChild": {
            "latex": "COMMA",
            "strokeIds": [
                3
            ]
        },
        "symRoot": {
            "latex": "j",
            "strokeIds": [
                1,
                2
            ]
        }
    },
    {
        "prob": 0.8913856148719788,
        "relation": "R",
        "symChild": {
            "latex": "k",
            "strokeIds": [
                4,
                5
            ]
        },
        "symRoot": {
            "latex": "j",
            "strokeIds": [
                1,
                2
            ]
        }
    },
    {
        "prob": 0.9999594688415527,
        "relation": "R",
        "symChild": {
            "latex": "k",
            "strokeIds": [
                4,
                5
            ]
        },
        "symRoot": {
            "latex": "COMMA",
            "strokeIds": [
                3
            ]
        }
    },
    {
        "prob": 0.6937875747680664,
        "relation": "R",
        "symChild": {
            "latex": ")",
            "strokeIds": [
                6
            ]
        },
        "symRoot": {
            "latex": "COMMA",
            "strokeIds": [
                3
            ]
        }
    },
    {
        "prob": 0.9993471503257751,
        "relation": "R",
        "symChild": {
            "latex": ")",
            "strokeIds": [
                6
            ]
        },
        "symRoot": {
            "latex": "k",
            "strokeIds": [
                4,
                5
            ]
        }
    }
]
