[
    {
        "prob": 0.999659538269043,
        "relation": "Be",
        "symChild": {
            "latex": "\\sqrt",
            "strokeIds": [
                2
            ]
        },
        "symRoot": {
            "latex": "-",
            "strokeIds": [
                1
            ]
        }
    },
    {
        "prob": 0.9995704293251038,
        "relation": "Be",
        "symChild": {
            "latex": "1",
            "strokeIds": [
                3
            ]
        },
        "symRoot": {
            "latex": "-",
            "strokeIds": [
                1
            ]
        }
    },
    {
        "prob": 0.9845187664031982,
        "relation": "Be",
        "symChild": {
            "latex": "e",
            "strokeIds": [
                5
            ]
        },
        "symRoot": {
            "latex": "-",
            "strokeIds": [
                1
            ]
        }
    },
    {
        "prob": 0.8811322450637817,
        "relation": "Be",
        "symChild": {
            "latex": "2",
            "strokeIds": [
                6
            ]
        },
        "symRoot": {
            "latex": "-",
            "strokeIds": [
                1
            ]
        }
    },
    {
        "prob": 0.47317126393318176,
        "relation": "Ab",
        "symChild": {
            "latex": "b",
            "strokeIds": [
                0
            ]
        },
        "symRoot": {
            "latex": "-",
            "strokeIds": [
                1
            ]
        }
    },
    {
        "prob": 0.9998321533203125,
        "relation": "In",
        "symChild": {
            "latex": "1",
            "strokeIds": [
                3
            ]
        },
        "symRoot": {
            "latex": "\\sqrt",
            "strokeIds": [
                2
            ]
        }
    },
    {
        "prob": 0.9994389414787292,
        "relation": "In",
        "symChild": {
            "latex": "-",
            "strokeIds": [
                4
            ]
        },
        "symRoot": {
            "latex": "\\sqrt",
            "strokeIds": [
                2
            ]
        }
    },
    {
        "prob": 0.9996974468231201,
        "relation": "In",
        "symChild": {
            "latex": "e",
            "strokeIds": [
                5
            ]
        },
        "symRoot": {
            "latex": "\\sqrt",
            "strokeIds": [
                2
            ]
        }
    },
    {
        "prob": 0.9880113005638123,
        "relation": "In",
        "symChild": {
            "latex": "2",
            "strokeIds": [
                6
            ]
        },
        "symRoot": {
            "latex": "\\sqrt",
            "strokeIds": [
                2
            ]
        }
    },
    {
        "prob": 0.9992249011993408,
        "relation": "R",
        "symChild": {
            "latex": "-",
            "strokeIds": [
                4
            ]
        },
        "symRoot": {
            "latex": "1",
            "strokeIds": [
                3
            ]
        }
    },
    {
        "prob": 0.9998031258583069,
        "relation": "R",
        "symChild": {
            "latex": "e",
            "strokeIds": [
                5
            ]
        },
        "symRoot": {
            "latex": "-",
            "strokeIds": [
                4
            ]
        }
    },
    {
        "prob": 0.999962329864502,
        "relation": "Sup",
        "symChild": {
            "latex": "2",
            "strokeIds": [
                6
            ]
        },
        "symRoot": {
            "latex": "e",
            "strokeIds": [
                5
            ]
        }
    }
]
