[
    {
        "prob": 0.9932952523231506,
        "relation": "R",
        "symChild": {
            "latex": "=",
            "strokeIds": [
                1,
                2
            ]
        },
        "symRoot": {
            "latex": "\\alpha",
            "strokeIds": [
                0
            ]
        }
    },
    {
        "prob": 0.9933973550796509,
        "relation": "R",
        "symChild": {
            "latex": "\\sqrt",
            "strokeIds": [
                3
            ]
        },
        "symRoot": {
            "latex": "\\alpha",
            "strokeIds": [
                0
            ]
        }
    },
    {
        "prob": 0.9998916387557983,
        "relation": "R",
        "symChild": {
            "latex": "\\sqrt",
            "strokeIds": [
                3
            ]
        },
        "symRoot": {
            "latex": "=",
            "strokeIds": [
                1,
                2
            ]
        }
    },
    {
        "prob": 0.4929351508617401,
        "relation": "R",
        "symChild": {
            "latex": "2",
            "strokeIds": [
                4
            ]
        },
        "symRoot": {
            "latex": "=",
            "strokeIds": [
                1,
                2
            ]
        }
    },
    {
        "prob": 0.9998045563697815,
        "relation": "In",
        "symChild": {
            "latex": "2",
            "strokeIds": [
                4
            ]
        },
        "symRoot": {
            "latex": "\\sqrt",
            "strokeIds": [
                3
            ]
        }
    }
]
