[
    {
        "prob": 0.8626736402511597,
        "relation": "R",
        "symChild": {
            "latex": "=",
            "strokeIds": [
                1,
                2
            ]
        },
        "symRoot": {
            "latex": "y",
            "strokeIds": [
                0
            ]
        }
    },
    {
        "prob": 0.9390082955360413,
        "relation": "R",
        "symChild": {
            "latex": "-",
            "strokeIds": [
                4
            ]
        },
        "symRoot": {
            "latex": "y",
            "strokeIds": [
                0
            ]
        }
    },
    {
        "prob": 0.9998611211776733,
        "relation": "R",
        "symChild": {
            "latex": "-",
            "strokeIds": [
                4
            ]
        },
        "symRoot": {
            "latex": "=",
            "strokeIds": [
                1,
                2
            ]
        }
    },
    {
        "prob": 0.9407215714454651,
        "relation": "Be",
        "symChild": {
            "latex": "x",
            "strokeIds": [
                5,
                6
            ]
        },
        "symRoot": {
            "latex": "-",
            "strokeIds": [
                4
            ]
        }
    },
    {
        "prob": 0.9011791348457336,
        "relation": "Be",
        "symChild": {
            "latex": "2",
            "strokeIds": [
                7
            ]
        },
        "symRoot": {
            "latex": "-",
            "strokeIds": [
                4
            ]
        }
    },
    {
        "prob": 0.9400050640106201,
        "relation": "Be",
        "symChild": {
            "latex": "1",
            "strokeIds": [
                10
            ]
        },
        "symRoot": {
            "latex": "-",
            "strokeIds": [
                4
            ]
        }
    },
    {
        "prob": 0.9431939125061035,
        "relation": "Ab",
        "symChild": {
            "latex": "1",
            "strokeIds": [
                3
            ]
        },
        "symRoot": {
            "latex": "-",
            "strokeIds": [
                4
            ]
        }
    },
    {
        "prob": 0.9980061650276184,
        "relation": "R",
        "symChild": {
            "latex": "+",
            "strokeIds": [
                8,
                9
            ]
        },
        "symRoot": {
            "latex": "x",
            "strokeIds": [
                5,
                6
            ]
        }
    },
    {
        "prob": 0.9218754172325134,
        "relation": "R",
        "symChild": {
            "latex": "1",
            "strokeIds": [
                10
            ]
        },
        "symRoot": {
            "latex": "x",
            "strokeIds": [
                5,
                6
            ]
        }
    },
    {
        "prob": 0.9998413324356079,
        "relation": "Sup",
        "symChild": {
            "latex": "2",
            "strokeIds": [
                7
            ]
        },
        "symRoot": {
            "latex": "x",
            "strokeIds": [
                5,
                6
            ]
        }
    },
    {
        "prob": 0.9997695088386536,
        "relation": "R",
        "symChild": {
            "latex": "1",
            "strokeIds": [
                10
            ]
        },
        "symRoot": {
            "latex": "+",
            "strokeIds": [
                8,
                9
            ]
        }
    }
]
