[
    {
        "prob": 0.9996365308761597,
        "relation": "R",
        "symChild": {
            "latex": "=",
            "strokeIds": [
                1,
                2
            ]
        },
        "symRoot": {
            "latex": "s",
            "strokeIds": [
                0
            ]
        }
    },
    {
        "prob": 0.9997343420982361,
        "relation": "R",
        "symChild": {
            "latex": "3",
            "strokeIds": [
                3
            ]
        },
        "symRoot": {
            "latex": "=",
            "strokeIds": [
                1,
                2
            ]
        }
    }
]
