[
    {
        "prob": 0.9969922304153442,
        "relation": "R",
        "symChild": {
            "latex": "COMMA",
            "strokeIds": [
                3
            ]
        },
        "symRoot": {
            "latex": "r",
            "strokeIds": [
                0
            ]
        }
    },
    {
        "prob": 0.9994315505027771,
        "relation": "R",
        "symChild": {
            "latex": "r",
            "strokeIds": [
                4
            ]
        },
        "symRoot": {
            "latex": "r",
            "strokeIds": [
                0
            ]
        }
    },
    {
        "prob": 0.546973466873169,
        "relation": "R",
        "symChild": {
            "latex": "COMMA",
            "strokeIds": [
                7
            ]
        },
        "symRoot": {
            "latex": "r",
            "strokeIds": [
                0
            ]
        }
    },
    {
        "prob": 0.6709315180778503,
        "relation": "R",
        "symChild": {
            "latex": "r",
            "strokeIds": [
                8
            ]
        },
        "symRoot": {
            "latex": "r",
            "strokeIds": [
                0
            ]
        }
    },
    {
        "prob": 0.9992808699607849,
        "relation": "Sub",
        "symChild": {
            "latex": "i",
            "strokeIds": [
                1,
                2
            ]
        },
        "symRoot": {
            "latex": "r",
            "strokeIds": [
                0
            ]
        }
    },
    {
        "prob": 0.999029278755188,
        "relation": "R",
        "symChild": {
            "latex": "r",
            "strokeIds": [
                4
            ]
        },
        "symRoot": {
            "latex": "i",
            "strokeIds": [
                1,
                2
            ]
        }
    },
    {
        "prob": 0.9999892711639404,
        "relation": "R",
        "symChild": {
            "latex": "r",
            "strokeIds": [
                4
            ]
        },
        "symRoot": {
            "latex": "COMMA",
            "strokeIds": [
                3
            ]
        }
    },
    {
        "prob": 0.9873506426811218,
        "relation": "R",
        "symChild": {
            "latex": "COMMA",
            "strokeIds": [
                7
            ]
        },
        "symRoot": {
            "latex": "r",
            "strokeIds": [
                4
            ]
        }
    },
    {
        "prob": 0.9947905540466309,
        "relation": "R",
        "symChild": {
            "latex": "r",
            "strokeIds": [
                8
            ]
        },
        "symRoot": {
            "latex": "r",
            "strokeIds": [
                4
            ]
        }
    },
    {
        "prob": 0.9935932755470276,
        "relation": "Sup",
        "symChild": {
            "latex": "j",
            "strokeIds": [
                5,
                6
            ]
        },
        "symRoot": {
            "latex": "r",
            "strokeIds": [
                4
            ]
        }
    },
    {
        "prob": 0.9999852180480957,
        "relation": "R",
        "symChild": {
            "latex": "r",
            "strokeIds": [
                8
            ]
        },
        "symRoot": {
            "latex": "COMMA",
            "strokeIds": [
                7
            ]
        }
    },
    {
        "prob": 0.6759936213493347,
        "relation": "R",
        "symChild": {
            "latex": "k",
            "strokeIds": [
                9
            ]
        },
        "symRoot": {
            "latex": "COMMA",
            "strokeIds": [
                7
            ]
        }
    },
    {
        "prob": 0.9990022778511047,
        "relation": "Sup",
        "symChild": {
            "latex": "k",
            "strokeIds": [
                9
            ]
        },
        "symRoot": {
            "latex": "r",
            "strokeIds": [
                8
            ]
        }
    }
]
