[
    {
        "prob": 0.9999980926513672,
        "relation": "R",
        "symChild": {
            "latex": "4",
            "strokeIds": [
                1
            ]
        },
        "symRoot": {
            "latex": "1",
            "strokeIds": [
                0
            ]
        }
    },
    {
        "prob": 0.9975547194480896,
        "relation": "R",
        "symChild": {
            "latex": "1",
            "strokeIds": [
                2
            ]
        },
        "symRoot": {
            "latex": "1",
            "strokeIds": [
                0
            ]
        }
    },
    {
        "prob": 0.9999862909317017,
        "relation": "R",
        "symChild": {
            "latex": "1",
            "strokeIds": [
                2
            ]
        },
        "symRoot": {
            "latex": "4",
            "strokeIds": [
                1
            ]
        }
    },
    {
        "prob": 0.32836437225341797,
        "relation": "R",
        "symChild": {
            "latex": "-",
            "strokeIds": [
                3
            ]
        },
        "symRoot": {
            "latex": "4",
            "strokeIds": [
                1
            ]
        }
    },
    {
        "prob": 0.9999954700469971,
        "relation": "R",
        "symChild": {
            "latex": "-",
            "strokeIds": [
                3
            ]
        },
        "symRoot": {
            "latex": "1",
            "strokeIds": [
                2
            ]
        }
    },
    {
        "prob": 0.9999879598617554,
        "relation": "R",
        "symChild": {
            "latex": "5",
            "strokeIds": [
                4,
                5
            ]
        },
        "symRoot": {
            "latex": "-",
            "strokeIds": [
                3
            ]
        }
    },
    {
        "prob": 0.557164192199707,
        "relation": "R",
        "symChild": {
            "latex": "7",
            "strokeIds": [
                6,
                7
            ]
        },
        "symRoot": {
            "latex": "-",
            "strokeIds": [
                3
            ]
        }
    },
    {
        "prob": 0.9999974966049194,
        "relation": "R",
        "symChild": {
            "latex": "7",
            "strokeIds": [
                6,
                7
            ]
        },
        "symRoot": {
            "latex": "5",
            "strokeIds": [
                4,
                5
            ]
        }
    },
    {
        "prob": 0.9593424201011658,
        "relation": "R",
        "symChild": {
            "latex": "\\leq",
            "strokeIds": [
                8,
                9
            ]
        },
        "symRoot": {
            "latex": "5",
            "strokeIds": [
                4,
                5
            ]
        }
    },
    {
        "prob": 0.9959858059883118,
        "relation": "R",
        "symChild": {
            "latex": "\\leq",
            "strokeIds": [
                8,
                9
            ]
        },
        "symRoot": {
            "latex": "7",
            "strokeIds": [
                6,
                7
            ]
        }
    },
    {
        "prob": 0.9997208714485168,
        "relation": "R",
        "symChild": {
            "latex": "8",
            "strokeIds": [
                10
            ]
        },
        "symRoot": {
            "latex": "\\leq",
            "strokeIds": [
                8,
                9
            ]
        }
    },
    {
        "prob": 0.9999943971633911,
        "relation": "R",
        "symChild": {
            "latex": "4",
            "strokeIds": [
                11
            ]
        },
        "symRoot": {
            "latex": "8",
            "strokeIds": [
                10
            ]
        }
    }
]
