[
    {
        "prob": 0.9832093119621277,
        "relation": "R",
        "symChild": {
            "latex": "COMMA",
            "strokeIds": [
                3
            ]
        },
        "symRoot": {
            "latex": "a",
            "strokeIds": [
                0
            ]
        }
    },
    {
        "prob": 0.7656915187835693,
        "relation": "R",
        "symChild": {
            "latex": "i",
            "strokeIds": [
                4,
                5
            ]
        },
        "symRoot": {
            "latex": "a",
            "strokeIds": [
                0
            ]
        }
    },
    {
        "prob": 0.9999674558639526,
        "relation": "Sub",
        "symChild": {
            "latex": "i",
            "strokeIds": [
                1,
                2
            ]
        },
        "symRoot": {
            "latex": "a",
            "strokeIds": [
                0
            ]
        }
    },
    {
        "prob": 0.6086968779563904,
        "relation": "R",
        "symChild": {
            "latex": "COMMA",
            "strokeIds": [
                3
            ]
        },
        "symRoot": {
            "latex": "i",
            "strokeIds": [
                1,
                2
            ]
        }
    },
    {
        "prob": 0.488118052482605,
        "relation": "R",
        "symChild": {
            "latex": "i",
            "strokeIds": [
                4,
                5
            ]
        },
        "symRoot": {
            "latex": "i",
            "strokeIds": [
                1,
                2
            ]
        }
    },
    {
        "prob": 0.9961812496185303,
        "relation": "R",
        "symChild": {
            "latex": "i",
            "strokeIds": [
                4,
                5
            ]
        },
        "symRoot": {
            "latex": "COMMA",
            "strokeIds": [
                3
            ]
        }
    }
]
