[
    {
        "prob": 0.9702556133270264,
        "relation": "R",
        "symChild": {
            "latex": "=",
            "strokeIds": [
                1,
                2
            ]
        },
        "symRoot": {
            "latex": "n",
            "strokeIds": [
                0
            ]
        }
    },
    {
        "prob": 0.999734103679657,
        "relation": "R",
        "symChild": {
            "latex": "\\sqrt",
            "strokeIds": [
                3
            ]
        },
        "symRoot": {
            "latex": "=",
            "strokeIds": [
                1,
                2
            ]
        }
    },
    {
        "prob": 0.9940859079360962,
        "relation": "R",
        "symChild": {
            "latex": "\\theta",
            "strokeIds": [
                4
            ]
        },
        "symRoot": {
            "latex": "=",
            "strokeIds": [
                1,
                2
            ]
        }
    },
    {
        "prob": 0.9999535083770752,
        "relation": "In",
        "symChild": {
            "latex": "\\theta",
            "strokeIds": [
                4
            ]
        },
        "symRoot": {
            "latex": "\\sqrt",
            "strokeIds": [
                3
            ]
        }
    }
]
