[
    {
        "prob": 0.9967597126960754,
        "relation": "R",
        "symChild": {
            "latex": "=",
            "strokeIds": [
                6,
                7
            ]
        },
        "symRoot": {
            "latex": "e",
            "strokeIds": [
                0
            ]
        }
    },
    {
        "prob": 0.9991145730018616,
        "relation": "Sup",
        "symChild": {
            "latex": "i",
            "strokeIds": [
                1,
                2
            ]
        },
        "symRoot": {
            "latex": "e",
            "strokeIds": [
                0
            ]
        }
    },
    {
        "prob": 0.5041245222091675,
        "relation": "Sup",
        "symChild": {
            "latex": "\\pi",
            "strokeIds": [
                3,
                4,
                5
            ]
        },
        "symRoot": {
            "latex": "e",
            "strokeIds": [
                0
            ]
        }
    },
    {
        "prob": 0.9988425374031067,
        "relation": "R",
        "symChild": {
            "latex": "\\pi",
            "strokeIds": [
                3,
                4,
                5
            ]
        },
        "symRoot": {
            "latex": "i",
            "strokeIds": [
                1,
                2
            ]
        }
    },
    {
        "prob": 0.9827793836593628,
        "relation": "R",
        "symChild": {
            "latex": "-",
            "strokeIds": [
                8
            ]
        },
        "symRoot": {
            "latex": "=",
            "strokeIds": [
                6,
                7
            ]
        }
    },
    {
        "prob": 0.9892742037773132,
        "relation": "R",
        "symChild": {
            "latex": "1",
            "strokeIds": [
                9
            ]
        },
        "symRoot": {
            "latex": "=",
            "strokeIds": [
                6,
                7
            ]
        }
    },
    {
        "prob": 0.9982847571372986,
        "relation": "R",
        "symChild": {
            "latex": "1",
            "strokeIds": [
                9
            ]
        },
        "symRoot": {
            "latex": "-",
            "strokeIds": [
                8
            ]
        }
    }
]
