[
    {
        "prob": 0.9995742440223694,
        "relation": "R",
        "symChild": {
            "latex": "\\sqrt",
            "strokeIds": [
                3
            ]
        },
        "symRoot": {
            "latex": "\\pm",
            "strokeIds": [
                0,
                1,
                2
            ]
        }
    },
    {
        "prob": 0.9953511953353882,
        "relation": "R",
        "symChild": {
            "latex": "-",
            "strokeIds": [
                4
            ]
        },
        "symRoot": {
            "latex": "\\pm",
            "strokeIds": [
                0,
                1,
                2
            ]
        }
    },
    {
        "prob": 0.5821585059165955,
        "relation": "R",
        "symChild": {
            "latex": "1",
            "strokeIds": [
                5
            ]
        },
        "symRoot": {
            "latex": "\\pm",
            "strokeIds": [
                0,
                1,
                2
            ]
        }
    },
    {
        "prob": 0.9999216794967651,
        "relation": "In",
        "symChild": {
            "latex": "-",
            "strokeIds": [
                4
            ]
        },
        "symRoot": {
            "latex": "\\sqrt",
            "strokeIds": [
                3
            ]
        }
    },
    {
        "prob": 0.9994943141937256,
        "relation": "In",
        "symChild": {
            "latex": "1",
            "strokeIds": [
                5
            ]
        },
        "symRoot": {
            "latex": "\\sqrt",
            "strokeIds": [
                3
            ]
        }
    },
    {
        "prob": 0.9999125003814697,
        "relation": "R",
        "symChild": {
            "latex": "1",
            "strokeIds": [
                5
            ]
        },
        "symRoot": {
            "latex": "-",
            "strokeIds": [
                4
            ]
        }
    }
]
