[
    {
        "prob": 0.9969052672386169,
        "relation": "R",
        "symChild": {
            "latex": "(",
            "strokeIds": [
                5
            ]
        },
        "symRoot": {
            "latex": "\\phi",
            "strokeIds": [
                0,
                1
            ]
        }
    },
    {
        "prob": 0.9982353448867798,
        "relation": "Sub",
        "symChild": {
            "latex": "c",
            "strokeIds": [
                2
            ]
        },
        "symRoot": {
            "latex": "\\phi",
            "strokeIds": [
                0,
                1
            ]
        }
    },
    {
        "prob": 0.9698472023010254,
        "relation": "R",
        "symChild": {
            "latex": ")",
            "strokeIds": [
                4
            ]
        },
        "symRoot": {
            "latex": "n",
            "strokeIds": [
                3
            ]
        }
    },
    {
        "prob": 0.9985093474388123,
        "relation": "R",
        "symChild": {
            "latex": "n",
            "strokeIds": [
                3
            ]
        },
        "symRoot": {
            "latex": "(",
            "strokeIds": [
                5
            ]
        }
    },
    {
        "prob": 0.5525006651878357,
        "relation": "R",
        "symChild": {
            "latex": ")",
            "strokeIds": [
                4
            ]
        },
        "symRoot": {
            "latex": "(",
            "strokeIds": [
                5
            ]
        }
    }
]
