[
    {
        "prob": 0.8563487529754639,
        "relation": "R",
        "symChild": {
            "latex": "g",
            "strokeIds": [
                3
            ]
        },
        "symRoot": {
            "latex": "g",
            "strokeIds": [
                0
            ]
        }
    },
    {
        "prob": 0.49611175060272217,
        "relation": "R",
        "symChild": {
            "latex": "v",
            "strokeIds": [
                4
            ]
        },
        "symRoot": {
            "latex": "g",
            "strokeIds": [
                0
            ]
        }
    },
    {
        "prob": 0.3843832015991211,
        "relation": "R",
        "symChild": {
            "latex": "v",
            "strokeIds": [
                5,
                6
            ]
        },
        "symRoot": {
            "latex": "g",
            "strokeIds": [
                0
            ]
        }
    },
    {
        "prob": 0.9550173878669739,
        "relation": "Sub",
        "symChild": {
            "latex": "u",
            "strokeIds": [
                1
            ]
        },
        "symRoot": {
            "latex": "g",
            "strokeIds": [
                0
            ]
        }
    },
    {
        "prob": 0.717864453792572,
        "relation": "Sub",
        "symChild": {
            "latex": "u",
            "strokeIds": [
                2
            ]
        },
        "symRoot": {
            "latex": "g",
            "strokeIds": [
                0
            ]
        }
    },
    {
        "prob": 0.9258003830909729,
        "relation": "R",
        "symChild": {
            "latex": "u",
            "strokeIds": [
                2
            ]
        },
        "symRoot": {
            "latex": "u",
            "strokeIds": [
                1
            ]
        }
    },
    {
        "prob": 0.39904534816741943,
        "relation": "R",
        "symChild": {
            "latex": "v",
            "strokeIds": [
                5,
                6
            ]
        },
        "symRoot": {
            "latex": "g",
            "strokeIds": [
                3
            ]
        }
    },
    {
        "prob": 0.9993163347244263,
        "relation": "Sub",
        "symChild": {
            "latex": "v",
            "strokeIds": [
                4
            ]
        },
        "symRoot": {
            "latex": "g",
            "strokeIds": [
                3
            ]
        }
    },
    {
        "prob": 0.5315621495246887,
        "relation": "Sub",
        "symChild": {
            "latex": "v",
            "strokeIds": [
                5,
                6
            ]
        },
        "symRoot": {
            "latex": "g",
            "strokeIds": [
                3
            ]
        }
    },
    {
        "prob": 0.9026878476142883,
        "relation": "R",
        "symChild": {
            "latex": "v",
            "strokeIds": [
                5,
                6
            ]
        },
        "symRoot": {
            "latex": "v",
            "strokeIds": [
                4
            ]
        }
    }
]
