[
    {
        "prob": 0.9978609681129456,
        "relation": "R",
        "symChild": {
            "latex": "p",
            "strokeIds": [
                1,
                2
            ]
        },
        "symRoot": {
            "latex": "2",
            "strokeIds": [
                0
            ]
        }
    },
    {
        "prob": 0.9781513214111328,
        "relation": "R",
        "symChild": {
            "latex": "x",
            "strokeIds": [
                3
            ]
        },
        "symRoot": {
            "latex": "2",
            "strokeIds": [
                0
            ]
        }
    },
    {
        "prob": 0.9897106289863586,
        "relation": "R",
        "symChild": {
            "latex": "x",
            "strokeIds": [
                3
            ]
        },
        "symRoot": {
            "latex": "p",
            "strokeIds": [
                1,
                2
            ]
        }
    },
    {
        "prob": 0.6993951201438904,
        "relation": "Sub",
        "symChild": {
            "latex": "1",
            "strokeIds": [
                4
            ]
        },
        "symRoot": {
            "latex": "p",
            "strokeIds": [
                1,
                2
            ]
        }
    },
    {
        "prob": 0.9997982382774353,
        "relation": "Sub",
        "symChild": {
            "latex": "1",
            "strokeIds": [
                4
            ]
        },
        "symRoot": {
            "latex": "x",
            "strokeIds": [
                3
            ]
        }
    }
]
