[
    {
        "prob": 0.9772700071334839,
        "relation": "R",
        "symChild": {
            "latex": "=",
            "strokeIds": [
                1,
                2
            ]
        },
        "symRoot": {
            "latex": "r",
            "strokeIds": [
                0
            ]
        }
    },
    {
        "prob": 0.9883725047111511,
        "relation": "R",
        "symChild": {
            "latex": "\\alpha",
            "strokeIds": [
                3
            ]
        },
        "symRoot": {
            "latex": "=",
            "strokeIds": [
                1,
                2
            ]
        }
    },
    {
        "prob": 0.9966952800750732,
        "relation": "R",
        "symChild": {
            "latex": "(",
            "strokeIds": [
                4
            ]
        },
        "symRoot": {
            "latex": "\\alpha",
            "strokeIds": [
                3
            ]
        }
    },
    {
        "prob": 0.9953846335411072,
        "relation": "R",
        "symChild": {
            "latex": "\\theta",
            "strokeIds": [
                5
            ]
        },
        "symRoot": {
            "latex": "\\alpha",
            "strokeIds": [
                3
            ]
        }
    },
    {
        "prob": 0.4936247169971466,
        "relation": "R",
        "symChild": {
            "latex": ")",
            "strokeIds": [
                6
            ]
        },
        "symRoot": {
            "latex": "\\alpha",
            "strokeIds": [
                3
            ]
        }
    },
    {
        "prob": 0.38993293046951294,
        "relation": "R",
        "symChild": {
            "latex": "\\pm",
            "strokeIds": [
                7,
                8,
                9
            ]
        },
        "symRoot": {
            "latex": "\\alpha",
            "strokeIds": [
                3
            ]
        }
    },
    {
        "prob": 0.9999892711639404,
        "relation": "R",
        "symChild": {
            "latex": "\\theta",
            "strokeIds": [
                5
            ]
        },
        "symRoot": {
            "latex": "(",
            "strokeIds": [
                4
            ]
        }
    },
    {
        "prob": 0.9999659061431885,
        "relation": "R",
        "symChild": {
            "latex": ")",
            "strokeIds": [
                6
            ]
        },
        "symRoot": {
            "latex": "\\theta",
            "strokeIds": [
                5
            ]
        }
    },
    {
        "prob": 0.9991017580032349,
        "relation": "R",
        "symChild": {
            "latex": "\\pm",
            "strokeIds": [
                7,
                8,
                9
            ]
        },
        "symRoot": {
            "latex": "\\theta",
            "strokeIds": [
                5
            ]
        }
    },
    {
        "prob": 0.46152275800704956,
        "relation": "R",
        "symChild": {
            "latex": "d",
            "strokeIds": [
                10
            ]
        },
        "symRoot": {
            "latex": "\\theta",
            "strokeIds": [
                5
            ]
        }
    },
    {
        "prob": 0.999976396560669,
        "relation": "R",
        "symChild": {
            "latex": "\\pm",
            "strokeIds": [
                7,
                8,
                9
            ]
        },
        "symRoot": {
            "latex": ")",
            "strokeIds": [
                6
            ]
        }
    },
    {
        "prob": 0.9982585310935974,
        "relation": "R",
        "symChild": {
            "latex": "d",
            "strokeIds": [
                10
            ]
        },
        "symRoot": {
            "latex": "\\pm",
            "strokeIds": [
                7,
                8,
                9
            ]
        }
    }
]
