[
    {
        "prob": 0.9981289505958557,
        "relation": "R",
        "symChild": {
            "latex": "-",
            "strokeIds": [
                6
            ]
        },
        "symRoot": {
            "latex": "\\int",
            "strokeIds": [
                0
            ]
        }
    },
    {
        "prob": 0.9902032613754272,
        "relation": "Sub",
        "symChild": {
            "latex": "a",
            "strokeIds": [
                1
            ]
        },
        "symRoot": {
            "latex": "\\int",
            "strokeIds": [
                0
            ]
        }
    },
    {
        "prob": 0.7890312671661377,
        "relation": "Sup",
        "symChild": {
            "latex": "b",
            "strokeIds": [
                2
            ]
        },
        "symRoot": {
            "latex": "\\int",
            "strokeIds": [
                0
            ]
        }
    },
    {
        "prob": 0.5723946690559387,
        "relation": "R",
        "symChild": {
            "latex": "d",
            "strokeIds": [
                8
            ]
        },
        "symRoot": {
            "latex": "\\sqrt",
            "strokeIds": [
                3
            ]
        }
    },
    {
        "prob": 0.9991254210472107,
        "relation": "In",
        "symChild": {
            "latex": "x",
            "strokeIds": [
                4,
                5
            ]
        },
        "symRoot": {
            "latex": "\\sqrt",
            "strokeIds": [
                3
            ]
        }
    },
    {
        "prob": 0.9952953457832336,
        "relation": "R",
        "symChild": {
            "latex": "d",
            "strokeIds": [
                8
            ]
        },
        "symRoot": {
            "latex": "-",
            "strokeIds": [
                6
            ]
        }
    },
    {
        "prob": 0.35211312770843506,
        "relation": "R",
        "symChild": {
            "latex": "x",
            "strokeIds": [
                9
            ]
        },
        "symRoot": {
            "latex": "-",
            "strokeIds": [
                6
            ]
        }
    },
    {
        "prob": 0.9986868500709534,
        "relation": "Be",
        "symChild": {
            "latex": "2",
            "strokeIds": [
                7
            ]
        },
        "symRoot": {
            "latex": "-",
            "strokeIds": [
                6
            ]
        }
    },
    {
        "prob": 0.9980159997940063,
        "relation": "Ab",
        "symChild": {
            "latex": "\\sqrt",
            "strokeIds": [
                3
            ]
        },
        "symRoot": {
            "latex": "-",
            "strokeIds": [
                6
            ]
        }
    },
    {
        "prob": 0.9720802307128906,
        "relation": "Ab",
        "symChild": {
            "latex": "x",
            "strokeIds": [
                4,
                5
            ]
        },
        "symRoot": {
            "latex": "-",
            "strokeIds": [
                6
            ]
        }
    },
    {
        "prob": 0.8179035782814026,
        "relation": "R",
        "symChild": {
            "latex": "x",
            "strokeIds": [
                9
            ]
        },
        "symRoot": {
            "latex": "d",
            "strokeIds": [
                8
            ]
        }
    }
]
