[
    {
        "prob": 0.998479425907135,
        "relation": "R",
        "symChild": {
            "latex": "-",
            "strokeIds": [
                4
            ]
        },
        "symRoot": {
            "latex": "\\log",
            "strokeIds": [
                0,
                1,
                2
            ]
        }
    },
    {
        "prob": 0.9998905658721924,
        "relation": "Sub",
        "symChild": {
            "latex": "2",
            "strokeIds": [
                3
            ]
        },
        "symRoot": {
            "latex": "\\log",
            "strokeIds": [
                0,
                1,
                2
            ]
        }
    },
    {
        "prob": 0.9981495141983032,
        "relation": "R",
        "symChild": {
            "latex": "+",
            "strokeIds": [
                7,
                8
            ]
        },
        "symRoot": {
            "latex": "-",
            "strokeIds": [
                4
            ]
        }
    },
    {
        "prob": 0.9997038245201111,
        "relation": "Be",
        "symChild": {
            "latex": "2",
            "strokeIds": [
                5
            ]
        },
        "symRoot": {
            "latex": "-",
            "strokeIds": [
                4
            ]
        }
    },
    {
        "prob": 0.9995352029800415,
        "relation": "Ab",
        "symChild": {
            "latex": "1",
            "strokeIds": [
                6
            ]
        },
        "symRoot": {
            "latex": "-",
            "strokeIds": [
                4
            ]
        }
    },
    {
        "prob": 0.9998799562454224,
        "relation": "R",
        "symChild": {
            "latex": "\\log",
            "strokeIds": [
                9,
                10,
                11
            ]
        },
        "symRoot": {
            "latex": "+",
            "strokeIds": [
                7,
                8
            ]
        }
    },
    {
        "prob": 0.9994497895240784,
        "relation": "R",
        "symChild": {
            "latex": "-",
            "strokeIds": [
                14
            ]
        },
        "symRoot": {
            "latex": "\\log",
            "strokeIds": [
                9,
                10,
                11
            ]
        }
    },
    {
        "prob": 0.9999537467956543,
        "relation": "Sub",
        "symChild": {
            "latex": "4",
            "strokeIds": [
                12,
                13
            ]
        },
        "symRoot": {
            "latex": "\\log",
            "strokeIds": [
                9,
                10,
                11
            ]
        }
    },
    {
        "prob": 0.727383017539978,
        "relation": "R",
        "symChild": {
            "latex": "4",
            "strokeIds": [
                15,
                16
            ]
        },
        "symRoot": {
            "latex": "4",
            "strokeIds": [
                12,
                13
            ]
        }
    },
    {
        "prob": 0.8243929743766785,
        "relation": "Be",
        "symChild": {
            "latex": "4",
            "strokeIds": [
                12,
                13
            ]
        },
        "symRoot": {
            "latex": "-",
            "strokeIds": [
                14
            ]
        }
    },
    {
        "prob": 0.9999282360076904,
        "relation": "Be",
        "symChild": {
            "latex": "4",
            "strokeIds": [
                15,
                16
            ]
        },
        "symRoot": {
            "latex": "-",
            "strokeIds": [
                14
            ]
        }
    },
    {
        "prob": 0.9995318651199341,
        "relation": "Ab",
        "symChild": {
            "latex": "2",
            "strokeIds": [
                17
            ]
        },
        "symRoot": {
            "latex": "-",
            "strokeIds": [
                14
            ]
        }
    }
]
