[
    {
        "prob": 0.9991577863693237,
        "relation": "R",
        "symChild": {
            "latex": "\\int",
            "strokeIds": [
                3
            ]
        },
        "symRoot": {
            "latex": "\\pi",
            "strokeIds": [
                0,
                1,
                2
            ]
        }
    },
    {
        "prob": 0.7735369801521301,
        "relation": "R",
        "symChild": {
            "latex": "\\{",
            "strokeIds": [
                10
            ]
        },
        "symRoot": {
            "latex": "\\int",
            "strokeIds": [
                3
            ]
        }
    },
    {
        "prob": 0.9995205402374268,
        "relation": "Sub",
        "symChild": {
            "latex": "c",
            "strokeIds": [
                4
            ]
        },
        "symRoot": {
            "latex": "\\int",
            "strokeIds": [
                3
            ]
        }
    },
    {
        "prob": 0.9946476817131042,
        "relation": "Sup",
        "symChild": {
            "latex": "d",
            "strokeIds": [
                5
            ]
        },
        "symRoot": {
            "latex": "\\int",
            "strokeIds": [
                3
            ]
        }
    },
    {
        "prob": 0.9891495108604431,
        "relation": "R",
        "symChild": {
            "latex": "(",
            "strokeIds": [
                7
            ]
        },
        "symRoot": {
            "latex": "g",
            "strokeIds": [
                6
            ]
        }
    },
    {
        "prob": 0.9758411049842834,
        "relation": "R",
        "symChild": {
            "latex": "y",
            "strokeIds": [
                8
            ]
        },
        "symRoot": {
            "latex": "g",
            "strokeIds": [
                6
            ]
        }
    },
    {
        "prob": 0.5387469530105591,
        "relation": "R",
        "symChild": {
            "latex": ")",
            "strokeIds": [
                9
            ]
        },
        "symRoot": {
            "latex": "g",
            "strokeIds": [
                6
            ]
        }
    },
    {
        "prob": 0.7877623438835144,
        "relation": "R",
        "symChild": {
            "latex": "\\}",
            "strokeIds": [
                11
            ]
        },
        "symRoot": {
            "latex": "g",
            "strokeIds": [
                6
            ]
        }
    },
    {
        "prob": 0.9998575448989868,
        "relation": "R",
        "symChild": {
            "latex": "y",
            "strokeIds": [
                8
            ]
        },
        "symRoot": {
            "latex": "(",
            "strokeIds": [
                7
            ]
        }
    },
    {
        "prob": 0.9998996257781982,
        "relation": "R",
        "symChild": {
            "latex": ")",
            "strokeIds": [
                9
            ]
        },
        "symRoot": {
            "latex": "y",
            "strokeIds": [
                8
            ]
        }
    },
    {
        "prob": 0.9919460415840149,
        "relation": "R",
        "symChild": {
            "latex": "\\}",
            "strokeIds": [
                11
            ]
        },
        "symRoot": {
            "latex": "y",
            "strokeIds": [
                8
            ]
        }
    },
    {
        "prob": 0.9999675750732422,
        "relation": "R",
        "symChild": {
            "latex": "\\}",
            "strokeIds": [
                11
            ]
        },
        "symRoot": {
            "latex": ")",
            "strokeIds": [
                9
            ]
        }
    },
    {
        "prob": 0.3952472507953644,
        "relation": "R",
        "symChild": {
            "latex": "d",
            "strokeIds": [
                13
            ]
        },
        "symRoot": {
            "latex": ")",
            "strokeIds": [
                9
            ]
        }
    },
    {
        "prob": 0.999846339225769,
        "relation": "R",
        "symChild": {
            "latex": "g",
            "strokeIds": [
                6
            ]
        },
        "symRoot": {
            "latex": "\\{",
            "strokeIds": [
                10
            ]
        }
    },
    {
        "prob": 0.9958227872848511,
        "relation": "R",
        "symChild": {
            "latex": "d",
            "strokeIds": [
                13
            ]
        },
        "symRoot": {
            "latex": "\\}",
            "strokeIds": [
                11
            ]
        }
    },
    {
        "prob": 0.6849015355110168,
        "relation": "R",
        "symChild": {
            "latex": "y",
            "strokeIds": [
                14
            ]
        },
        "symRoot": {
            "latex": "\\}",
            "strokeIds": [
                11
            ]
        }
    },
    {
        "prob": 0.9991112351417542,
        "relation": "Sup",
        "symChild": {
            "latex": "2",
            "strokeIds": [
                12
            ]
        },
        "symRoot": {
            "latex": "\\}",
            "strokeIds": [
                11
            ]
        }
    },
    {
        "prob": 0.9997491240501404,
        "relation": "R",
        "symChild": {
            "latex": "y",
            "strokeIds": [
                14
            ]
        },
        "symRoot": {
            "latex": "d",
            "strokeIds": [
                13
            ]
        }
    }
]
