[
    {
        "prob": 0.996650755405426,
        "relation": "R",
        "symChild": {
            "latex": "-",
            "strokeIds": [
                4
            ]
        },
        "symRoot": {
            "latex": "\\log",
            "strokeIds": [
                0,
                1,
                2
            ]
        }
    },
    {
        "prob": 0.9998036026954651,
        "relation": "Sub",
        "symChild": {
            "latex": "2",
            "strokeIds": [
                3
            ]
        },
        "symRoot": {
            "latex": "\\log",
            "strokeIds": [
                0,
                1,
                2
            ]
        }
    },
    {
        "prob": 0.9992781281471252,
        "relation": "R",
        "symChild": {
            "latex": "+",
            "strokeIds": [
                7,
                8
            ]
        },
        "symRoot": {
            "latex": "-",
            "strokeIds": [
                4
            ]
        }
    },
    {
        "prob": 0.9994600415229797,
        "relation": "Be",
        "symChild": {
            "latex": "2",
            "strokeIds": [
                5
            ]
        },
        "symRoot": {
            "latex": "-",
            "strokeIds": [
                4
            ]
        }
    },
    {
        "prob": 0.9991031885147095,
        "relation": "Ab",
        "symChild": {
            "latex": "1",
            "strokeIds": [
                6
            ]
        },
        "symRoot": {
            "latex": "-",
            "strokeIds": [
                4
            ]
        }
    },
    {
        "prob": 0.9945960640907288,
        "relation": "R",
        "symChild": {
            "latex": "\\log",
            "strokeIds": [
                9,
                10,
                11
            ]
        },
        "symRoot": {
            "latex": "+",
            "strokeIds": [
                7,
                8
            ]
        }
    },
    {
        "prob": 0.9372414350509644,
        "relation": "R",
        "symChild": {
            "latex": "-",
            "strokeIds": [
                16
            ]
        },
        "symRoot": {
            "latex": "+",
            "strokeIds": [
                7,
                8
            ]
        }
    },
    {
        "prob": 0.9991958737373352,
        "relation": "R",
        "symChild": {
            "latex": "-",
            "strokeIds": [
                16
            ]
        },
        "symRoot": {
            "latex": "\\log",
            "strokeIds": [
                9,
                10,
                11
            ]
        }
    },
    {
        "prob": 0.9955881834030151,
        "relation": "Sub",
        "symChild": {
            "latex": "4",
            "strokeIds": [
                12,
                13
            ]
        },
        "symRoot": {
            "latex": "\\log",
            "strokeIds": [
                9,
                10,
                11
            ]
        }
    },
    {
        "prob": 0.3527013659477234,
        "relation": "Be",
        "symChild": {
            "latex": "4",
            "strokeIds": [
                12,
                13
            ]
        },
        "symRoot": {
            "latex": "-",
            "strokeIds": [
                16
            ]
        }
    },
    {
        "prob": 0.999294638633728,
        "relation": "Be",
        "symChild": {
            "latex": "4",
            "strokeIds": [
                14,
                15
            ]
        },
        "symRoot": {
            "latex": "-",
            "strokeIds": [
                16
            ]
        }
    },
    {
        "prob": 0.9972817897796631,
        "relation": "Ab",
        "symChild": {
            "latex": "2",
            "strokeIds": [
                17
            ]
        },
        "symRoot": {
            "latex": "-",
            "strokeIds": [
                16
            ]
        }
    }
]
