[
    {
        "prob": 0.9988816380500793,
        "relation": "R",
        "symChild": {
            "latex": "\\times",
            "strokeIds": [
                3,
                4
            ]
        },
        "symRoot": {
            "latex": "x",
            "strokeIds": [
                0,
                1
            ]
        }
    },
    {
        "prob": 0.9366878271102905,
        "relation": "R",
        "symChild": {
            "latex": "x",
            "strokeIds": [
                5,
                6
            ]
        },
        "symRoot": {
            "latex": "x",
            "strokeIds": [
                0,
                1
            ]
        }
    },
    {
        "prob": 0.9999814033508301,
        "relation": "Sub",
        "symChild": {
            "latex": "1",
            "strokeIds": [
                2
            ]
        },
        "symRoot": {
            "latex": "x",
            "strokeIds": [
                0,
                1
            ]
        }
    },
    {
        "prob": 0.9952764511108398,
        "relation": "R",
        "symChild": {
            "latex": "x",
            "strokeIds": [
                5,
                6
            ]
        },
        "symRoot": {
            "latex": "\\times",
            "strokeIds": [
                3,
                4
            ]
        }
    },
    {
        "prob": 0.9986868500709534,
        "relation": "R",
        "symChild": {
            "latex": "\\times",
            "strokeIds": [
                8,
                9
            ]
        },
        "symRoot": {
            "latex": "x",
            "strokeIds": [
                5,
                6
            ]
        }
    },
    {
        "prob": 0.9479347467422485,
        "relation": "R",
        "symChild": {
            "latex": "x",
            "strokeIds": [
                10,
                11
            ]
        },
        "symRoot": {
            "latex": "x",
            "strokeIds": [
                5,
                6
            ]
        }
    },
    {
        "prob": 0.999985933303833,
        "relation": "Sub",
        "symChild": {
            "latex": "2",
            "strokeIds": [
                7
            ]
        },
        "symRoot": {
            "latex": "x",
            "strokeIds": [
                5,
                6
            ]
        }
    },
    {
        "prob": 0.9978705644607544,
        "relation": "R",
        "symChild": {
            "latex": "x",
            "strokeIds": [
                10,
                11
            ]
        },
        "symRoot": {
            "latex": "\\times",
            "strokeIds": [
                8,
                9
            ]
        }
    },
    {
        "prob": 0.6084097027778625,
        "relation": "R",
        "symChild": {
            "latex": "\\times",
            "strokeIds": [
                13,
                14
            ]
        },
        "symRoot": {
            "latex": "\\times",
            "strokeIds": [
                8,
                9
            ]
        }
    },
    {
        "prob": 0.9995571970939636,
        "relation": "R",
        "symChild": {
            "latex": "\\times",
            "strokeIds": [
                13,
                14
            ]
        },
        "symRoot": {
            "latex": "x",
            "strokeIds": [
                10,
                11
            ]
        }
    },
    {
        "prob": 0.9642457365989685,
        "relation": "R",
        "symChild": {
            "latex": "x",
            "strokeIds": [
                21,
                22
            ]
        },
        "symRoot": {
            "latex": "x",
            "strokeIds": [
                10,
                11
            ]
        }
    },
    {
        "prob": 0.9999837875366211,
        "relation": "Sub",
        "symChild": {
            "latex": "3",
            "strokeIds": [
                12
            ]
        },
        "symRoot": {
            "latex": "x",
            "strokeIds": [
                10,
                11
            ]
        }
    },
    {
        "prob": 0.9297486543655396,
        "relation": "R",
        "symChild": {
            "latex": "x",
            "strokeIds": [
                21,
                22
            ]
        },
        "symRoot": {
            "latex": "\\times",
            "strokeIds": [
                13,
                14
            ]
        }
    },
    {
        "prob": 0.9922071099281311,
        "relation": "R",
        "symChild": {
            "latex": "X",
            "strokeIds": [
                19,
                20
            ]
        },
        "symRoot": {
            "latex": "=",
            "strokeIds": [
                17,
                18
            ]
        }
    },
    {
        "prob": 0.9808539152145386,
        "relation": "R",
        "symChild": {
            "latex": "=",
            "strokeIds": [
                17,
                18
            ]
        },
        "symRoot": {
            "latex": "x",
            "strokeIds": [
                21,
                22
            ]
        }
    },
    {
        "prob": 0.9513571858406067,
        "relation": "R",
        "symChild": {
            "latex": "X",
            "strokeIds": [
                19,
                20
            ]
        },
        "symRoot": {
            "latex": "x",
            "strokeIds": [
                21,
                22
            ]
        }
    },
    {
        "prob": 0.9998576641082764,
        "relation": "Sub",
        "symChild": {
            "latex": "4",
            "strokeIds": [
                15,
                16
            ]
        },
        "symRoot": {
            "latex": "x",
            "strokeIds": [
                21,
                22
            ]
        }
    }
]
