[
    {
        "prob": 0.9997854828834534,
        "relation": "R",
        "symChild": {
            "latex": "-",
            "strokeIds": [
                1
            ]
        },
        "symRoot": {
            "latex": "[",
            "strokeIds": [
                0
            ]
        }
    },
    {
        "prob": 0.9978592991828918,
        "relation": "R",
        "symChild": {
            "latex": "x",
            "strokeIds": [
                4,
                5
            ]
        },
        "symRoot": {
            "latex": "-",
            "strokeIds": [
                1
            ]
        }
    },
    {
        "prob": 0.9963783621788025,
        "relation": "R",
        "symChild": {
            "latex": "-",
            "strokeIds": [
                7
            ]
        },
        "symRoot": {
            "latex": "-",
            "strokeIds": [
                1
            ]
        }
    },
    {
        "prob": 0.9999935626983643,
        "relation": "Be",
        "symChild": {
            "latex": "3",
            "strokeIds": [
                2
            ]
        },
        "symRoot": {
            "latex": "-",
            "strokeIds": [
                1
            ]
        }
    },
    {
        "prob": 0.9926532506942749,
        "relation": "Ab",
        "symChild": {
            "latex": "2",
            "strokeIds": [
                3
            ]
        },
        "symRoot": {
            "latex": "-",
            "strokeIds": [
                1
            ]
        }
    },
    {
        "prob": 0.9513605237007141,
        "relation": "R",
        "symChild": {
            "latex": "]",
            "strokeIds": [
                9
            ]
        },
        "symRoot": {
            "latex": "x",
            "strokeIds": [
                4,
                5
            ]
        }
    },
    {
        "prob": 0.9991324543952942,
        "relation": "Sup",
        "symChild": {
            "latex": "-",
            "strokeIds": [
                7
            ]
        },
        "symRoot": {
            "latex": "x",
            "strokeIds": [
                4,
                5
            ]
        }
    },
    {
        "prob": 0.8806037902832031,
        "relation": "Sup",
        "symChild": {
            "latex": "2",
            "strokeIds": [
                8
            ]
        },
        "symRoot": {
            "latex": "x",
            "strokeIds": [
                4,
                5
            ]
        }
    },
    {
        "prob": 0.99814772605896,
        "relation": "R",
        "symChild": {
            "latex": "]",
            "strokeIds": [
                9
            ]
        },
        "symRoot": {
            "latex": "-",
            "strokeIds": [
                7
            ]
        }
    },
    {
        "prob": 0.9998435974121094,
        "relation": "Be",
        "symChild": {
            "latex": "2",
            "strokeIds": [
                8
            ]
        },
        "symRoot": {
            "latex": "-",
            "strokeIds": [
                7
            ]
        }
    },
    {
        "prob": 0.9971548318862915,
        "relation": "Ab",
        "symChild": {
            "latex": "3",
            "strokeIds": [
                6
            ]
        },
        "symRoot": {
            "latex": "-",
            "strokeIds": [
                7
            ]
        }
    },
    {
        "prob": 0.999854564666748,
        "relation": "Sub",
        "symChild": {
            "latex": "0",
            "strokeIds": [
                11
            ]
        },
        "symRoot": {
            "latex": "]",
            "strokeIds": [
                9
            ]
        }
    },
    {
        "prob": 0.9959371089935303,
        "relation": "Sup",
        "symChild": {
            "latex": "1",
            "strokeIds": [
                10
            ]
        },
        "symRoot": {
            "latex": "]",
            "strokeIds": [
                9
            ]
        }
    }
]
