[
    {
        "prob": 0.9985458850860596,
        "relation": "R",
        "symChild": {
            "latex": "+",
            "strokeIds": [
                4,
                5
            ]
        },
        "symRoot": {
            "latex": "z",
            "strokeIds": [
                0,
                1
            ]
        }
    },
    {
        "prob": 0.8555188775062561,
        "relation": "R",
        "symChild": {
            "latex": "1",
            "strokeIds": [
                6
            ]
        },
        "symRoot": {
            "latex": "z",
            "strokeIds": [
                0,
                1
            ]
        }
    },
    {
        "prob": 0.9999666213989258,
        "relation": "Sub",
        "symChild": {
            "latex": "1",
            "strokeIds": [
                2
            ]
        },
        "symRoot": {
            "latex": "z",
            "strokeIds": [
                0,
                1
            ]
        }
    },
    {
        "prob": 0.9970494508743286,
        "relation": "Sup",
        "symChild": {
            "latex": "2",
            "strokeIds": [
                3
            ]
        },
        "symRoot": {
            "latex": "z",
            "strokeIds": [
                0,
                1
            ]
        }
    },
    {
        "prob": 0.9992436170578003,
        "relation": "R",
        "symChild": {
            "latex": "1",
            "strokeIds": [
                6
            ]
        },
        "symRoot": {
            "latex": "+",
            "strokeIds": [
                4,
                5
            ]
        }
    },
    {
        "prob": 0.7273057103157043,
        "relation": "R",
        "symChild": {
            "latex": "-",
            "strokeIds": [
                9
            ]
        },
        "symRoot": {
            "latex": "1",
            "strokeIds": [
                6
            ]
        }
    },
    {
        "prob": 0.6111825108528137,
        "relation": "R",
        "symChild": {
            "latex": "z",
            "strokeIds": [
                10,
                11
            ]
        },
        "symRoot": {
            "latex": "1",
            "strokeIds": [
                6
            ]
        }
    },
    {
        "prob": 0.9993062019348145,
        "relation": "Sup",
        "symChild": {
            "latex": "z",
            "strokeIds": [
                7,
                8
            ]
        },
        "symRoot": {
            "latex": "1",
            "strokeIds": [
                6
            ]
        }
    },
    {
        "prob": 0.9999077320098877,
        "relation": "R",
        "symChild": {
            "latex": "z",
            "strokeIds": [
                10,
                11
            ]
        },
        "symRoot": {
            "latex": "-",
            "strokeIds": [
                9
            ]
        }
    },
    {
        "prob": 0.9995962977409363,
        "relation": "R",
        "symChild": {
            "latex": "+",
            "strokeIds": [
                14,
                15
            ]
        },
        "symRoot": {
            "latex": "z",
            "strokeIds": [
                10,
                11
            ]
        }
    },
    {
        "prob": 0.9415836334228516,
        "relation": "R",
        "symChild": {
            "latex": "2",
            "strokeIds": [
                16
            ]
        },
        "symRoot": {
            "latex": "z",
            "strokeIds": [
                10,
                11
            ]
        }
    },
    {
        "prob": 0.999990701675415,
        "relation": "Sub",
        "symChild": {
            "latex": "2",
            "strokeIds": [
                12
            ]
        },
        "symRoot": {
            "latex": "z",
            "strokeIds": [
                10,
                11
            ]
        }
    },
    {
        "prob": 0.9999028444290161,
        "relation": "Sup",
        "symChild": {
            "latex": "2",
            "strokeIds": [
                13
            ]
        },
        "symRoot": {
            "latex": "z",
            "strokeIds": [
                10,
                11
            ]
        }
    },
    {
        "prob": 0.999672532081604,
        "relation": "R",
        "symChild": {
            "latex": "2",
            "strokeIds": [
                16
            ]
        },
        "symRoot": {
            "latex": "+",
            "strokeIds": [
                14,
                15
            ]
        }
    },
    {
        "prob": 0.9985926747322083,
        "relation": "Sup",
        "symChild": {
            "latex": "z",
            "strokeIds": [
                17,
                18
            ]
        },
        "symRoot": {
            "latex": "2",
            "strokeIds": [
                16
            ]
        }
    }
]
