[
    {
        "prob": 0.9987912774085999,
        "relation": "R",
        "symChild": {
            "latex": "-",
            "strokeIds": [
                5
            ]
        },
        "symRoot": {
            "latex": "\\log",
            "strokeIds": [
                0,
                1,
                2
            ]
        }
    },
    {
        "prob": 0.9999662637710571,
        "relation": "Sub",
        "symChild": {
            "latex": "2",
            "strokeIds": [
                3
            ]
        },
        "symRoot": {
            "latex": "\\log",
            "strokeIds": [
                0,
                1,
                2
            ]
        }
    },
    {
        "prob": 0.996467113494873,
        "relation": "R",
        "symChild": {
            "latex": "+",
            "strokeIds": [
                7,
                8
            ]
        },
        "symRoot": {
            "latex": "-",
            "strokeIds": [
                5
            ]
        }
    },
    {
        "prob": 0.9998817443847656,
        "relation": "Be",
        "symChild": {
            "latex": "2",
            "strokeIds": [
                6
            ]
        },
        "symRoot": {
            "latex": "-",
            "strokeIds": [
                5
            ]
        }
    },
    {
        "prob": 0.9992142915725708,
        "relation": "Ab",
        "symChild": {
            "latex": "1",
            "strokeIds": [
                4
            ]
        },
        "symRoot": {
            "latex": "-",
            "strokeIds": [
                5
            ]
        }
    },
    {
        "prob": 0.9998809099197388,
        "relation": "R",
        "symChild": {
            "latex": "\\log",
            "strokeIds": [
                9,
                10,
                11
            ]
        },
        "symRoot": {
            "latex": "+",
            "strokeIds": [
                7,
                8
            ]
        }
    },
    {
        "prob": 0.9994532465934753,
        "relation": "R",
        "symChild": {
            "latex": "-",
            "strokeIds": [
                15
            ]
        },
        "symRoot": {
            "latex": "\\log",
            "strokeIds": [
                9,
                10,
                11
            ]
        }
    },
    {
        "prob": 0.9999552965164185,
        "relation": "Sub",
        "symChild": {
            "latex": "4",
            "strokeIds": [
                12,
                13
            ]
        },
        "symRoot": {
            "latex": "\\log",
            "strokeIds": [
                9,
                10,
                11
            ]
        }
    },
    {
        "prob": 0.5825707316398621,
        "relation": "R",
        "symChild": {
            "latex": "4",
            "strokeIds": [
                16,
                17
            ]
        },
        "symRoot": {
            "latex": "4",
            "strokeIds": [
                12,
                13
            ]
        }
    },
    {
        "prob": 0.3670768737792969,
        "relation": "Be",
        "symChild": {
            "latex": "4",
            "strokeIds": [
                12,
                13
            ]
        },
        "symRoot": {
            "latex": "-",
            "strokeIds": [
                15
            ]
        }
    },
    {
        "prob": 0.9998980760574341,
        "relation": "Be",
        "symChild": {
            "latex": "4",
            "strokeIds": [
                16,
                17
            ]
        },
        "symRoot": {
            "latex": "-",
            "strokeIds": [
                15
            ]
        }
    },
    {
        "prob": 0.9926069974899292,
        "relation": "Ab",
        "symChild": {
            "latex": "2",
            "strokeIds": [
                14
            ]
        },
        "symRoot": {
            "latex": "-",
            "strokeIds": [
                15
            ]
        }
    }
]
