[
    {
        "prob": 0.9979044198989868,
        "relation": "R",
        "symChild": {
            "latex": "+",
            "strokeIds": [
                4,
                5
            ]
        },
        "symRoot": {
            "latex": "z",
            "strokeIds": [
                0,
                1
            ]
        }
    },
    {
        "prob": 0.8571091890335083,
        "relation": "R",
        "symChild": {
            "latex": "1",
            "strokeIds": [
                6
            ]
        },
        "symRoot": {
            "latex": "z",
            "strokeIds": [
                0,
                1
            ]
        }
    },
    {
        "prob": 0.9999518394470215,
        "relation": "Sub",
        "symChild": {
            "latex": "1",
            "strokeIds": [
                2
            ]
        },
        "symRoot": {
            "latex": "z",
            "strokeIds": [
                0,
                1
            ]
        }
    },
    {
        "prob": 0.9991350769996643,
        "relation": "Sup",
        "symChild": {
            "latex": "2",
            "strokeIds": [
                3
            ]
        },
        "symRoot": {
            "latex": "z",
            "strokeIds": [
                0,
                1
            ]
        }
    },
    {
        "prob": 0.9959098100662231,
        "relation": "R",
        "symChild": {
            "latex": "1",
            "strokeIds": [
                6
            ]
        },
        "symRoot": {
            "latex": "+",
            "strokeIds": [
                4,
                5
            ]
        }
    },
    {
        "prob": 0.8620977997779846,
        "relation": "R",
        "symChild": {
            "latex": "-",
            "strokeIds": [
                9
            ]
        },
        "symRoot": {
            "latex": "1",
            "strokeIds": [
                6
            ]
        }
    },
    {
        "prob": 0.9987454414367676,
        "relation": "Sup",
        "symChild": {
            "latex": "z",
            "strokeIds": [
                7,
                8
            ]
        },
        "symRoot": {
            "latex": "1",
            "strokeIds": [
                6
            ]
        }
    },
    {
        "prob": 0.6240401864051819,
        "relation": "R",
        "symChild": {
            "latex": "z",
            "strokeIds": [
                10,
                11
            ]
        },
        "symRoot": {
            "latex": "z",
            "strokeIds": [
                7,
                8
            ]
        }
    },
    {
        "prob": 0.9998441934585571,
        "relation": "R",
        "symChild": {
            "latex": "z",
            "strokeIds": [
                10,
                11
            ]
        },
        "symRoot": {
            "latex": "-",
            "strokeIds": [
                9
            ]
        }
    },
    {
        "prob": 0.999747097492218,
        "relation": "R",
        "symChild": {
            "latex": "+",
            "strokeIds": [
                14,
                15
            ]
        },
        "symRoot": {
            "latex": "z",
            "strokeIds": [
                10,
                11
            ]
        }
    },
    {
        "prob": 0.9806437492370605,
        "relation": "R",
        "symChild": {
            "latex": "2",
            "strokeIds": [
                16
            ]
        },
        "symRoot": {
            "latex": "z",
            "strokeIds": [
                10,
                11
            ]
        }
    },
    {
        "prob": 0.9999731779098511,
        "relation": "Sub",
        "symChild": {
            "latex": "2",
            "strokeIds": [
                12
            ]
        },
        "symRoot": {
            "latex": "z",
            "strokeIds": [
                10,
                11
            ]
        }
    },
    {
        "prob": 0.9988528490066528,
        "relation": "Sup",
        "symChild": {
            "latex": "2",
            "strokeIds": [
                13
            ]
        },
        "symRoot": {
            "latex": "z",
            "strokeIds": [
                10,
                11
            ]
        }
    },
    {
        "prob": 0.999842643737793,
        "relation": "R",
        "symChild": {
            "latex": "2",
            "strokeIds": [
                16
            ]
        },
        "symRoot": {
            "latex": "+",
            "strokeIds": [
                14,
                15
            ]
        }
    },
    {
        "prob": 0.998630940914154,
        "relation": "Sup",
        "symChild": {
            "latex": "z",
            "strokeIds": [
                17,
                18
            ]
        },
        "symRoot": {
            "latex": "2",
            "strokeIds": [
                16
            ]
        }
    }
]
