[
    {
        "prob": 0.9995235204696655,
        "relation": "R",
        "symChild": {
            "latex": "-",
            "strokeIds": [
                1
            ]
        },
        "symRoot": {
            "latex": "[",
            "strokeIds": [
                0
            ]
        }
    },
    {
        "prob": 0.999283492565155,
        "relation": "R",
        "symChild": {
            "latex": "x",
            "strokeIds": [
                4,
                5
            ]
        },
        "symRoot": {
            "latex": "-",
            "strokeIds": [
                1
            ]
        }
    },
    {
        "prob": 0.3318779468536377,
        "relation": "R",
        "symChild": {
            "latex": "]",
            "strokeIds": [
                9
            ]
        },
        "symRoot": {
            "latex": "-",
            "strokeIds": [
                1
            ]
        }
    },
    {
        "prob": 0.9998188614845276,
        "relation": "Be",
        "symChild": {
            "latex": "3",
            "strokeIds": [
                2
            ]
        },
        "symRoot": {
            "latex": "-",
            "strokeIds": [
                1
            ]
        }
    },
    {
        "prob": 0.9990823268890381,
        "relation": "Ab",
        "symChild": {
            "latex": "2",
            "strokeIds": [
                3
            ]
        },
        "symRoot": {
            "latex": "-",
            "strokeIds": [
                1
            ]
        }
    },
    {
        "prob": 0.9446883797645569,
        "relation": "R",
        "symChild": {
            "latex": "]",
            "strokeIds": [
                9
            ]
        },
        "symRoot": {
            "latex": "x",
            "strokeIds": [
                4,
                5
            ]
        }
    },
    {
        "prob": 0.9869711399078369,
        "relation": "Sup",
        "symChild": {
            "latex": "-",
            "strokeIds": [
                6
            ]
        },
        "symRoot": {
            "latex": "x",
            "strokeIds": [
                4,
                5
            ]
        }
    },
    {
        "prob": 0.845822274684906,
        "relation": "Sup",
        "symChild": {
            "latex": "3",
            "strokeIds": [
                8
            ]
        },
        "symRoot": {
            "latex": "x",
            "strokeIds": [
                4,
                5
            ]
        }
    },
    {
        "prob": 0.880639374256134,
        "relation": "R",
        "symChild": {
            "latex": "]",
            "strokeIds": [
                9
            ]
        },
        "symRoot": {
            "latex": "-",
            "strokeIds": [
                6
            ]
        }
    },
    {
        "prob": 0.999467670917511,
        "relation": "Be",
        "symChild": {
            "latex": "2",
            "strokeIds": [
                7
            ]
        },
        "symRoot": {
            "latex": "-",
            "strokeIds": [
                6
            ]
        }
    },
    {
        "prob": 0.9992992877960205,
        "relation": "Ab",
        "symChild": {
            "latex": "3",
            "strokeIds": [
                8
            ]
        },
        "symRoot": {
            "latex": "-",
            "strokeIds": [
                6
            ]
        }
    },
    {
        "prob": 0.9998832941055298,
        "relation": "Sub",
        "symChild": {
            "latex": "0",
            "strokeIds": [
                10
            ]
        },
        "symRoot": {
            "latex": "]",
            "strokeIds": [
                9
            ]
        }
    },
    {
        "prob": 0.9399063587188721,
        "relation": "Sup",
        "symChild": {
            "latex": "1",
            "strokeIds": [
                11
            ]
        },
        "symRoot": {
            "latex": "]",
            "strokeIds": [
                9
            ]
        }
    }
]
