[
    {
        "prob": 0.9935964345932007,
        "relation": "R",
        "symChild": {
            "latex": "+",
            "strokeIds": [
                4,
                5
            ]
        },
        "symRoot": {
            "latex": "z",
            "strokeIds": [
                0,
                1
            ]
        }
    },
    {
        "prob": 0.7705860137939453,
        "relation": "R",
        "symChild": {
            "latex": "1",
            "strokeIds": [
                6
            ]
        },
        "symRoot": {
            "latex": "z",
            "strokeIds": [
                0,
                1
            ]
        }
    },
    {
        "prob": 0.9997760653495789,
        "relation": "Sub",
        "symChild": {
            "latex": "1",
            "strokeIds": [
                2
            ]
        },
        "symRoot": {
            "latex": "z",
            "strokeIds": [
                0,
                1
            ]
        }
    },
    {
        "prob": 0.9986447691917419,
        "relation": "Sup",
        "symChild": {
            "latex": "2",
            "strokeIds": [
                3
            ]
        },
        "symRoot": {
            "latex": "z",
            "strokeIds": [
                0,
                1
            ]
        }
    },
    {
        "prob": 0.9988025426864624,
        "relation": "R",
        "symChild": {
            "latex": "1",
            "strokeIds": [
                6
            ]
        },
        "symRoot": {
            "latex": "+",
            "strokeIds": [
                4,
                5
            ]
        }
    },
    {
        "prob": 0.44730690121650696,
        "relation": "R",
        "symChild": {
            "latex": "-",
            "strokeIds": [
                9
            ]
        },
        "symRoot": {
            "latex": "1",
            "strokeIds": [
                6
            ]
        }
    },
    {
        "prob": 0.9987927675247192,
        "relation": "Sup",
        "symChild": {
            "latex": "z",
            "strokeIds": [
                7,
                8
            ]
        },
        "symRoot": {
            "latex": "1",
            "strokeIds": [
                6
            ]
        }
    },
    {
        "prob": 0.9999665021896362,
        "relation": "R",
        "symChild": {
            "latex": "z",
            "strokeIds": [
                10,
                11
            ]
        },
        "symRoot": {
            "latex": "-",
            "strokeIds": [
                9
            ]
        }
    },
    {
        "prob": 0.997954249382019,
        "relation": "R",
        "symChild": {
            "latex": "+",
            "strokeIds": [
                14,
                15
            ]
        },
        "symRoot": {
            "latex": "z",
            "strokeIds": [
                10,
                11
            ]
        }
    },
    {
        "prob": 0.9639086723327637,
        "relation": "R",
        "symChild": {
            "latex": "2",
            "strokeIds": [
                16
            ]
        },
        "symRoot": {
            "latex": "z",
            "strokeIds": [
                10,
                11
            ]
        }
    },
    {
        "prob": 0.9999315738677979,
        "relation": "Sub",
        "symChild": {
            "latex": "2",
            "strokeIds": [
                12
            ]
        },
        "symRoot": {
            "latex": "z",
            "strokeIds": [
                10,
                11
            ]
        }
    },
    {
        "prob": 0.9992870688438416,
        "relation": "Sup",
        "symChild": {
            "latex": "2",
            "strokeIds": [
                13
            ]
        },
        "symRoot": {
            "latex": "z",
            "strokeIds": [
                10,
                11
            ]
        }
    },
    {
        "prob": 0.9999260902404785,
        "relation": "R",
        "symChild": {
            "latex": "2",
            "strokeIds": [
                16
            ]
        },
        "symRoot": {
            "latex": "+",
            "strokeIds": [
                14,
                15
            ]
        }
    },
    {
        "prob": 0.9974948167800903,
        "relation": "Sup",
        "symChild": {
            "latex": "z",
            "strokeIds": [
                17,
                18
            ]
        },
        "symRoot": {
            "latex": "2",
            "strokeIds": [
                16
            ]
        }
    }
]
