[
    {
        "prob": 0.9915288686752319,
        "relation": "R",
        "symChild": {
            "latex": "-",
            "strokeIds": [
                7
            ]
        },
        "symRoot": {
            "latex": "\\int",
            "strokeIds": [
                0
            ]
        }
    },
    {
        "prob": 0.9990999698638916,
        "relation": "Sub",
        "symChild": {
            "latex": "\\log",
            "strokeIds": [
                2,
                3,
                4
            ]
        },
        "symRoot": {
            "latex": "\\int",
            "strokeIds": [
                0
            ]
        }
    },
    {
        "prob": 0.9871125817298889,
        "relation": "Sup",
        "symChild": {
            "latex": "0",
            "strokeIds": [
                1
            ]
        },
        "symRoot": {
            "latex": "\\int",
            "strokeIds": [
                0
            ]
        }
    },
    {
        "prob": 0.9997424483299255,
        "relation": "R",
        "symChild": {
            "latex": "3",
            "strokeIds": [
                5
            ]
        },
        "symRoot": {
            "latex": "\\log",
            "strokeIds": [
                2,
                3,
                4
            ]
        }
    },
    {
        "prob": 0.978917121887207,
        "relation": "R",
        "symChild": {
            "latex": "e",
            "strokeIds": [
                8
            ]
        },
        "symRoot": {
            "latex": "\\log",
            "strokeIds": [
                2,
                3,
                4
            ]
        }
    },
    {
        "prob": 0.9978649020195007,
        "relation": "R",
        "symChild": {
            "latex": "-",
            "strokeIds": [
                7
            ]
        },
        "symRoot": {
            "latex": "\\log",
            "strokeIds": [
                2,
                3,
                4
            ]
        }
    },
    {
        "prob": 0.9857029318809509,
        "relation": "R",
        "symChild": {
            "latex": "d",
            "strokeIds": [
                14
            ]
        },
        "symRoot": {
            "latex": "-",
            "strokeIds": [
                7
            ]
        }
    },
    {
        "prob": 0.7401487231254578,
        "relation": "R",
        "symChild": {
            "latex": "t",
            "strokeIds": [
                15,
                16
            ]
        },
        "symRoot": {
            "latex": "-",
            "strokeIds": [
                7
            ]
        }
    },
    {
        "prob": 0.8230409622192383,
        "relation": "Be",
        "symChild": {
            "latex": "3",
            "strokeIds": [
                5
            ]
        },
        "symRoot": {
            "latex": "-",
            "strokeIds": [
                7
            ]
        }
    },
    {
        "prob": 0.9838225245475769,
        "relation": "Be",
        "symChild": {
            "latex": "e",
            "strokeIds": [
                8
            ]
        },
        "symRoot": {
            "latex": "-",
            "strokeIds": [
                7
            ]
        }
    },
    {
        "prob": 0.9562838673591614,
        "relation": "Be",
        "symChild": {
            "latex": "1",
            "strokeIds": [
                13
            ]
        },
        "symRoot": {
            "latex": "-",
            "strokeIds": [
                7
            ]
        }
    },
    {
        "prob": 0.896087646484375,
        "relation": "Ab",
        "symChild": {
            "latex": "1",
            "strokeIds": [
                6
            ]
        },
        "symRoot": {
            "latex": "-",
            "strokeIds": [
                7
            ]
        }
    },
    {
        "prob": 0.9960483908653259,
        "relation": "R",
        "symChild": {
            "latex": "+",
            "strokeIds": [
                11,
                12
            ]
        },
        "symRoot": {
            "latex": "e",
            "strokeIds": [
                8
            ]
        }
    },
    {
        "prob": 0.874616265296936,
        "relation": "R",
        "symChild": {
            "latex": "1",
            "strokeIds": [
                13
            ]
        },
        "symRoot": {
            "latex": "e",
            "strokeIds": [
                8
            ]
        }
    },
    {
        "prob": 0.997533917427063,
        "relation": "Sup",
        "symChild": {
            "latex": "t",
            "strokeIds": [
                9,
                10
            ]
        },
        "symRoot": {
            "latex": "e",
            "strokeIds": [
                8
            ]
        }
    },
    {
        "prob": 0.998784601688385,
        "relation": "R",
        "symChild": {
            "latex": "1",
            "strokeIds": [
                13
            ]
        },
        "symRoot": {
            "latex": "+",
            "strokeIds": [
                11,
                12
            ]
        }
    },
    {
        "prob": 0.9999189376831055,
        "relation": "R",
        "symChild": {
            "latex": "t",
            "strokeIds": [
                15,
                16
            ]
        },
        "symRoot": {
            "latex": "d",
            "strokeIds": [
                14
            ]
        }
    }
]
