[
    {
        "prob": 0.6683771014213562,
        "relation": "R",
        "symChild": {
            "latex": "-",
            "strokeIds": [
                3
            ]
        },
        "symRoot": {
            "latex": "\\log",
            "strokeIds": [
                0
            ]
        }
    },
    {
        "prob": 0.9791650772094727,
        "relation": "Sub",
        "symChild": {
            "latex": "2",
            "strokeIds": [
                1
            ]
        },
        "symRoot": {
            "latex": "\\log",
            "strokeIds": [
                0
            ]
        }
    },
    {
        "prob": 0.32322824001312256,
        "relation": "Sup",
        "symChild": {
            "latex": "-",
            "strokeIds": [
                3
            ]
        },
        "symRoot": {
            "latex": "\\log",
            "strokeIds": [
                0
            ]
        }
    },
    {
        "prob": 0.9970446228981018,
        "relation": "R",
        "symChild": {
            "latex": "+",
            "strokeIds": [
                5,
                6
            ]
        },
        "symRoot": {
            "latex": "-",
            "strokeIds": [
                3
            ]
        }
    },
    {
        "prob": 0.9998700618743896,
        "relation": "Be",
        "symChild": {
            "latex": "2",
            "strokeIds": [
                2
            ]
        },
        "symRoot": {
            "latex": "-",
            "strokeIds": [
                3
            ]
        }
    },
    {
        "prob": 0.9994280934333801,
        "relation": "Ab",
        "symChild": {
            "latex": "1",
            "strokeIds": [
                4
            ]
        },
        "symRoot": {
            "latex": "-",
            "strokeIds": [
                3
            ]
        }
    },
    {
        "prob": 0.9998701810836792,
        "relation": "R",
        "symChild": {
            "latex": "\\log",
            "strokeIds": [
                7,
                8,
                9
            ]
        },
        "symRoot": {
            "latex": "+",
            "strokeIds": [
                5,
                6
            ]
        }
    },
    {
        "prob": 0.9935144186019897,
        "relation": "R",
        "symChild": {
            "latex": "-",
            "strokeIds": [
                12
            ]
        },
        "symRoot": {
            "latex": "\\log",
            "strokeIds": [
                7,
                8,
                9
            ]
        }
    },
    {
        "prob": 0.9999613761901855,
        "relation": "Sub",
        "symChild": {
            "latex": "4",
            "strokeIds": [
                10,
                11
            ]
        },
        "symRoot": {
            "latex": "\\log",
            "strokeIds": [
                7,
                8,
                9
            ]
        }
    },
    {
        "prob": 0.9999655485153198,
        "relation": "Be",
        "symChild": {
            "latex": "4",
            "strokeIds": [
                13,
                14
            ]
        },
        "symRoot": {
            "latex": "-",
            "strokeIds": [
                12
            ]
        }
    },
    {
        "prob": 0.9996496438980103,
        "relation": "Ab",
        "symChild": {
            "latex": "2",
            "strokeIds": [
                15
            ]
        },
        "symRoot": {
            "latex": "-",
            "strokeIds": [
                12
            ]
        }
    }
]
