[
    {
        "prob": 0.9952266216278076,
        "relation": "R",
        "symChild": {
            "latex": "-",
            "strokeIds": [
                3
            ]
        },
        "symRoot": {
            "latex": "[",
            "strokeIds": [
                0,
                1
            ]
        }
    },
    {
        "prob": 0.9961720108985901,
        "relation": "R",
        "symChild": {
            "latex": "x",
            "strokeIds": [
                5,
                6
            ]
        },
        "symRoot": {
            "latex": "-",
            "strokeIds": [
                3
            ]
        }
    },
    {
        "prob": 0.7258861064910889,
        "relation": "R",
        "symChild": {
            "latex": "]",
            "strokeIds": [
                10
            ]
        },
        "symRoot": {
            "latex": "-",
            "strokeIds": [
                3
            ]
        }
    },
    {
        "prob": 0.9998596906661987,
        "relation": "Be",
        "symChild": {
            "latex": "3",
            "strokeIds": [
                2
            ]
        },
        "symRoot": {
            "latex": "-",
            "strokeIds": [
                3
            ]
        }
    },
    {
        "prob": 0.990079402923584,
        "relation": "Ab",
        "symChild": {
            "latex": "2",
            "strokeIds": [
                4
            ]
        },
        "symRoot": {
            "latex": "-",
            "strokeIds": [
                3
            ]
        }
    },
    {
        "prob": 0.9705836772918701,
        "relation": "Sup",
        "symChild": {
            "latex": "-",
            "strokeIds": [
                8
            ]
        },
        "symRoot": {
            "latex": "x",
            "strokeIds": [
                5,
                6
            ]
        }
    },
    {
        "prob": 0.9766978621482849,
        "relation": "R",
        "symChild": {
            "latex": "]",
            "strokeIds": [
                10
            ]
        },
        "symRoot": {
            "latex": "-",
            "strokeIds": [
                8
            ]
        }
    },
    {
        "prob": 0.9979327917098999,
        "relation": "R",
        "symChild": {
            "latex": "1",
            "strokeIds": [
                12
            ]
        },
        "symRoot": {
            "latex": "-",
            "strokeIds": [
                8
            ]
        }
    },
    {
        "prob": 0.650622546672821,
        "relation": "Be",
        "symChild": {
            "latex": "x",
            "strokeIds": [
                5,
                6
            ]
        },
        "symRoot": {
            "latex": "-",
            "strokeIds": [
                8
            ]
        }
    },
    {
        "prob": 0.9976401329040527,
        "relation": "Be",
        "symChild": {
            "latex": "2",
            "strokeIds": [
                7
            ]
        },
        "symRoot": {
            "latex": "-",
            "strokeIds": [
                8
            ]
        }
    },
    {
        "prob": 0.9977570176124573,
        "relation": "Ab",
        "symChild": {
            "latex": "3",
            "strokeIds": [
                9
            ]
        },
        "symRoot": {
            "latex": "-",
            "strokeIds": [
                8
            ]
        }
    },
    {
        "prob": 0.999735414981842,
        "relation": "Sub",
        "symChild": {
            "latex": "0",
            "strokeIds": [
                11
            ]
        },
        "symRoot": {
            "latex": "]",
            "strokeIds": [
                10
            ]
        }
    },
    {
        "prob": 0.8439850807189941,
        "relation": "Sup",
        "symChild": {
            "latex": "1",
            "strokeIds": [
                12
            ]
        },
        "symRoot": {
            "latex": "]",
            "strokeIds": [
                10
            ]
        }
    }
]
