[
    {
        "prob": 0.9974237680435181,
        "relation": "R",
        "symChild": {
            "latex": "-",
            "strokeIds": [
                5
            ]
        },
        "symRoot": {
            "latex": "\\log",
            "strokeIds": [
                0,
                1,
                2
            ]
        }
    },
    {
        "prob": 0.9997546076774597,
        "relation": "Sub",
        "symChild": {
            "latex": "2",
            "strokeIds": [
                3
            ]
        },
        "symRoot": {
            "latex": "\\log",
            "strokeIds": [
                0,
                1,
                2
            ]
        }
    },
    {
        "prob": 0.9984856247901917,
        "relation": "R",
        "symChild": {
            "latex": "+",
            "strokeIds": [
                7,
                8
            ]
        },
        "symRoot": {
            "latex": "-",
            "strokeIds": [
                5
            ]
        }
    },
    {
        "prob": 0.4881918132305145,
        "relation": "R",
        "symChild": {
            "latex": "\\log",
            "strokeIds": [
                9,
                10,
                11
            ]
        },
        "symRoot": {
            "latex": "-",
            "strokeIds": [
                5
            ]
        }
    },
    {
        "prob": 0.3098689615726471,
        "relation": "Be",
        "symChild": {
            "latex": "2",
            "strokeIds": [
                3
            ]
        },
        "symRoot": {
            "latex": "-",
            "strokeIds": [
                5
            ]
        }
    },
    {
        "prob": 0.9999333620071411,
        "relation": "Be",
        "symChild": {
            "latex": "2",
            "strokeIds": [
                4
            ]
        },
        "symRoot": {
            "latex": "-",
            "strokeIds": [
                5
            ]
        }
    },
    {
        "prob": 0.9994710087776184,
        "relation": "Ab",
        "symChild": {
            "latex": "1",
            "strokeIds": [
                6
            ]
        },
        "symRoot": {
            "latex": "-",
            "strokeIds": [
                5
            ]
        }
    },
    {
        "prob": 0.9992672801017761,
        "relation": "R",
        "symChild": {
            "latex": "\\log",
            "strokeIds": [
                9,
                10,
                11
            ]
        },
        "symRoot": {
            "latex": "+",
            "strokeIds": [
                7,
                8
            ]
        }
    },
    {
        "prob": 0.9997811913490295,
        "relation": "R",
        "symChild": {
            "latex": "-",
            "strokeIds": [
                15
            ]
        },
        "symRoot": {
            "latex": "\\log",
            "strokeIds": [
                9,
                10,
                11
            ]
        }
    },
    {
        "prob": 0.5581323504447937,
        "relation": "R",
        "symChild": {
            "latex": "2",
            "strokeIds": [
                16
            ]
        },
        "symRoot": {
            "latex": "\\log",
            "strokeIds": [
                9,
                10,
                11
            ]
        }
    },
    {
        "prob": 0.999981164932251,
        "relation": "Sub",
        "symChild": {
            "latex": "4",
            "strokeIds": [
                12,
                13
            ]
        },
        "symRoot": {
            "latex": "\\log",
            "strokeIds": [
                9,
                10,
                11
            ]
        }
    },
    {
        "prob": 0.9997156262397766,
        "relation": "Be",
        "symChild": {
            "latex": "4",
            "strokeIds": [
                14
            ]
        },
        "symRoot": {
            "latex": "-",
            "strokeIds": [
                15
            ]
        }
    },
    {
        "prob": 0.998525083065033,
        "relation": "Ab",
        "symChild": {
            "latex": "2",
            "strokeIds": [
                16
            ]
        },
        "symRoot": {
            "latex": "-",
            "strokeIds": [
                15
            ]
        }
    }
]
