[
    {
        "prob": 0.9989381432533264,
        "relation": "R",
        "symChild": {
            "latex": "-",
            "strokeIds": [
                2
            ]
        },
        "symRoot": {
            "latex": "[",
            "strokeIds": [
                0
            ]
        }
    },
    {
        "prob": 0.9129966497421265,
        "relation": "R",
        "symChild": {
            "latex": "-",
            "strokeIds": [
                7
            ]
        },
        "symRoot": {
            "latex": "2",
            "strokeIds": [
                1
            ]
        }
    },
    {
        "prob": 0.4523632526397705,
        "relation": "R",
        "symChild": {
            "latex": "x",
            "strokeIds": [
                4,
                5
            ]
        },
        "symRoot": {
            "latex": "-",
            "strokeIds": [
                2
            ]
        }
    },
    {
        "prob": 0.8662430047988892,
        "relation": "R",
        "symChild": {
            "latex": "]",
            "strokeIds": [
                9
            ]
        },
        "symRoot": {
            "latex": "-",
            "strokeIds": [
                2
            ]
        }
    },
    {
        "prob": 0.9994404911994934,
        "relation": "Be",
        "symChild": {
            "latex": "3",
            "strokeIds": [
                3
            ]
        },
        "symRoot": {
            "latex": "-",
            "strokeIds": [
                2
            ]
        }
    },
    {
        "prob": 0.9978204965591431,
        "relation": "Ab",
        "symChild": {
            "latex": "2",
            "strokeIds": [
                1
            ]
        },
        "symRoot": {
            "latex": "-",
            "strokeIds": [
                2
            ]
        }
    },
    {
        "prob": 0.8438709378242493,
        "relation": "R",
        "symChild": {
            "latex": "]",
            "strokeIds": [
                9
            ]
        },
        "symRoot": {
            "latex": "x",
            "strokeIds": [
                4,
                5
            ]
        }
    },
    {
        "prob": 0.9994382262229919,
        "relation": "Sup",
        "symChild": {
            "latex": "-",
            "strokeIds": [
                7
            ]
        },
        "symRoot": {
            "latex": "x",
            "strokeIds": [
                4,
                5
            ]
        }
    },
    {
        "prob": 0.9996689558029175,
        "relation": "Sup",
        "symChild": {
            "latex": "2",
            "strokeIds": [
                8
            ]
        },
        "symRoot": {
            "latex": "x",
            "strokeIds": [
                4,
                5
            ]
        }
    },
    {
        "prob": 0.6178309917449951,
        "relation": "R",
        "symChild": {
            "latex": "]",
            "strokeIds": [
                9
            ]
        },
        "symRoot": {
            "latex": "-",
            "strokeIds": [
                7
            ]
        }
    },
    {
        "prob": 0.9997069239616394,
        "relation": "Be",
        "symChild": {
            "latex": "2",
            "strokeIds": [
                8
            ]
        },
        "symRoot": {
            "latex": "-",
            "strokeIds": [
                7
            ]
        }
    },
    {
        "prob": 0.9952216744422913,
        "relation": "Ab",
        "symChild": {
            "latex": "3",
            "strokeIds": [
                6
            ]
        },
        "symRoot": {
            "latex": "-",
            "strokeIds": [
                7
            ]
        }
    },
    {
        "prob": 0.9990032315254211,
        "relation": "Sub",
        "symChild": {
            "latex": "0",
            "strokeIds": [
                11
            ]
        },
        "symRoot": {
            "latex": "]",
            "strokeIds": [
                9
            ]
        }
    },
    {
        "prob": 0.9779744148254395,
        "relation": "Sup",
        "symChild": {
            "latex": "1",
            "strokeIds": [
                10
            ]
        },
        "symRoot": {
            "latex": "]",
            "strokeIds": [
                9
            ]
        }
    }
]
