[
    {
        "prob": 0.9967727065086365,
        "relation": "R",
        "symChild": {
            "latex": "-",
            "strokeIds": [
                3
            ]
        },
        "symRoot": {
            "latex": "[",
            "strokeIds": [
                0,
                1
            ]
        }
    },
    {
        "prob": 0.9983794689178467,
        "relation": "R",
        "symChild": {
            "latex": "x",
            "strokeIds": [
                5,
                6
            ]
        },
        "symRoot": {
            "latex": "-",
            "strokeIds": [
                3
            ]
        }
    },
    {
        "prob": 0.7612811923027039,
        "relation": "R",
        "symChild": {
            "latex": "-",
            "strokeIds": [
                8
            ]
        },
        "symRoot": {
            "latex": "-",
            "strokeIds": [
                3
            ]
        }
    },
    {
        "prob": 0.31828755140304565,
        "relation": "R",
        "symChild": {
            "latex": "]",
            "strokeIds": [
                10
            ]
        },
        "symRoot": {
            "latex": "-",
            "strokeIds": [
                3
            ]
        }
    },
    {
        "prob": 0.9998233914375305,
        "relation": "Be",
        "symChild": {
            "latex": "3",
            "strokeIds": [
                4
            ]
        },
        "symRoot": {
            "latex": "-",
            "strokeIds": [
                3
            ]
        }
    },
    {
        "prob": 0.998848557472229,
        "relation": "Ab",
        "symChild": {
            "latex": "2",
            "strokeIds": [
                2
            ]
        },
        "symRoot": {
            "latex": "-",
            "strokeIds": [
                3
            ]
        }
    },
    {
        "prob": 0.9898614883422852,
        "relation": "R",
        "symChild": {
            "latex": "]",
            "strokeIds": [
                10
            ]
        },
        "symRoot": {
            "latex": "x",
            "strokeIds": [
                5,
                6
            ]
        }
    },
    {
        "prob": 0.5697399377822876,
        "relation": "Sub",
        "symChild": {
            "latex": "0",
            "strokeIds": [
                12
            ]
        },
        "symRoot": {
            "latex": "x",
            "strokeIds": [
                5,
                6
            ]
        }
    },
    {
        "prob": 0.9995788931846619,
        "relation": "Sup",
        "symChild": {
            "latex": "-",
            "strokeIds": [
                8
            ]
        },
        "symRoot": {
            "latex": "x",
            "strokeIds": [
                5,
                6
            ]
        }
    },
    {
        "prob": 0.9812527298927307,
        "relation": "Sup",
        "symChild": {
            "latex": "2",
            "strokeIds": [
                9
            ]
        },
        "symRoot": {
            "latex": "x",
            "strokeIds": [
                5,
                6
            ]
        }
    },
    {
        "prob": 0.9956138134002686,
        "relation": "R",
        "symChild": {
            "latex": "]",
            "strokeIds": [
                10
            ]
        },
        "symRoot": {
            "latex": "-",
            "strokeIds": [
                8
            ]
        }
    },
    {
        "prob": 0.9998719692230225,
        "relation": "Be",
        "symChild": {
            "latex": "2",
            "strokeIds": [
                9
            ]
        },
        "symRoot": {
            "latex": "-",
            "strokeIds": [
                8
            ]
        }
    },
    {
        "prob": 0.9991708993911743,
        "relation": "Ab",
        "symChild": {
            "latex": "3",
            "strokeIds": [
                7
            ]
        },
        "symRoot": {
            "latex": "-",
            "strokeIds": [
                8
            ]
        }
    },
    {
        "prob": 0.9997851252555847,
        "relation": "Sub",
        "symChild": {
            "latex": "0",
            "strokeIds": [
                12
            ]
        },
        "symRoot": {
            "latex": "]",
            "strokeIds": [
                10
            ]
        }
    },
    {
        "prob": 0.9986411929130554,
        "relation": "Sup",
        "symChild": {
            "latex": "1",
            "strokeIds": [
                11
            ]
        },
        "symRoot": {
            "latex": "]",
            "strokeIds": [
                10
            ]
        }
    }
]
