[
    {
        "prob": 0.9950490593910217,
        "relation": "R",
        "symChild": {
            "latex": "\\times",
            "strokeIds": [
                3,
                4
            ]
        },
        "symRoot": {
            "latex": "x",
            "strokeIds": [
                0,
                1
            ]
        }
    },
    {
        "prob": 0.9082040190696716,
        "relation": "R",
        "symChild": {
            "latex": "x",
            "strokeIds": [
                5,
                6
            ]
        },
        "symRoot": {
            "latex": "x",
            "strokeIds": [
                0,
                1
            ]
        }
    },
    {
        "prob": 0.9999212026596069,
        "relation": "Sub",
        "symChild": {
            "latex": "1",
            "strokeIds": [
                2
            ]
        },
        "symRoot": {
            "latex": "x",
            "strokeIds": [
                0,
                1
            ]
        }
    },
    {
        "prob": 0.405624121427536,
        "relation": "R",
        "symChild": {
            "latex": "x",
            "strokeIds": [
                5,
                6
            ]
        },
        "symRoot": {
            "latex": "1",
            "strokeIds": [
                2
            ]
        }
    },
    {
        "prob": 0.9990001320838928,
        "relation": "R",
        "symChild": {
            "latex": "x",
            "strokeIds": [
                5,
                6
            ]
        },
        "symRoot": {
            "latex": "\\times",
            "strokeIds": [
                3,
                4
            ]
        }
    },
    {
        "prob": 0.9907960891723633,
        "relation": "R",
        "symChild": {
            "latex": "\\times",
            "strokeIds": [
                8,
                9
            ]
        },
        "symRoot": {
            "latex": "x",
            "strokeIds": [
                5,
                6
            ]
        }
    },
    {
        "prob": 0.9583900570869446,
        "relation": "R",
        "symChild": {
            "latex": "x",
            "strokeIds": [
                10,
                11
            ]
        },
        "symRoot": {
            "latex": "x",
            "strokeIds": [
                5,
                6
            ]
        }
    },
    {
        "prob": 0.9999868869781494,
        "relation": "Sub",
        "symChild": {
            "latex": "2",
            "strokeIds": [
                7
            ]
        },
        "symRoot": {
            "latex": "x",
            "strokeIds": [
                5,
                6
            ]
        }
    },
    {
        "prob": 0.9997707009315491,
        "relation": "R",
        "symChild": {
            "latex": "x",
            "strokeIds": [
                10,
                11
            ]
        },
        "symRoot": {
            "latex": "\\times",
            "strokeIds": [
                8,
                9
            ]
        }
    },
    {
        "prob": 0.990708589553833,
        "relation": "R",
        "symChild": {
            "latex": "\\times",
            "strokeIds": [
                13,
                14
            ]
        },
        "symRoot": {
            "latex": "x",
            "strokeIds": [
                10,
                11
            ]
        }
    },
    {
        "prob": 0.9366176724433899,
        "relation": "R",
        "symChild": {
            "latex": "x",
            "strokeIds": [
                15,
                16
            ]
        },
        "symRoot": {
            "latex": "x",
            "strokeIds": [
                10,
                11
            ]
        }
    },
    {
        "prob": 0.9999858140945435,
        "relation": "Sub",
        "symChild": {
            "latex": "3",
            "strokeIds": [
                12
            ]
        },
        "symRoot": {
            "latex": "x",
            "strokeIds": [
                10,
                11
            ]
        }
    },
    {
        "prob": 0.9992081522941589,
        "relation": "R",
        "symChild": {
            "latex": "x",
            "strokeIds": [
                15,
                16
            ]
        },
        "symRoot": {
            "latex": "\\times",
            "strokeIds": [
                13,
                14
            ]
        }
    },
    {
        "prob": 0.9993413090705872,
        "relation": "R",
        "symChild": {
            "latex": "=",
            "strokeIds": [
                19,
                20
            ]
        },
        "symRoot": {
            "latex": "x",
            "strokeIds": [
                15,
                16
            ]
        }
    },
    {
        "prob": 0.8974060416221619,
        "relation": "R",
        "symChild": {
            "latex": "X",
            "strokeIds": [
                21,
                22
            ]
        },
        "symRoot": {
            "latex": "x",
            "strokeIds": [
                15,
                16
            ]
        }
    },
    {
        "prob": 0.9999772310256958,
        "relation": "Sub",
        "symChild": {
            "latex": "4",
            "strokeIds": [
                17,
                18
            ]
        },
        "symRoot": {
            "latex": "x",
            "strokeIds": [
                15,
                16
            ]
        }
    },
    {
        "prob": 0.9990556836128235,
        "relation": "R",
        "symChild": {
            "latex": "X",
            "strokeIds": [
                21,
                22
            ]
        },
        "symRoot": {
            "latex": "=",
            "strokeIds": [
                19,
                20
            ]
        }
    }
]
