[
    {
        "prob": 0.995890736579895,
        "relation": "R",
        "symChild": {
            "latex": "\\int",
            "strokeIds": [
                3
            ]
        },
        "symRoot": {
            "latex": "\\pi",
            "strokeIds": [
                0,
                1,
                2
            ]
        }
    },
    {
        "prob": 0.8729461431503296,
        "relation": "R",
        "symChild": {
            "latex": "\\{",
            "strokeIds": [
                6
            ]
        },
        "symRoot": {
            "latex": "\\int",
            "strokeIds": [
                3
            ]
        }
    },
    {
        "prob": 0.5348256826400757,
        "relation": "R",
        "symChild": {
            "latex": "g",
            "strokeIds": [
                7
            ]
        },
        "symRoot": {
            "latex": "\\int",
            "strokeIds": [
                3
            ]
        }
    },
    {
        "prob": 0.9995198249816895,
        "relation": "Sub",
        "symChild": {
            "latex": "c",
            "strokeIds": [
                4
            ]
        },
        "symRoot": {
            "latex": "\\int",
            "strokeIds": [
                3
            ]
        }
    },
    {
        "prob": 0.9286258816719055,
        "relation": "Sup",
        "symChild": {
            "latex": "d",
            "strokeIds": [
                5
            ]
        },
        "symRoot": {
            "latex": "\\int",
            "strokeIds": [
                3
            ]
        }
    },
    {
        "prob": 0.9999445676803589,
        "relation": "R",
        "symChild": {
            "latex": "g",
            "strokeIds": [
                7
            ]
        },
        "symRoot": {
            "latex": "\\{",
            "strokeIds": [
                6
            ]
        }
    },
    {
        "prob": 0.9997966885566711,
        "relation": "R",
        "symChild": {
            "latex": "(",
            "strokeIds": [
                8
            ]
        },
        "symRoot": {
            "latex": "g",
            "strokeIds": [
                7
            ]
        }
    },
    {
        "prob": 0.9978517293930054,
        "relation": "R",
        "symChild": {
            "latex": "y",
            "strokeIds": [
                9
            ]
        },
        "symRoot": {
            "latex": "g",
            "strokeIds": [
                7
            ]
        }
    },
    {
        "prob": 0.842721700668335,
        "relation": "R",
        "symChild": {
            "latex": ")",
            "strokeIds": [
                10
            ]
        },
        "symRoot": {
            "latex": "g",
            "strokeIds": [
                7
            ]
        }
    },
    {
        "prob": 0.7550072073936462,
        "relation": "R",
        "symChild": {
            "latex": "\\}",
            "strokeIds": [
                11
            ]
        },
        "symRoot": {
            "latex": "g",
            "strokeIds": [
                7
            ]
        }
    },
    {
        "prob": 0.9999842643737793,
        "relation": "R",
        "symChild": {
            "latex": "y",
            "strokeIds": [
                9
            ]
        },
        "symRoot": {
            "latex": "(",
            "strokeIds": [
                8
            ]
        }
    },
    {
        "prob": 0.9999867677688599,
        "relation": "R",
        "symChild": {
            "latex": ")",
            "strokeIds": [
                10
            ]
        },
        "symRoot": {
            "latex": "y",
            "strokeIds": [
                9
            ]
        }
    },
    {
        "prob": 0.9992321729660034,
        "relation": "R",
        "symChild": {
            "latex": "\\}",
            "strokeIds": [
                11
            ]
        },
        "symRoot": {
            "latex": "y",
            "strokeIds": [
                9
            ]
        }
    },
    {
        "prob": 0.9999803304672241,
        "relation": "R",
        "symChild": {
            "latex": "\\}",
            "strokeIds": [
                11
            ]
        },
        "symRoot": {
            "latex": ")",
            "strokeIds": [
                10
            ]
        }
    },
    {
        "prob": 0.9652255177497864,
        "relation": "R",
        "symChild": {
            "latex": "d",
            "strokeIds": [
                13
            ]
        },
        "symRoot": {
            "latex": "\\}",
            "strokeIds": [
                11
            ]
        }
    },
    {
        "prob": 0.7128637433052063,
        "relation": "R",
        "symChild": {
            "latex": "y",
            "strokeIds": [
                14
            ]
        },
        "symRoot": {
            "latex": "\\}",
            "strokeIds": [
                11
            ]
        }
    },
    {
        "prob": 0.9999145269393921,
        "relation": "Sup",
        "symChild": {
            "latex": "2",
            "strokeIds": [
                12
            ]
        },
        "symRoot": {
            "latex": "\\}",
            "strokeIds": [
                11
            ]
        }
    },
    {
        "prob": 0.9999686479568481,
        "relation": "R",
        "symChild": {
            "latex": "y",
            "strokeIds": [
                14
            ]
        },
        "symRoot": {
            "latex": "d",
            "strokeIds": [
                13
            ]
        }
    }
]
