[
    {
        "prob": 0.9985987544059753,
        "relation": "R",
        "symChild": {
            "latex": "(",
            "strokeIds": [
                4
            ]
        },
        "symRoot": {
            "latex": "\\cos",
            "strokeIds": [
                0,
                1,
                2
            ]
        }
    },
    {
        "prob": 0.9783468246459961,
        "relation": "R",
        "symChild": {
            "latex": "3",
            "strokeIds": [
                5
            ]
        },
        "symRoot": {
            "latex": "\\cos",
            "strokeIds": [
                0,
                1,
                2
            ]
        }
    },
    {
        "prob": 0.9998350143432617,
        "relation": "Sup",
        "symChild": {
            "latex": "2",
            "strokeIds": [
                3
            ]
        },
        "symRoot": {
            "latex": "\\cos",
            "strokeIds": [
                0,
                1,
                2
            ]
        }
    },
    {
        "prob": 0.9999586343765259,
        "relation": "R",
        "symChild": {
            "latex": "3",
            "strokeIds": [
                5
            ]
        },
        "symRoot": {
            "latex": "(",
            "strokeIds": [
                4
            ]
        }
    },
    {
        "prob": 0.8293410539627075,
        "relation": "R",
        "symChild": {
            "latex": "3",
            "strokeIds": [
                6
            ]
        },
        "symRoot": {
            "latex": "(",
            "strokeIds": [
                4
            ]
        }
    },
    {
        "prob": 0.9999884366989136,
        "relation": "R",
        "symChild": {
            "latex": "3",
            "strokeIds": [
                6
            ]
        },
        "symRoot": {
            "latex": "3",
            "strokeIds": [
                5
            ]
        }
    },
    {
        "prob": 0.9570407867431641,
        "relation": "R",
        "symChild": {
            "latex": "\\pi",
            "strokeIds": [
                7,
                8,
                9
            ]
        },
        "symRoot": {
            "latex": "3",
            "strokeIds": [
                5
            ]
        }
    },
    {
        "prob": 0.9997662901878357,
        "relation": "R",
        "symChild": {
            "latex": "\\pi",
            "strokeIds": [
                7,
                8,
                9
            ]
        },
        "symRoot": {
            "latex": "3",
            "strokeIds": [
                6
            ]
        }
    },
    {
        "prob": 0.9999334812164307,
        "relation": "R",
        "symChild": {
            "latex": "-",
            "strokeIds": [
                10
            ]
        },
        "symRoot": {
            "latex": "\\pi",
            "strokeIds": [
                7,
                8,
                9
            ]
        }
    },
    {
        "prob": 0.756991446018219,
        "relation": "R",
        "symChild": {
            "latex": "1",
            "strokeIds": [
                11
            ]
        },
        "symRoot": {
            "latex": "\\pi",
            "strokeIds": [
                7,
                8,
                9
            ]
        }
    },
    {
        "prob": 0.9999850988388062,
        "relation": "R",
        "symChild": {
            "latex": "1",
            "strokeIds": [
                11
            ]
        },
        "symRoot": {
            "latex": "-",
            "strokeIds": [
                10
            ]
        }
    },
    {
        "prob": 0.9979627132415771,
        "relation": "R",
        "symChild": {
            "latex": ")",
            "strokeIds": [
                12
            ]
        },
        "symRoot": {
            "latex": "1",
            "strokeIds": [
                11
            ]
        }
    }
]
