[
    {
        "prob": 0.9996206760406494,
        "relation": "R",
        "symChild": {
            "latex": "=",
            "strokeIds": [
                3,
                4
            ]
        },
        "symRoot": {
            "latex": "E",
            "strokeIds": [
                0,
                1,
                2
            ]
        }
    },
    {
        "prob": 0.9245296716690063,
        "relation": "R",
        "symChild": {
            "latex": "m",
            "strokeIds": [
                5
            ]
        },
        "symRoot": {
            "latex": "E",
            "strokeIds": [
                0,
                1,
                2
            ]
        }
    },
    {
        "prob": 0.999881386756897,
        "relation": "R",
        "symChild": {
            "latex": "m",
            "strokeIds": [
                5
            ]
        },
        "symRoot": {
            "latex": "=",
            "strokeIds": [
                3,
                4
            ]
        }
    },
    {
        "prob": 0.9999918937683105,
        "relation": "R",
        "symChild": {
            "latex": "c",
            "strokeIds": [
                6
            ]
        },
        "symRoot": {
            "latex": "m",
            "strokeIds": [
                5
            ]
        }
    },
    {
        "prob": 0.9949642419815063,
        "relation": "Sup",
        "symChild": {
            "latex": "2",
            "strokeIds": [
                7
            ]
        },
        "symRoot": {
            "latex": "m",
            "strokeIds": [
                5
            ]
        }
    },
    {
        "prob": 0.9999850988388062,
        "relation": "Sup",
        "symChild": {
            "latex": "2",
            "strokeIds": [
                7
            ]
        },
        "symRoot": {
            "latex": "c",
            "strokeIds": [
                6
            ]
        }
    }
]
