[
    {
        "prob": 0.9800227880477905,
        "relation": "R",
        "symChild": {
            "latex": "\\lt",
            "strokeIds": [
                2
            ]
        },
        "symRoot": {
            "latex": "x",
            "strokeIds": [
                0,
                1
            ]
        }
    },
    {
        "prob": 0.9996567964553833,
        "relation": "R",
        "symChild": {
            "latex": "-",
            "strokeIds": [
                6
            ]
        },
        "symRoot": {
            "latex": "\\lt",
            "strokeIds": [
                2
            ]
        }
    },
    {
        "prob": 0.9996460676193237,
        "relation": "R",
        "symChild": {
            "latex": "-",
            "strokeIds": [
                7
            ]
        },
        "symRoot": {
            "latex": "c",
            "strokeIds": [
                3
            ]
        }
    },
    {
        "prob": 0.9996373653411865,
        "relation": "R",
        "symChild": {
            "latex": "-",
            "strokeIds": [
                4
            ]
        },
        "symRoot": {
            "latex": "c",
            "strokeIds": [
                3
            ]
        }
    },
    {
        "prob": 0.9790123701095581,
        "relation": "R",
        "symChild": {
            "latex": "b",
            "strokeIds": [
                5
            ]
        },
        "symRoot": {
            "latex": "c",
            "strokeIds": [
                3
            ]
        }
    },
    {
        "prob": 0.999625563621521,
        "relation": "R",
        "symChild": {
            "latex": "b",
            "strokeIds": [
                5
            ]
        },
        "symRoot": {
            "latex": "-",
            "strokeIds": [
                4
            ]
        }
    },
    {
        "prob": 0.987728476524353,
        "relation": "Be",
        "symChild": {
            "latex": "a",
            "strokeIds": [
                8
            ]
        },
        "symRoot": {
            "latex": "-",
            "strokeIds": [
                6
            ]
        }
    },
    {
        "prob": 0.9941704273223877,
        "relation": "Ab",
        "symChild": {
            "latex": "c",
            "strokeIds": [
                3
            ]
        },
        "symRoot": {
            "latex": "-",
            "strokeIds": [
                6
            ]
        }
    },
    {
        "prob": 0.8673692941665649,
        "relation": "Ab",
        "symChild": {
            "latex": "-",
            "strokeIds": [
                7
            ]
        },
        "symRoot": {
            "latex": "-",
            "strokeIds": [
                6
            ]
        }
    },
    {
        "prob": 0.7212297320365906,
        "relation": "Ab",
        "symChild": {
            "latex": "-",
            "strokeIds": [
                4
            ]
        },
        "symRoot": {
            "latex": "-",
            "strokeIds": [
                6
            ]
        }
    },
    {
        "prob": 0.95505291223526,
        "relation": "Ab",
        "symChild": {
            "latex": "b",
            "strokeIds": [
                5
            ]
        },
        "symRoot": {
            "latex": "-",
            "strokeIds": [
                6
            ]
        }
    },
    {
        "prob": 0.9999432563781738,
        "relation": "R",
        "symChild": {
            "latex": "b",
            "strokeIds": [
                5
            ]
        },
        "symRoot": {
            "latex": "-",
            "strokeIds": [
                7
            ]
        }
    }
]
