[
    {
        "prob": 0.9993636012077332,
        "relation": "R",
        "symChild": {
            "latex": "-",
            "strokeIds": [
                3
            ]
        },
        "symRoot": {
            "latex": "x",
            "strokeIds": [
                0,
                1
            ]
        }
    },
    {
        "prob": 0.9999520778656006,
        "relation": "Sup",
        "symChild": {
            "latex": "2",
            "strokeIds": [
                2
            ]
        },
        "symRoot": {
            "latex": "x",
            "strokeIds": [
                0,
                1
            ]
        }
    },
    {
        "prob": 0.9999096393585205,
        "relation": "R",
        "symChild": {
            "latex": "1",
            "strokeIds": [
                4
            ]
        },
        "symRoot": {
            "latex": "-",
            "strokeIds": [
                3
            ]
        }
    },
    {
        "prob": 0.9997397065162659,
        "relation": "R",
        "symChild": {
            "latex": "=",
            "strokeIds": [
                11,
                12
            ]
        },
        "symRoot": {
            "latex": "-",
            "strokeIds": [
                5
            ]
        }
    },
    {
        "prob": 0.9234351515769958,
        "relation": "R",
        "symChild": {
            "latex": "x",
            "strokeIds": [
                13,
                14
            ]
        },
        "symRoot": {
            "latex": "-",
            "strokeIds": [
                5
            ]
        }
    },
    {
        "prob": 0.8657411336898804,
        "relation": "R",
        "symChild": {
            "latex": "-",
            "strokeIds": [
                15
            ]
        },
        "symRoot": {
            "latex": "-",
            "strokeIds": [
                5
            ]
        }
    },
    {
        "prob": 0.9859602451324463,
        "relation": "Be",
        "symChild": {
            "latex": "x",
            "strokeIds": [
                6,
                7
            ]
        },
        "symRoot": {
            "latex": "-",
            "strokeIds": [
                5
            ]
        }
    },
    {
        "prob": 0.923545777797699,
        "relation": "Be",
        "symChild": {
            "latex": "1",
            "strokeIds": [
                10
            ]
        },
        "symRoot": {
            "latex": "-",
            "strokeIds": [
                5
            ]
        }
    },
    {
        "prob": 0.9718611836433411,
        "relation": "Ab",
        "symChild": {
            "latex": "x",
            "strokeIds": [
                0,
                1
            ]
        },
        "symRoot": {
            "latex": "-",
            "strokeIds": [
                5
            ]
        }
    },
    {
        "prob": 0.9800036549568176,
        "relation": "Ab",
        "symChild": {
            "latex": "2",
            "strokeIds": [
                2
            ]
        },
        "symRoot": {
            "latex": "-",
            "strokeIds": [
                5
            ]
        }
    },
    {
        "prob": 0.728802502155304,
        "relation": "Ab",
        "symChild": {
            "latex": "1",
            "strokeIds": [
                4
            ]
        },
        "symRoot": {
            "latex": "-",
            "strokeIds": [
                5
            ]
        }
    },
    {
        "prob": 0.9993171691894531,
        "relation": "R",
        "symChild": {
            "latex": "+",
            "strokeIds": [
                8,
                9
            ]
        },
        "symRoot": {
            "latex": "x",
            "strokeIds": [
                6,
                7
            ]
        }
    },
    {
        "prob": 0.9998395442962646,
        "relation": "R",
        "symChild": {
            "latex": "1",
            "strokeIds": [
                10
            ]
        },
        "symRoot": {
            "latex": "+",
            "strokeIds": [
                8,
                9
            ]
        }
    },
    {
        "prob": 0.9999138116836548,
        "relation": "R",
        "symChild": {
            "latex": "-",
            "strokeIds": [
                15
            ]
        },
        "symRoot": {
            "latex": "x",
            "strokeIds": [
                13,
                14
            ]
        }
    },
    {
        "prob": 0.9689754247665405,
        "relation": "R",
        "symChild": {
            "latex": "1",
            "strokeIds": [
                16
            ]
        },
        "symRoot": {
            "latex": "x",
            "strokeIds": [
                13,
                14
            ]
        }
    },
    {
        "prob": 0.9999881982803345,
        "relation": "R",
        "symChild": {
            "latex": "1",
            "strokeIds": [
                16
            ]
        },
        "symRoot": {
            "latex": "-",
            "strokeIds": [
                15
            ]
        }
    }
]
