[
    {
        "prob": 0.9993663430213928,
        "relation": "R",
        "symChild": {
            "latex": ")",
            "strokeIds": [
                2
            ]
        },
        "symRoot": {
            "latex": "a",
            "strokeIds": [
                0
            ]
        }
    },
    {
        "prob": 0.9696398973464966,
        "relation": "R",
        "symChild": {
            "latex": "-",
            "strokeIds": [
                5
            ]
        },
        "symRoot": {
            "latex": "a",
            "strokeIds": [
                0
            ]
        }
    },
    {
        "prob": 0.4496448338031769,
        "relation": "R",
        "symChild": {
            "latex": "1",
            "strokeIds": [
                6
            ]
        },
        "symRoot": {
            "latex": "a",
            "strokeIds": [
                0
            ]
        }
    },
    {
        "prob": 0.999595582485199,
        "relation": "R",
        "symChild": {
            "latex": "a",
            "strokeIds": [
                0
            ]
        },
        "symRoot": {
            "latex": "(",
            "strokeIds": [
                1
            ]
        }
    },
    {
        "prob": 0.9998393058776855,
        "relation": "R",
        "symChild": {
            "latex": "-",
            "strokeIds": [
                5
            ]
        },
        "symRoot": {
            "latex": ")",
            "strokeIds": [
                2
            ]
        }
    },
    {
        "prob": 0.9657493233680725,
        "relation": "R",
        "symChild": {
            "latex": "1",
            "strokeIds": [
                6
            ]
        },
        "symRoot": {
            "latex": ")",
            "strokeIds": [
                2
            ]
        }
    },
    {
        "prob": 0.9974493384361267,
        "relation": "Sup",
        "symChild": {
            "latex": "-",
            "strokeIds": [
                3
            ]
        },
        "symRoot": {
            "latex": ")",
            "strokeIds": [
                2
            ]
        }
    },
    {
        "prob": 0.9996917247772217,
        "relation": "Sup",
        "symChild": {
            "latex": "1",
            "strokeIds": [
                4
            ]
        },
        "symRoot": {
            "latex": ")",
            "strokeIds": [
                2
            ]
        }
    },
    {
        "prob": 0.9999911785125732,
        "relation": "R",
        "symChild": {
            "latex": "1",
            "strokeIds": [
                4
            ]
        },
        "symRoot": {
            "latex": "-",
            "strokeIds": [
                3
            ]
        }
    },
    {
        "prob": 0.6824921369552612,
        "relation": "R",
        "symChild": {
            "latex": "1",
            "strokeIds": [
                6
            ]
        },
        "symRoot": {
            "latex": "-",
            "strokeIds": [
                3
            ]
        }
    },
    {
        "prob": 0.9999165534973145,
        "relation": "R",
        "symChild": {
            "latex": "1",
            "strokeIds": [
                6
            ]
        },
        "symRoot": {
            "latex": "-",
            "strokeIds": [
                5
            ]
        }
    },
    {
        "prob": 0.9923292994499207,
        "relation": "Ab",
        "symChild": {
            "latex": "1",
            "strokeIds": [
                4
            ]
        },
        "symRoot": {
            "latex": "-",
            "strokeIds": [
                5
            ]
        }
    }
]
