[
    {
        "prob": 0.9987515211105347,
        "relation": "R",
        "symChild": {
            "latex": "\\sqrt",
            "strokeIds": [
                3
            ]
        },
        "symRoot": {
            "latex": "\\int",
            "strokeIds": [
                0
            ]
        }
    },
    {
        "prob": 0.8698763251304626,
        "relation": "R",
        "symChild": {
            "latex": "x",
            "strokeIds": [
                4,
                5
            ]
        },
        "symRoot": {
            "latex": "\\int",
            "strokeIds": [
                0
            ]
        }
    },
    {
        "prob": 0.998950183391571,
        "relation": "Be",
        "symChild": {
            "latex": "0",
            "strokeIds": [
                1
            ]
        },
        "symRoot": {
            "latex": "\\int",
            "strokeIds": [
                0
            ]
        }
    },
    {
        "prob": 0.9894760847091675,
        "relation": "Ab",
        "symChild": {
            "latex": "1",
            "strokeIds": [
                2
            ]
        },
        "symRoot": {
            "latex": "\\int",
            "strokeIds": [
                0
            ]
        }
    },
    {
        "prob": 0.9946866035461426,
        "relation": "R",
        "symChild": {
            "latex": "d",
            "strokeIds": [
                6,
                7
            ]
        },
        "symRoot": {
            "latex": "\\sqrt",
            "strokeIds": [
                3
            ]
        }
    },
    {
        "prob": 0.9758684635162354,
        "relation": "R",
        "symChild": {
            "latex": "x",
            "strokeIds": [
                8,
                9
            ]
        },
        "symRoot": {
            "latex": "\\sqrt",
            "strokeIds": [
                3
            ]
        }
    },
    {
        "prob": 0.9449788928031921,
        "relation": "R",
        "symChild": {
            "latex": "COMMA",
            "strokeIds": [
                10
            ]
        },
        "symRoot": {
            "latex": "\\sqrt",
            "strokeIds": [
                3
            ]
        }
    },
    {
        "prob": 0.9939391613006592,
        "relation": "In",
        "symChild": {
            "latex": "x",
            "strokeIds": [
                4,
                5
            ]
        },
        "symRoot": {
            "latex": "\\sqrt",
            "strokeIds": [
                3
            ]
        }
    },
    {
        "prob": 0.7555726766586304,
        "relation": "Ab",
        "symChild": {
            "latex": "1",
            "strokeIds": [
                2
            ]
        },
        "symRoot": {
            "latex": "\\sqrt",
            "strokeIds": [
                3
            ]
        }
    },
    {
        "prob": 0.918373167514801,
        "relation": "R",
        "symChild": {
            "latex": "x",
            "strokeIds": [
                8,
                9
            ]
        },
        "symRoot": {
            "latex": "d",
            "strokeIds": [
                6,
                7
            ]
        }
    },
    {
        "prob": 0.4813097417354584,
        "relation": "R",
        "symChild": {
            "latex": "COMMA",
            "strokeIds": [
                10
            ]
        },
        "symRoot": {
            "latex": "d",
            "strokeIds": [
                6,
                7
            ]
        }
    }
]
