[
    {
        "prob": 0.999991774559021,
        "relation": "R",
        "symChild": {
            "latex": "+",
            "strokeIds": [
                1,
                2
            ]
        },
        "symRoot": {
            "latex": "2",
            "strokeIds": [
                0
            ]
        }
    },
    {
        "prob": 0.9999663829803467,
        "relation": "R",
        "symChild": {
            "latex": "4",
            "strokeIds": [
                3,
                4
            ]
        },
        "symRoot": {
            "latex": "2",
            "strokeIds": [
                0
            ]
        }
    },
    {
        "prob": 0.6467204689979553,
        "relation": "R",
        "symChild": {
            "latex": "5",
            "strokeIds": [
                5,
                6
            ]
        },
        "symRoot": {
            "latex": "2",
            "strokeIds": [
                0
            ]
        }
    },
    {
        "prob": 0.9999949932098389,
        "relation": "R",
        "symChild": {
            "latex": "4",
            "strokeIds": [
                3,
                4
            ]
        },
        "symRoot": {
            "latex": "+",
            "strokeIds": [
                1,
                2
            ]
        }
    },
    {
        "prob": 0.9739212989807129,
        "relation": "R",
        "symChild": {
            "latex": "5",
            "strokeIds": [
                5,
                6
            ]
        },
        "symRoot": {
            "latex": "+",
            "strokeIds": [
                1,
                2
            ]
        }
    },
    {
        "prob": 0.9999961853027344,
        "relation": "R",
        "symChild": {
            "latex": "5",
            "strokeIds": [
                5,
                6
            ]
        },
        "symRoot": {
            "latex": "4",
            "strokeIds": [
                3,
                4
            ]
        }
    }
]
