[
    {
        "prob": 0.9952746629714966,
        "relation": "R",
        "symChild": {
            "latex": "-",
            "strokeIds": [
                3
            ]
        },
        "symRoot": {
            "latex": "x",
            "strokeIds": [
                0,
                1
            ]
        }
    },
    {
        "prob": 0.3326760530471802,
        "relation": "R",
        "symChild": {
            "latex": "y",
            "strokeIds": [
                4
            ]
        },
        "symRoot": {
            "latex": "x",
            "strokeIds": [
                0,
                1
            ]
        }
    },
    {
        "prob": 0.9994986057281494,
        "relation": "Sup",
        "symChild": {
            "latex": "y",
            "strokeIds": [
                2
            ]
        },
        "symRoot": {
            "latex": "x",
            "strokeIds": [
                0,
                1
            ]
        }
    },
    {
        "prob": 0.4756906032562256,
        "relation": "R",
        "symChild": {
            "latex": "x",
            "strokeIds": [
                5,
                6
            ]
        },
        "symRoot": {
            "latex": "y",
            "strokeIds": [
                2
            ]
        }
    },
    {
        "prob": 0.9999514818191528,
        "relation": "R",
        "symChild": {
            "latex": "y",
            "strokeIds": [
                4
            ]
        },
        "symRoot": {
            "latex": "-",
            "strokeIds": [
                3
            ]
        }
    },
    {
        "prob": 0.9998701810836792,
        "relation": "Sup",
        "symChild": {
            "latex": "x",
            "strokeIds": [
                5,
                6
            ]
        },
        "symRoot": {
            "latex": "y",
            "strokeIds": [
                4
            ]
        }
    }
]
