[
    {
        "prob": 0.9714998602867126,
        "relation": "R",
        "symChild": {
            "latex": "=",
            "strokeIds": [
                4,
                5
            ]
        },
        "symRoot": {
            "latex": "E",
            "strokeIds": [
                0,
                1,
                2
            ]
        }
    },
    {
        "prob": 0.9732916355133057,
        "relation": "R",
        "symChild": {
            "latex": "-",
            "strokeIds": [
                7
            ]
        },
        "symRoot": {
            "latex": "E",
            "strokeIds": [
                0,
                1,
                2
            ]
        }
    },
    {
        "prob": 0.9903597831726074,
        "relation": "Sub",
        "symChild": {
            "latex": "k",
            "strokeIds": [
                3
            ]
        },
        "symRoot": {
            "latex": "E",
            "strokeIds": [
                0,
                1,
                2
            ]
        }
    },
    {
        "prob": 0.9995424747467041,
        "relation": "R",
        "symChild": {
            "latex": "-",
            "strokeIds": [
                7
            ]
        },
        "symRoot": {
            "latex": "=",
            "strokeIds": [
                4,
                5
            ]
        }
    },
    {
        "prob": 0.9972395896911621,
        "relation": "R",
        "symChild": {
            "latex": "m",
            "strokeIds": [
                9
            ]
        },
        "symRoot": {
            "latex": "-",
            "strokeIds": [
                7
            ]
        }
    },
    {
        "prob": 0.9997355341911316,
        "relation": "Be",
        "symChild": {
            "latex": "2",
            "strokeIds": [
                8
            ]
        },
        "symRoot": {
            "latex": "-",
            "strokeIds": [
                7
            ]
        }
    },
    {
        "prob": 0.9995834231376648,
        "relation": "Ab",
        "symChild": {
            "latex": "1",
            "strokeIds": [
                6
            ]
        },
        "symRoot": {
            "latex": "-",
            "strokeIds": [
                7
            ]
        }
    },
    {
        "prob": 0.9991946816444397,
        "relation": "R",
        "symChild": {
            "latex": "v",
            "strokeIds": [
                11
            ]
        },
        "symRoot": {
            "latex": "m",
            "strokeIds": [
                9
            ]
        }
    },
    {
        "prob": 0.9993116855621338,
        "relation": "Sub",
        "symChild": {
            "latex": "1",
            "strokeIds": [
                10
            ]
        },
        "symRoot": {
            "latex": "m",
            "strokeIds": [
                9
            ]
        }
    },
    {
        "prob": 0.9300788640975952,
        "relation": "R",
        "symChild": {
            "latex": "+",
            "strokeIds": [
                15,
                16
            ]
        },
        "symRoot": {
            "latex": "v",
            "strokeIds": [
                11
            ]
        }
    },
    {
        "prob": 0.9999302625656128,
        "relation": "Sub",
        "symChild": {
            "latex": "1",
            "strokeIds": [
                12
            ]
        },
        "symRoot": {
            "latex": "v",
            "strokeIds": [
                11
            ]
        }
    },
    {
        "prob": 0.9959592223167419,
        "relation": "Sub",
        "symChild": {
            "latex": "1",
            "strokeIds": [
                14
            ]
        },
        "symRoot": {
            "latex": "v",
            "strokeIds": [
                11
            ]
        }
    },
    {
        "prob": 0.9999374151229858,
        "relation": "Sup",
        "symChild": {
            "latex": "2",
            "strokeIds": [
                13
            ]
        },
        "symRoot": {
            "latex": "v",
            "strokeIds": [
                11
            ]
        }
    },
    {
        "prob": 0.994796097278595,
        "relation": "R",
        "symChild": {
            "latex": "-",
            "strokeIds": [
                18
            ]
        },
        "symRoot": {
            "latex": "+",
            "strokeIds": [
                15,
                16
            ]
        }
    },
    {
        "prob": 0.755090057849884,
        "relation": "R",
        "symChild": {
            "latex": "m",
            "strokeIds": [
                20
            ]
        },
        "symRoot": {
            "latex": "-",
            "strokeIds": [
                18
            ]
        }
    },
    {
        "prob": 0.9988048076629639,
        "relation": "Be",
        "symChild": {
            "latex": "2",
            "strokeIds": [
                19
            ]
        },
        "symRoot": {
            "latex": "-",
            "strokeIds": [
                18
            ]
        }
    },
    {
        "prob": 0.9975582361221313,
        "relation": "Ab",
        "symChild": {
            "latex": "1",
            "strokeIds": [
                17
            ]
        },
        "symRoot": {
            "latex": "-",
            "strokeIds": [
                18
            ]
        }
    },
    {
        "prob": 0.854516327381134,
        "relation": "R",
        "symChild": {
            "latex": "v",
            "strokeIds": [
                22
            ]
        },
        "symRoot": {
            "latex": "m",
            "strokeIds": [
                20
            ]
        }
    },
    {
        "prob": 0.9994487166404724,
        "relation": "Sub",
        "symChild": {
            "latex": "2",
            "strokeIds": [
                21
            ]
        },
        "symRoot": {
            "latex": "m",
            "strokeIds": [
                20
            ]
        }
    },
    {
        "prob": 0.9997674822807312,
        "relation": "Sub",
        "symChild": {
            "latex": "2",
            "strokeIds": [
                23
            ]
        },
        "symRoot": {
            "latex": "v",
            "strokeIds": [
                22
            ]
        }
    },
    {
        "prob": 0.9997995495796204,
        "relation": "Sup",
        "symChild": {
            "latex": "2",
            "strokeIds": [
                24
            ]
        },
        "symRoot": {
            "latex": "v",
            "strokeIds": [
                22
            ]
        }
    }
]
