[
    {
        "prob": 0.9999914169311523,
        "relation": "R",
        "symChild": {
            "latex": "x",
            "strokeIds": [
                1,
                2
            ]
        },
        "symRoot": {
            "latex": "3",
            "strokeIds": [
                0
            ]
        }
    },
    {
        "prob": 0.9988927245140076,
        "relation": "R",
        "symChild": {
            "latex": "-",
            "strokeIds": [
                3
            ]
        },
        "symRoot": {
            "latex": "3",
            "strokeIds": [
                0
            ]
        }
    },
    {
        "prob": 0.9058229327201843,
        "relation": "R",
        "symChild": {
            "latex": "5",
            "strokeIds": [
                4,
                5
            ]
        },
        "symRoot": {
            "latex": "3",
            "strokeIds": [
                0
            ]
        }
    },
    {
        "prob": 0.9999707937240601,
        "relation": "R",
        "symChild": {
            "latex": "-",
            "strokeIds": [
                3
            ]
        },
        "symRoot": {
            "latex": "x",
            "strokeIds": [
                1,
                2
            ]
        }
    },
    {
        "prob": 0.9932975172996521,
        "relation": "R",
        "symChild": {
            "latex": "5",
            "strokeIds": [
                4,
                5
            ]
        },
        "symRoot": {
            "latex": "x",
            "strokeIds": [
                1,
                2
            ]
        }
    },
    {
        "prob": 0.999992847442627,
        "relation": "R",
        "symChild": {
            "latex": "5",
            "strokeIds": [
                4,
                5
            ]
        },
        "symRoot": {
            "latex": "-",
            "strokeIds": [
                3
            ]
        }
    },
    {
        "prob": 0.8073713779449463,
        "relation": "R",
        "symChild": {
            "latex": "\\lt",
            "strokeIds": [
                6
            ]
        },
        "symRoot": {
            "latex": "-",
            "strokeIds": [
                3
            ]
        }
    },
    {
        "prob": 0.9993113279342651,
        "relation": "R",
        "symChild": {
            "latex": "\\lt",
            "strokeIds": [
                6
            ]
        },
        "symRoot": {
            "latex": "5",
            "strokeIds": [
                4,
                5
            ]
        }
    },
    {
        "prob": 0.9996117949485779,
        "relation": "R",
        "symChild": {
            "latex": "-",
            "strokeIds": [
                7
            ]
        },
        "symRoot": {
            "latex": "\\lt",
            "strokeIds": [
                6
            ]
        }
    },
    {
        "prob": 0.9918639659881592,
        "relation": "R",
        "symChild": {
            "latex": "2",
            "strokeIds": [
                8
            ]
        },
        "symRoot": {
            "latex": "\\lt",
            "strokeIds": [
                6
            ]
        }
    },
    {
        "prob": 0.9999953508377075,
        "relation": "R",
        "symChild": {
            "latex": "2",
            "strokeIds": [
                8
            ]
        },
        "symRoot": {
            "latex": "-",
            "strokeIds": [
                7
            ]
        }
    }
]
