[
    {
        "prob": 0.9880698323249817,
        "relation": "Sup",
        "symChild": {
            "latex": "5",
            "strokeIds": [
                1,
                2
            ]
        },
        "symRoot": {
            "latex": "2",
            "strokeIds": [
                0
            ]
        }
    },
    {
        "prob": 0.9986955523490906,
        "relation": "Be",
        "symChild": {
            "latex": "3",
            "strokeIds": [
                4
            ]
        },
        "symRoot": {
            "latex": "-",
            "strokeIds": [
                3
            ]
        }
    },
    {
        "prob": 0.9719448089599609,
        "relation": "Be",
        "symChild": {
            "latex": "1",
            "strokeIds": [
                7
            ]
        },
        "symRoot": {
            "latex": "-",
            "strokeIds": [
                3
            ]
        }
    },
    {
        "prob": 0.949306845664978,
        "relation": "Ab",
        "symChild": {
            "latex": "2",
            "strokeIds": [
                0
            ]
        },
        "symRoot": {
            "latex": "-",
            "strokeIds": [
                3
            ]
        }
    },
    {
        "prob": 0.9392608404159546,
        "relation": "Ab",
        "symChild": {
            "latex": "5",
            "strokeIds": [
                1,
                2
            ]
        },
        "symRoot": {
            "latex": "-",
            "strokeIds": [
                3
            ]
        }
    },
    {
        "prob": 0.999754011631012,
        "relation": "R",
        "symChild": {
            "latex": "+",
            "strokeIds": [
                5,
                6
            ]
        },
        "symRoot": {
            "latex": "3",
            "strokeIds": [
                4
            ]
        }
    },
    {
        "prob": 0.999920129776001,
        "relation": "R",
        "symChild": {
            "latex": "1",
            "strokeIds": [
                7
            ]
        },
        "symRoot": {
            "latex": "+",
            "strokeIds": [
                5,
                6
            ]
        }
    }
]
