[
    {
        "prob": 0.9998695850372314,
        "relation": "Sup",
        "symChild": {
            "latex": "5",
            "strokeIds": [
                1,
                2
            ]
        },
        "symRoot": {
            "latex": "2",
            "strokeIds": [
                0
            ]
        }
    },
    {
        "prob": 0.9979701638221741,
        "relation": "Be",
        "symChild": {
            "latex": "3",
            "strokeIds": [
                4
            ]
        },
        "symRoot": {
            "latex": "-",
            "strokeIds": [
                3
            ]
        }
    },
    {
        "prob": 0.9733660817146301,
        "relation": "Be",
        "symChild": {
            "latex": "1",
            "strokeIds": [
                7
            ]
        },
        "symRoot": {
            "latex": "-",
            "strokeIds": [
                3
            ]
        }
    },
    {
        "prob": 0.8929698467254639,
        "relation": "Ab",
        "symChild": {
            "latex": "2",
            "strokeIds": [
                0
            ]
        },
        "symRoot": {
            "latex": "-",
            "strokeIds": [
                3
            ]
        }
    },
    {
        "prob": 0.9809038043022156,
        "relation": "Ab",
        "symChild": {
            "latex": "5",
            "strokeIds": [
                1,
                2
            ]
        },
        "symRoot": {
            "latex": "-",
            "strokeIds": [
                3
            ]
        }
    },
    {
        "prob": 0.9998101592063904,
        "relation": "R",
        "symChild": {
            "latex": "+",
            "strokeIds": [
                5,
                6
            ]
        },
        "symRoot": {
            "latex": "3",
            "strokeIds": [
                4
            ]
        }
    },
    {
        "prob": 0.9293579459190369,
        "relation": "R",
        "symChild": {
            "latex": "1",
            "strokeIds": [
                7
            ]
        },
        "symRoot": {
            "latex": "3",
            "strokeIds": [
                4
            ]
        }
    },
    {
        "prob": 0.9892155528068542,
        "relation": "Sup",
        "symChild": {
            "latex": "2",
            "strokeIds": [
                0
            ]
        },
        "symRoot": {
            "latex": "3",
            "strokeIds": [
                4
            ]
        }
    },
    {
        "prob": 0.999943733215332,
        "relation": "R",
        "symChild": {
            "latex": "1",
            "strokeIds": [
                7
            ]
        },
        "symRoot": {
            "latex": "+",
            "strokeIds": [
                5,
                6
            ]
        }
    }
]
