[
    {
        "prob": 0.998964786529541,
        "relation": "Sup",
        "symChild": {
            "latex": "5",
            "strokeIds": [
                1,
                2
            ]
        },
        "symRoot": {
            "latex": "2",
            "strokeIds": [
                0
            ]
        }
    },
    {
        "prob": 0.9991995692253113,
        "relation": "Be",
        "symChild": {
            "latex": "3",
            "strokeIds": [
                4
            ]
        },
        "symRoot": {
            "latex": "-",
            "strokeIds": [
                3
            ]
        }
    },
    {
        "prob": 0.9500720500946045,
        "relation": "Be",
        "symChild": {
            "latex": "1",
            "strokeIds": [
                7
            ]
        },
        "symRoot": {
            "latex": "-",
            "strokeIds": [
                3
            ]
        }
    },
    {
        "prob": 0.9690093398094177,
        "relation": "Ab",
        "symChild": {
            "latex": "2",
            "strokeIds": [
                0
            ]
        },
        "symRoot": {
            "latex": "-",
            "strokeIds": [
                3
            ]
        }
    },
    {
        "prob": 0.9430363178253174,
        "relation": "Ab",
        "symChild": {
            "latex": "5",
            "strokeIds": [
                1,
                2
            ]
        },
        "symRoot": {
            "latex": "-",
            "strokeIds": [
                3
            ]
        }
    },
    {
        "prob": 0.9997778534889221,
        "relation": "R",
        "symChild": {
            "latex": "+",
            "strokeIds": [
                5,
                6
            ]
        },
        "symRoot": {
            "latex": "3",
            "strokeIds": [
                4
            ]
        }
    },
    {
        "prob": 0.8435782790184021,
        "relation": "R",
        "symChild": {
            "latex": "1",
            "strokeIds": [
                7
            ]
        },
        "symRoot": {
            "latex": "3",
            "strokeIds": [
                4
            ]
        }
    },
    {
        "prob": 0.9663704037666321,
        "relation": "Sup",
        "symChild": {
            "latex": "2",
            "strokeIds": [
                0
            ]
        },
        "symRoot": {
            "latex": "3",
            "strokeIds": [
                4
            ]
        }
    },
    {
        "prob": 0.9998641014099121,
        "relation": "R",
        "symChild": {
            "latex": "1",
            "strokeIds": [
                7
            ]
        },
        "symRoot": {
            "latex": "+",
            "strokeIds": [
                5,
                6
            ]
        }
    }
]
