[
    {
        "prob": 0.998651921749115,
        "relation": "R",
        "symChild": {
            "latex": "=",
            "strokeIds": [
                3,
                4
            ]
        },
        "symRoot": {
            "latex": "A",
            "strokeIds": [
                0,
                1,
                2
            ]
        }
    },
    {
        "prob": 0.9978577494621277,
        "relation": "R",
        "symChild": {
            "latex": "x",
            "strokeIds": [
                5,
                6
            ]
        },
        "symRoot": {
            "latex": "A",
            "strokeIds": [
                0,
                1,
                2
            ]
        }
    },
    {
        "prob": 0.8097918033599854,
        "relation": "R",
        "symChild": {
            "latex": "+",
            "strokeIds": [
                7,
                8
            ]
        },
        "symRoot": {
            "latex": "A",
            "strokeIds": [
                0,
                1,
                2
            ]
        }
    },
    {
        "prob": 0.9168666005134583,
        "relation": "R",
        "symChild": {
            "latex": "1",
            "strokeIds": [
                9,
                10
            ]
        },
        "symRoot": {
            "latex": "A",
            "strokeIds": [
                0,
                1,
                2
            ]
        }
    },
    {
        "prob": 0.9975647926330566,
        "relation": "R",
        "symChild": {
            "latex": "x",
            "strokeIds": [
                5,
                6
            ]
        },
        "symRoot": {
            "latex": "=",
            "strokeIds": [
                3,
                4
            ]
        }
    },
    {
        "prob": 0.9990720748901367,
        "relation": "R",
        "symChild": {
            "latex": "+",
            "strokeIds": [
                7,
                8
            ]
        },
        "symRoot": {
            "latex": "x",
            "strokeIds": [
                5,
                6
            ]
        }
    },
    {
        "prob": 0.6160461902618408,
        "relation": "R",
        "symChild": {
            "latex": "1",
            "strokeIds": [
                9,
                10
            ]
        },
        "symRoot": {
            "latex": "x",
            "strokeIds": [
                5,
                6
            ]
        }
    },
    {
        "prob": 0.9998526573181152,
        "relation": "R",
        "symChild": {
            "latex": "1",
            "strokeIds": [
                9,
                10
            ]
        },
        "symRoot": {
            "latex": "+",
            "strokeIds": [
                7,
                8
            ]
        }
    }
]
