[
    {
        "prob": 0.9951262474060059,
        "relation": "R",
        "symChild": {
            "latex": "-",
            "strokeIds": [
                5
            ]
        },
        "symRoot": {
            "latex": "\\sin",
            "strokeIds": [
                0,
                1
            ]
        }
    },
    {
        "prob": 0.9943796992301941,
        "relation": "R",
        "symChild": {
            "latex": "=",
            "strokeIds": [
                8,
                9
            ]
        },
        "symRoot": {
            "latex": "-",
            "strokeIds": [
                5
            ]
        }
    },
    {
        "prob": 0.9287348389625549,
        "relation": "R",
        "symChild": {
            "latex": "\\cos",
            "strokeIds": [
                10
            ]
        },
        "symRoot": {
            "latex": "-",
            "strokeIds": [
                5
            ]
        }
    },
    {
        "prob": 0.9999293088912964,
        "relation": "Be",
        "symChild": {
            "latex": "4",
            "strokeIds": [
                6,
                7
            ]
        },
        "symRoot": {
            "latex": "-",
            "strokeIds": [
                5
            ]
        }
    },
    {
        "prob": 0.9884030222892761,
        "relation": "Ab",
        "symChild": {
            "latex": "\\pi",
            "strokeIds": [
                2,
                3,
                4
            ]
        },
        "symRoot": {
            "latex": "-",
            "strokeIds": [
                5
            ]
        }
    },
    {
        "prob": 0.9995689988136292,
        "relation": "R",
        "symChild": {
            "latex": "\\cos",
            "strokeIds": [
                10
            ]
        },
        "symRoot": {
            "latex": "=",
            "strokeIds": [
                8,
                9
            ]
        }
    },
    {
        "prob": 0.9977018237113953,
        "relation": "R",
        "symChild": {
            "latex": "-",
            "strokeIds": [
                14
            ]
        },
        "symRoot": {
            "latex": "\\cos",
            "strokeIds": [
                10
            ]
        }
    },
    {
        "prob": 0.6857975721359253,
        "relation": "R",
        "symChild": {
            "latex": "-",
            "strokeIds": [
                21
            ]
        },
        "symRoot": {
            "latex": "\\cos",
            "strokeIds": [
                10
            ]
        }
    },
    {
        "prob": 0.8444675803184509,
        "relation": "Sub",
        "symChild": {
            "latex": "4",
            "strokeIds": [
                15,
                16
            ]
        },
        "symRoot": {
            "latex": "\\cos",
            "strokeIds": [
                10
            ]
        }
    },
    {
        "prob": 0.8371405601501465,
        "relation": "R",
        "symChild": {
            "latex": "-",
            "strokeIds": [
                21
            ]
        },
        "symRoot": {
            "latex": "\\pi",
            "strokeIds": [
                11,
                12,
                13
            ]
        }
    },
    {
        "prob": 0.9554823040962219,
        "relation": "R",
        "symChild": {
            "latex": "=",
            "strokeIds": [
                17,
                18
            ]
        },
        "symRoot": {
            "latex": "-",
            "strokeIds": [
                14
            ]
        }
    },
    {
        "prob": 0.995126485824585,
        "relation": "R",
        "symChild": {
            "latex": "-",
            "strokeIds": [
                21
            ]
        },
        "symRoot": {
            "latex": "-",
            "strokeIds": [
                14
            ]
        }
    },
    {
        "prob": 0.9999520778656006,
        "relation": "Be",
        "symChild": {
            "latex": "4",
            "strokeIds": [
                15,
                16
            ]
        },
        "symRoot": {
            "latex": "-",
            "strokeIds": [
                14
            ]
        }
    },
    {
        "prob": 0.9941249489784241,
        "relation": "Ab",
        "symChild": {
            "latex": "\\pi",
            "strokeIds": [
                11,
                12,
                13
            ]
        },
        "symRoot": {
            "latex": "-",
            "strokeIds": [
                14
            ]
        }
    },
    {
        "prob": 0.9998612403869629,
        "relation": "R",
        "symChild": {
            "latex": "-",
            "strokeIds": [
                21
            ]
        },
        "symRoot": {
            "latex": "=",
            "strokeIds": [
                17,
                18
            ]
        }
    },
    {
        "prob": 0.9999649524688721,
        "relation": "In",
        "symChild": {
            "latex": "2",
            "strokeIds": [
                20
            ]
        },
        "symRoot": {
            "latex": "\\sqrt",
            "strokeIds": [
                19
            ]
        }
    },
    {
        "prob": 0.9999508857727051,
        "relation": "Be",
        "symChild": {
            "latex": "2",
            "strokeIds": [
                22
            ]
        },
        "symRoot": {
            "latex": "-",
            "strokeIds": [
                21
            ]
        }
    },
    {
        "prob": 0.9993946552276611,
        "relation": "Ab",
        "symChild": {
            "latex": "\\sqrt",
            "strokeIds": [
                19
            ]
        },
        "symRoot": {
            "latex": "-",
            "strokeIds": [
                21
            ]
        }
    },
    {
        "prob": 0.9994516968727112,
        "relation": "Ab",
        "symChild": {
            "latex": "2",
            "strokeIds": [
                20
            ]
        },
        "symRoot": {
            "latex": "-",
            "strokeIds": [
                21
            ]
        }
    }
]
