[
    {
        "prob": 0.9992357492446899,
        "relation": "R",
        "symChild": {
            "latex": "-",
            "strokeIds": [
                13
            ]
        },
        "symRoot": {
            "latex": "\\lim",
            "strokeIds": [
                0,
                1,
                2
            ]
        }
    },
    {
        "prob": 0.9998929500579834,
        "relation": "Be",
        "symChild": {
            "latex": "n",
            "strokeIds": [
                3
            ]
        },
        "symRoot": {
            "latex": "\\lim",
            "strokeIds": [
                0,
                1,
                2
            ]
        }
    },
    {
        "prob": 0.9977667331695557,
        "relation": "Be",
        "symChild": {
            "latex": "\\rightarrow",
            "strokeIds": [
                4,
                5
            ]
        },
        "symRoot": {
            "latex": "\\lim",
            "strokeIds": [
                0,
                1,
                2
            ]
        }
    },
    {
        "prob": 0.9928821325302124,
        "relation": "Be",
        "symChild": {
            "latex": "\\infty",
            "strokeIds": [
                6
            ]
        },
        "symRoot": {
            "latex": "\\lim",
            "strokeIds": [
                0,
                1,
                2
            ]
        }
    },
    {
        "prob": 0.9999860525131226,
        "relation": "R",
        "symChild": {
            "latex": "\\rightarrow",
            "strokeIds": [
                4,
                5
            ]
        },
        "symRoot": {
            "latex": "n",
            "strokeIds": [
                3
            ]
        }
    },
    {
        "prob": 0.9992893934249878,
        "relation": "R",
        "symChild": {
            "latex": "\\infty",
            "strokeIds": [
                6
            ]
        },
        "symRoot": {
            "latex": "\\rightarrow",
            "strokeIds": [
                4,
                5
            ]
        }
    },
    {
        "prob": 0.3276461362838745,
        "relation": "R",
        "symChild": {
            "latex": "2",
            "strokeIds": [
                14
            ]
        },
        "symRoot": {
            "latex": "\\infty",
            "strokeIds": [
                6
            ]
        }
    },
    {
        "prob": 0.9318516850471497,
        "relation": "R",
        "symChild": {
            "latex": "+",
            "strokeIds": [
                9,
                10
            ]
        },
        "symRoot": {
            "latex": "n",
            "strokeIds": [
                7
            ]
        }
    },
    {
        "prob": 0.99591463804245,
        "relation": "Sup",
        "symChild": {
            "latex": "2",
            "strokeIds": [
                8
            ]
        },
        "symRoot": {
            "latex": "n",
            "strokeIds": [
                7
            ]
        }
    },
    {
        "prob": 0.9994340538978577,
        "relation": "R",
        "symChild": {
            "latex": "3",
            "strokeIds": [
                11
            ]
        },
        "symRoot": {
            "latex": "+",
            "strokeIds": [
                9,
                10
            ]
        }
    },
    {
        "prob": 0.9978724718093872,
        "relation": "R",
        "symChild": {
            "latex": "n",
            "strokeIds": [
                12
            ]
        },
        "symRoot": {
            "latex": "3",
            "strokeIds": [
                11
            ]
        }
    },
    {
        "prob": 0.7307332158088684,
        "relation": "R",
        "symChild": {
            "latex": "-",
            "strokeIds": [
                23
            ]
        },
        "symRoot": {
            "latex": "n",
            "strokeIds": [
                12
            ]
        }
    },
    {
        "prob": 0.9915662407875061,
        "relation": "R",
        "symChild": {
            "latex": "=",
            "strokeIds": [
                20,
                21
            ]
        },
        "symRoot": {
            "latex": "-",
            "strokeIds": [
                13
            ]
        }
    },
    {
        "prob": 0.9972606897354126,
        "relation": "R",
        "symChild": {
            "latex": "-",
            "strokeIds": [
                23
            ]
        },
        "symRoot": {
            "latex": "-",
            "strokeIds": [
                13
            ]
        }
    },
    {
        "prob": 0.9994938373565674,
        "relation": "Be",
        "symChild": {
            "latex": "2",
            "strokeIds": [
                14
            ]
        },
        "symRoot": {
            "latex": "-",
            "strokeIds": [
                13
            ]
        }
    },
    {
        "prob": 0.5800030827522278,
        "relation": "Be",
        "symChild": {
            "latex": "2",
            "strokeIds": [
                16
            ]
        },
        "symRoot": {
            "latex": "-",
            "strokeIds": [
                13
            ]
        }
    },
    {
        "prob": 0.6137200593948364,
        "relation": "Be",
        "symChild": {
            "latex": "1",
            "strokeIds": [
                19
            ]
        },
        "symRoot": {
            "latex": "-",
            "strokeIds": [
                13
            ]
        }
    },
    {
        "prob": 0.9696336388587952,
        "relation": "Ab",
        "symChild": {
            "latex": "n",
            "strokeIds": [
                7
            ]
        },
        "symRoot": {
            "latex": "-",
            "strokeIds": [
                13
            ]
        }
    },
    {
        "prob": 0.9704114198684692,
        "relation": "Ab",
        "symChild": {
            "latex": "2",
            "strokeIds": [
                8
            ]
        },
        "symRoot": {
            "latex": "-",
            "strokeIds": [
                13
            ]
        }
    },
    {
        "prob": 0.9567433595657349,
        "relation": "Ab",
        "symChild": {
            "latex": "3",
            "strokeIds": [
                11
            ]
        },
        "symRoot": {
            "latex": "-",
            "strokeIds": [
                13
            ]
        }
    },
    {
        "prob": 0.9572480916976929,
        "relation": "Ab",
        "symChild": {
            "latex": "n",
            "strokeIds": [
                12
            ]
        },
        "symRoot": {
            "latex": "-",
            "strokeIds": [
                13
            ]
        }
    },
    {
        "prob": 0.9999676942825317,
        "relation": "R",
        "symChild": {
            "latex": "n",
            "strokeIds": [
                15
            ]
        },
        "symRoot": {
            "latex": "2",
            "strokeIds": [
                14
            ]
        }
    },
    {
        "prob": 0.4054100215435028,
        "relation": "R",
        "symChild": {
            "latex": "+",
            "strokeIds": [
                17,
                18
            ]
        },
        "symRoot": {
            "latex": "2",
            "strokeIds": [
                14
            ]
        }
    },
    {
        "prob": 0.639177680015564,
        "relation": "R",
        "symChild": {
            "latex": "+",
            "strokeIds": [
                17,
                18
            ]
        },
        "symRoot": {
            "latex": "n",
            "strokeIds": [
                15
            ]
        }
    },
    {
        "prob": 0.5663655400276184,
        "relation": "R",
        "symChild": {
            "latex": "1",
            "strokeIds": [
                19
            ]
        },
        "symRoot": {
            "latex": "n",
            "strokeIds": [
                15
            ]
        }
    },
    {
        "prob": 0.9999481439590454,
        "relation": "Sup",
        "symChild": {
            "latex": "2",
            "strokeIds": [
                16
            ]
        },
        "symRoot": {
            "latex": "n",
            "strokeIds": [
                15
            ]
        }
    },
    {
        "prob": 0.9999034404754639,
        "relation": "R",
        "symChild": {
            "latex": "1",
            "strokeIds": [
                19
            ]
        },
        "symRoot": {
            "latex": "+",
            "strokeIds": [
                17,
                18
            ]
        }
    },
    {
        "prob": 0.9997090697288513,
        "relation": "R",
        "symChild": {
            "latex": "-",
            "strokeIds": [
                23
            ]
        },
        "symRoot": {
            "latex": "=",
            "strokeIds": [
                20,
                21
            ]
        }
    },
    {
        "prob": 0.999916672706604,
        "relation": "Be",
        "symChild": {
            "latex": "2",
            "strokeIds": [
                24
            ]
        },
        "symRoot": {
            "latex": "-",
            "strokeIds": [
                23
            ]
        }
    },
    {
        "prob": 0.9996381998062134,
        "relation": "Ab",
        "symChild": {
            "latex": "1",
            "strokeIds": [
                22
            ]
        },
        "symRoot": {
            "latex": "-",
            "strokeIds": [
                23
            ]
        }
    }
]
