[
    {
        "prob": 0.9995744824409485,
        "relation": "Sup",
        "symChild": {
            "latex": "5",
            "strokeIds": [
                1,
                2
            ]
        },
        "symRoot": {
            "latex": "2",
            "strokeIds": [
                0
            ]
        }
    },
    {
        "prob": 0.9940692186355591,
        "relation": "Be",
        "symChild": {
            "latex": "3",
            "strokeIds": [
                4
            ]
        },
        "symRoot": {
            "latex": "-",
            "strokeIds": [
                3
            ]
        }
    },
    {
        "prob": 0.8769534826278687,
        "relation": "Be",
        "symChild": {
            "latex": "1",
            "strokeIds": [
                7
            ]
        },
        "symRoot": {
            "latex": "-",
            "strokeIds": [
                3
            ]
        }
    },
    {
        "prob": 0.9784762263298035,
        "relation": "Ab",
        "symChild": {
            "latex": "2",
            "strokeIds": [
                0
            ]
        },
        "symRoot": {
            "latex": "-",
            "strokeIds": [
                3
            ]
        }
    },
    {
        "prob": 0.9436686038970947,
        "relation": "Ab",
        "symChild": {
            "latex": "5",
            "strokeIds": [
                1,
                2
            ]
        },
        "symRoot": {
            "latex": "-",
            "strokeIds": [
                3
            ]
        }
    },
    {
        "prob": 0.9996323585510254,
        "relation": "R",
        "symChild": {
            "latex": "+",
            "strokeIds": [
                5,
                6
            ]
        },
        "symRoot": {
            "latex": "3",
            "strokeIds": [
                4
            ]
        }
    },
    {
        "prob": 0.9669386744499207,
        "relation": "R",
        "symChild": {
            "latex": "1",
            "strokeIds": [
                7
            ]
        },
        "symRoot": {
            "latex": "3",
            "strokeIds": [
                4
            ]
        }
    },
    {
        "prob": 0.9999511241912842,
        "relation": "R",
        "symChild": {
            "latex": "1",
            "strokeIds": [
                7
            ]
        },
        "symRoot": {
            "latex": "+",
            "strokeIds": [
                5,
                6
            ]
        }
    }
]
