[
    {
        "prob": 0.993459939956665,
        "relation": "R",
        "symChild": {
            "latex": "=",
            "strokeIds": [
                1,
                2
            ]
        },
        "symRoot": {
            "latex": "V",
            "strokeIds": [
                0
            ]
        }
    },
    {
        "prob": 0.9878368973731995,
        "relation": "R",
        "symChild": {
            "latex": "-",
            "strokeIds": [
                6
            ]
        },
        "symRoot": {
            "latex": "V",
            "strokeIds": [
                0
            ]
        }
    },
    {
        "prob": 0.7323763370513916,
        "relation": "R",
        "symChild": {
            "latex": "T",
            "strokeIds": [
                7,
                8
            ]
        },
        "symRoot": {
            "latex": "V",
            "strokeIds": [
                0
            ]
        }
    },
    {
        "prob": 0.9996647834777832,
        "relation": "R",
        "symChild": {
            "latex": "-",
            "strokeIds": [
                6
            ]
        },
        "symRoot": {
            "latex": "=",
            "strokeIds": [
                1,
                2
            ]
        }
    },
    {
        "prob": 0.9931020736694336,
        "relation": "Be",
        "symChild": {
            "latex": "T",
            "strokeIds": [
                7,
                8
            ]
        },
        "symRoot": {
            "latex": "-",
            "strokeIds": [
                6
            ]
        }
    },
    {
        "prob": 0.9449693560600281,
        "relation": "Ab",
        "symChild": {
            "latex": "E",
            "strokeIds": [
                3,
                4,
                5
            ]
        },
        "symRoot": {
            "latex": "-",
            "strokeIds": [
                6
            ]
        }
    }
]
