[
    {
        "prob": 0.9949642419815063,
        "relation": "R",
        "symChild": {
            "latex": "x",
            "strokeIds": [
                7,
                8
            ]
        },
        "symRoot": {
            "latex": "\\lim",
            "strokeIds": [
                0,
                1,
                2,
                3
            ]
        }
    },
    {
        "prob": 0.6426267623901367,
        "relation": "R",
        "symChild": {
            "latex": "=",
            "strokeIds": [
                10,
                11
            ]
        },
        "symRoot": {
            "latex": "\\lim",
            "strokeIds": [
                0,
                1,
                2,
                3
            ]
        }
    },
    {
        "prob": 0.9999210834503174,
        "relation": "Be",
        "symChild": {
            "latex": "n",
            "strokeIds": [
                4
            ]
        },
        "symRoot": {
            "latex": "\\lim",
            "strokeIds": [
                0,
                1,
                2,
                3
            ]
        }
    },
    {
        "prob": 0.9819818139076233,
        "relation": "Be",
        "symChild": {
            "latex": "\\rightarrow",
            "strokeIds": [
                5
            ]
        },
        "symRoot": {
            "latex": "\\lim",
            "strokeIds": [
                0,
                1,
                2,
                3
            ]
        }
    },
    {
        "prob": 0.8560287952423096,
        "relation": "Be",
        "symChild": {
            "latex": "\\infty",
            "strokeIds": [
                6
            ]
        },
        "symRoot": {
            "latex": "\\lim",
            "strokeIds": [
                0,
                1,
                2,
                3
            ]
        }
    },
    {
        "prob": 0.9998446702957153,
        "relation": "R",
        "symChild": {
            "latex": "\\rightarrow",
            "strokeIds": [
                5
            ]
        },
        "symRoot": {
            "latex": "n",
            "strokeIds": [
                4
            ]
        }
    },
    {
        "prob": 0.5319371819496155,
        "relation": "R",
        "symChild": {
            "latex": "\\infty",
            "strokeIds": [
                6
            ]
        },
        "symRoot": {
            "latex": "n",
            "strokeIds": [
                4
            ]
        }
    },
    {
        "prob": 0.9999818801879883,
        "relation": "R",
        "symChild": {
            "latex": "\\infty",
            "strokeIds": [
                6
            ]
        },
        "symRoot": {
            "latex": "\\rightarrow",
            "strokeIds": [
                5
            ]
        }
    },
    {
        "prob": 0.9946630001068115,
        "relation": "R",
        "symChild": {
            "latex": "=",
            "strokeIds": [
                10,
                11
            ]
        },
        "symRoot": {
            "latex": "x",
            "strokeIds": [
                7,
                8
            ]
        }
    },
    {
        "prob": 0.3039564788341522,
        "relation": "R",
        "symChild": {
            "latex": "L",
            "strokeIds": [
                12
            ]
        },
        "symRoot": {
            "latex": "x",
            "strokeIds": [
                7,
                8
            ]
        }
    },
    {
        "prob": 0.9999537467956543,
        "relation": "Sub",
        "symChild": {
            "latex": "n",
            "strokeIds": [
                9
            ]
        },
        "symRoot": {
            "latex": "x",
            "strokeIds": [
                7,
                8
            ]
        }
    },
    {
        "prob": 0.9997714161872864,
        "relation": "R",
        "symChild": {
            "latex": "L",
            "strokeIds": [
                12
            ]
        },
        "symRoot": {
            "latex": "=",
            "strokeIds": [
                10,
                11
            ]
        }
    }
]
