[
    {
        "prob": 0.9997733235359192,
        "relation": "R",
        "symChild": {
            "latex": "=",
            "strokeIds": [
                3,
                4
            ]
        },
        "symRoot": {
            "latex": "E",
            "strokeIds": [
                0,
                1,
                2
            ]
        }
    },
    {
        "prob": 0.9226614236831665,
        "relation": "R",
        "symChild": {
            "latex": "m",
            "strokeIds": [
                5,
                6,
                7
            ]
        },
        "symRoot": {
            "latex": "E",
            "strokeIds": [
                0,
                1,
                2
            ]
        }
    },
    {
        "prob": 0.70855712890625,
        "relation": "R",
        "symChild": {
            "latex": "c",
            "strokeIds": [
                8
            ]
        },
        "symRoot": {
            "latex": "E",
            "strokeIds": [
                0,
                1,
                2
            ]
        }
    },
    {
        "prob": 0.9998304843902588,
        "relation": "R",
        "symChild": {
            "latex": "m",
            "strokeIds": [
                5,
                6,
                7
            ]
        },
        "symRoot": {
            "latex": "=",
            "strokeIds": [
                3,
                4
            ]
        }
    },
    {
        "prob": 0.9717454314231873,
        "relation": "R",
        "symChild": {
            "latex": "c",
            "strokeIds": [
                8
            ]
        },
        "symRoot": {
            "latex": "=",
            "strokeIds": [
                3,
                4
            ]
        }
    },
    {
        "prob": 0.9999583959579468,
        "relation": "R",
        "symChild": {
            "latex": "c",
            "strokeIds": [
                8
            ]
        },
        "symRoot": {
            "latex": "m",
            "strokeIds": [
                5,
                6,
                7
            ]
        }
    },
    {
        "prob": 0.9999912977218628,
        "relation": "Sup",
        "symChild": {
            "latex": "2",
            "strokeIds": [
                9
            ]
        },
        "symRoot": {
            "latex": "c",
            "strokeIds": [
                8
            ]
        }
    }
]
