[
    {
        "prob": 0.9976721405982971,
        "relation": "R",
        "symChild": {
            "latex": "=",
            "strokeIds": [
                1,
                2
            ]
        },
        "symRoot": {
            "latex": "o",
            "strokeIds": [
                0
            ]
        }
    },
    {
        "prob": 0.4751671254634857,
        "relation": "R",
        "symChild": {
            "latex": "2",
            "strokeIds": [
                3
            ]
        },
        "symRoot": {
            "latex": "o",
            "strokeIds": [
                0
            ]
        }
    },
    {
        "prob": 0.999527096748352,
        "relation": "R",
        "symChild": {
            "latex": "2",
            "strokeIds": [
                3
            ]
        },
        "symRoot": {
            "latex": "=",
            "strokeIds": [
                1,
                2
            ]
        }
    },
    {
        "prob": 0.36474353075027466,
        "relation": "R",
        "symChild": {
            "latex": "\\pi",
            "strokeIds": [
                4,
                5,
                6
            ]
        },
        "symRoot": {
            "latex": "=",
            "strokeIds": [
                1,
                2
            ]
        }
    },
    {
        "prob": 0.9999850988388062,
        "relation": "R",
        "symChild": {
            "latex": "\\pi",
            "strokeIds": [
                4,
                5,
                6
            ]
        },
        "symRoot": {
            "latex": "2",
            "strokeIds": [
                3
            ]
        }
    },
    {
        "prob": 0.9079532027244568,
        "relation": "R",
        "symChild": {
            "latex": "r",
            "strokeIds": [
                7,
                8
            ]
        },
        "symRoot": {
            "latex": "2",
            "strokeIds": [
                3
            ]
        }
    },
    {
        "prob": 0.9999687671661377,
        "relation": "R",
        "symChild": {
            "latex": "r",
            "strokeIds": [
                7,
                8
            ]
        },
        "symRoot": {
            "latex": "\\pi",
            "strokeIds": [
                4,
                5,
                6
            ]
        }
    }
]
