[
    {
        "prob": 0.998180627822876,
        "relation": "R",
        "symChild": {
            "latex": "x",
            "strokeIds": [
                11,
                12
            ]
        },
        "symRoot": {
            "latex": "\\lim",
            "strokeIds": [
                0,
                1,
                2,
                3,
                4,
                5
            ]
        }
    },
    {
        "prob": 0.47639667987823486,
        "relation": "R",
        "symChild": {
            "latex": "=",
            "strokeIds": [
                15,
                16
            ]
        },
        "symRoot": {
            "latex": "\\lim",
            "strokeIds": [
                0,
                1,
                2,
                3,
                4,
                5
            ]
        }
    },
    {
        "prob": 0.3670547306537628,
        "relation": "R",
        "symChild": {
            "latex": "L",
            "strokeIds": [
                17
            ]
        },
        "symRoot": {
            "latex": "\\lim",
            "strokeIds": [
                0,
                1,
                2,
                3,
                4,
                5
            ]
        }
    },
    {
        "prob": 0.9998883008956909,
        "relation": "Be",
        "symChild": {
            "latex": "n",
            "strokeIds": [
                6,
                7
            ]
        },
        "symRoot": {
            "latex": "\\lim",
            "strokeIds": [
                0,
                1,
                2,
                3,
                4,
                5
            ]
        }
    },
    {
        "prob": 0.9844666719436646,
        "relation": "Be",
        "symChild": {
            "latex": "\\rightarrow",
            "strokeIds": [
                8,
                9
            ]
        },
        "symRoot": {
            "latex": "\\lim",
            "strokeIds": [
                0,
                1,
                2,
                3,
                4,
                5
            ]
        }
    },
    {
        "prob": 0.997884213924408,
        "relation": "Be",
        "symChild": {
            "latex": "\\infty",
            "strokeIds": [
                10
            ]
        },
        "symRoot": {
            "latex": "\\lim",
            "strokeIds": [
                0,
                1,
                2,
                3,
                4,
                5
            ]
        }
    },
    {
        "prob": 0.999966025352478,
        "relation": "R",
        "symChild": {
            "latex": "\\rightarrow",
            "strokeIds": [
                8,
                9
            ]
        },
        "symRoot": {
            "latex": "n",
            "strokeIds": [
                6,
                7
            ]
        }
    },
    {
        "prob": 0.9999433755874634,
        "relation": "R",
        "symChild": {
            "latex": "\\infty",
            "strokeIds": [
                10
            ]
        },
        "symRoot": {
            "latex": "\\rightarrow",
            "strokeIds": [
                8,
                9
            ]
        }
    },
    {
        "prob": 0.9962396621704102,
        "relation": "R",
        "symChild": {
            "latex": "=",
            "strokeIds": [
                15,
                16
            ]
        },
        "symRoot": {
            "latex": "x",
            "strokeIds": [
                11,
                12
            ]
        }
    },
    {
        "prob": 0.9999817609786987,
        "relation": "Sub",
        "symChild": {
            "latex": "n",
            "strokeIds": [
                13,
                14
            ]
        },
        "symRoot": {
            "latex": "x",
            "strokeIds": [
                11,
                12
            ]
        }
    },
    {
        "prob": 0.9998071789741516,
        "relation": "R",
        "symChild": {
            "latex": "L",
            "strokeIds": [
                17
            ]
        },
        "symRoot": {
            "latex": "=",
            "strokeIds": [
                15,
                16
            ]
        }
    }
]
