[
    {
        "prob": 0.9981637597084045,
        "relation": "R",
        "symChild": {
            "latex": "-",
            "strokeIds": [
                13
            ]
        },
        "symRoot": {
            "latex": "\\lim",
            "strokeIds": [
                0,
                1,
                2,
                3
            ]
        }
    },
    {
        "prob": 0.9998102784156799,
        "relation": "Be",
        "symChild": {
            "latex": "n",
            "strokeIds": [
                4
            ]
        },
        "symRoot": {
            "latex": "\\lim",
            "strokeIds": [
                0,
                1,
                2,
                3
            ]
        }
    },
    {
        "prob": 0.9990569949150085,
        "relation": "R",
        "symChild": {
            "latex": "\\rightarrow",
            "strokeIds": [
                5
            ]
        },
        "symRoot": {
            "latex": "n",
            "strokeIds": [
                4
            ]
        }
    },
    {
        "prob": 0.9988906979560852,
        "relation": "R",
        "symChild": {
            "latex": "\\infty",
            "strokeIds": [
                6
            ]
        },
        "symRoot": {
            "latex": "\\rightarrow",
            "strokeIds": [
                5
            ]
        }
    },
    {
        "prob": 0.9613475203514099,
        "relation": "Sup",
        "symChild": {
            "latex": "2",
            "strokeIds": [
                14
            ]
        },
        "symRoot": {
            "latex": "\\infty",
            "strokeIds": [
                6
            ]
        }
    },
    {
        "prob": 0.9813557267189026,
        "relation": "Sup",
        "symChild": {
            "latex": "n",
            "strokeIds": [
                15
            ]
        },
        "symRoot": {
            "latex": "\\infty",
            "strokeIds": [
                6
            ]
        }
    },
    {
        "prob": 0.9882511496543884,
        "relation": "R",
        "symChild": {
            "latex": "+",
            "strokeIds": [
                9,
                10
            ]
        },
        "symRoot": {
            "latex": "n",
            "strokeIds": [
                7
            ]
        }
    },
    {
        "prob": 0.999910831451416,
        "relation": "Sup",
        "symChild": {
            "latex": "2",
            "strokeIds": [
                8
            ]
        },
        "symRoot": {
            "latex": "n",
            "strokeIds": [
                7
            ]
        }
    },
    {
        "prob": 0.9998394250869751,
        "relation": "R",
        "symChild": {
            "latex": "3",
            "strokeIds": [
                11
            ]
        },
        "symRoot": {
            "latex": "+",
            "strokeIds": [
                9,
                10
            ]
        }
    },
    {
        "prob": 0.9996174573898315,
        "relation": "R",
        "symChild": {
            "latex": "n",
            "strokeIds": [
                12
            ]
        },
        "symRoot": {
            "latex": "3",
            "strokeIds": [
                11
            ]
        }
    },
    {
        "prob": 0.9926517605781555,
        "relation": "R",
        "symChild": {
            "latex": "=",
            "strokeIds": [
                20,
                21
            ]
        },
        "symRoot": {
            "latex": "-",
            "strokeIds": [
                13
            ]
        }
    },
    {
        "prob": 0.9970550537109375,
        "relation": "R",
        "symChild": {
            "latex": "-",
            "strokeIds": [
                23
            ]
        },
        "symRoot": {
            "latex": "-",
            "strokeIds": [
                13
            ]
        }
    },
    {
        "prob": 0.9314526915550232,
        "relation": "Be",
        "symChild": {
            "latex": "\\infty",
            "strokeIds": [
                6
            ]
        },
        "symRoot": {
            "latex": "-",
            "strokeIds": [
                13
            ]
        }
    },
    {
        "prob": 0.9962969422340393,
        "relation": "Be",
        "symChild": {
            "latex": "2",
            "strokeIds": [
                14
            ]
        },
        "symRoot": {
            "latex": "-",
            "strokeIds": [
                13
            ]
        }
    },
    {
        "prob": 0.9546285271644592,
        "relation": "Be",
        "symChild": {
            "latex": "n",
            "strokeIds": [
                15
            ]
        },
        "symRoot": {
            "latex": "-",
            "strokeIds": [
                13
            ]
        }
    },
    {
        "prob": 0.964597761631012,
        "relation": "Be",
        "symChild": {
            "latex": "1",
            "strokeIds": [
                19
            ]
        },
        "symRoot": {
            "latex": "-",
            "strokeIds": [
                13
            ]
        }
    },
    {
        "prob": 0.48206326365470886,
        "relation": "Ab",
        "symChild": {
            "latex": "n",
            "strokeIds": [
                7
            ]
        },
        "symRoot": {
            "latex": "-",
            "strokeIds": [
                13
            ]
        }
    },
    {
        "prob": 0.9732324481010437,
        "relation": "Ab",
        "symChild": {
            "latex": "2",
            "strokeIds": [
                8
            ]
        },
        "symRoot": {
            "latex": "-",
            "strokeIds": [
                13
            ]
        }
    },
    {
        "prob": 0.5050896406173706,
        "relation": "Ab",
        "symChild": {
            "latex": "+",
            "strokeIds": [
                9,
                10
            ]
        },
        "symRoot": {
            "latex": "-",
            "strokeIds": [
                13
            ]
        }
    },
    {
        "prob": 0.9299384355545044,
        "relation": "Ab",
        "symChild": {
            "latex": "3",
            "strokeIds": [
                11
            ]
        },
        "symRoot": {
            "latex": "-",
            "strokeIds": [
                13
            ]
        }
    },
    {
        "prob": 0.8981438875198364,
        "relation": "Ab",
        "symChild": {
            "latex": "n",
            "strokeIds": [
                12
            ]
        },
        "symRoot": {
            "latex": "-",
            "strokeIds": [
                13
            ]
        }
    },
    {
        "prob": 0.999930739402771,
        "relation": "R",
        "symChild": {
            "latex": "n",
            "strokeIds": [
                15
            ]
        },
        "symRoot": {
            "latex": "2",
            "strokeIds": [
                14
            ]
        }
    },
    {
        "prob": 0.9349812865257263,
        "relation": "R",
        "symChild": {
            "latex": "+",
            "strokeIds": [
                17,
                18
            ]
        },
        "symRoot": {
            "latex": "n",
            "strokeIds": [
                15
            ]
        }
    },
    {
        "prob": 0.9999563694000244,
        "relation": "Sup",
        "symChild": {
            "latex": "2",
            "strokeIds": [
                16
            ]
        },
        "symRoot": {
            "latex": "n",
            "strokeIds": [
                15
            ]
        }
    },
    {
        "prob": 0.9999107122421265,
        "relation": "R",
        "symChild": {
            "latex": "1",
            "strokeIds": [
                19
            ]
        },
        "symRoot": {
            "latex": "+",
            "strokeIds": [
                17,
                18
            ]
        }
    },
    {
        "prob": 0.9997370839118958,
        "relation": "R",
        "symChild": {
            "latex": "-",
            "strokeIds": [
                23
            ]
        },
        "symRoot": {
            "latex": "=",
            "strokeIds": [
                20,
                21
            ]
        }
    },
    {
        "prob": 0.999967098236084,
        "relation": "Be",
        "symChild": {
            "latex": "2",
            "strokeIds": [
                24
            ]
        },
        "symRoot": {
            "latex": "-",
            "strokeIds": [
                23
            ]
        }
    },
    {
        "prob": 0.9984973669052124,
        "relation": "Ab",
        "symChild": {
            "latex": "1",
            "strokeIds": [
                22
            ]
        },
        "symRoot": {
            "latex": "-",
            "strokeIds": [
                23
            ]
        }
    }
]
