[
    {
        "prob": 0.9989874958992004,
        "relation": "R",
        "symChild": {
            "latex": "+",
            "strokeIds": [
                1,
                2
            ]
        },
        "symRoot": {
            "latex": "3",
            "strokeIds": [
                0
            ]
        }
    },
    {
        "prob": 0.7816173434257507,
        "relation": "R",
        "symChild": {
            "latex": "1",
            "strokeIds": [
                3
            ]
        },
        "symRoot": {
            "latex": "3",
            "strokeIds": [
                0
            ]
        }
    },
    {
        "prob": 0.9999591112136841,
        "relation": "R",
        "symChild": {
            "latex": "1",
            "strokeIds": [
                3
            ]
        },
        "symRoot": {
            "latex": "+",
            "strokeIds": [
                1,
                2
            ]
        }
    },
    {
        "prob": 0.9965820908546448,
        "relation": "R",
        "symChild": {
            "latex": "=",
            "strokeIds": [
                4,
                5
            ]
        },
        "symRoot": {
            "latex": "+",
            "strokeIds": [
                1,
                2
            ]
        }
    },
    {
        "prob": 0.999955415725708,
        "relation": "R",
        "symChild": {
            "latex": "=",
            "strokeIds": [
                4,
                5
            ]
        },
        "symRoot": {
            "latex": "1",
            "strokeIds": [
                3
            ]
        }
    },
    {
        "prob": 0.9998530149459839,
        "relation": "R",
        "symChild": {
            "latex": "4",
            "strokeIds": [
                6,
                7
            ]
        },
        "symRoot": {
            "latex": "=",
            "strokeIds": [
                4,
                5
            ]
        }
    }
]
