[
    {
        "prob": 0.9996545314788818,
        "relation": "R",
        "symChild": {
            "latex": "=",
            "strokeIds": [
                2,
                3
            ]
        },
        "symRoot": {
            "latex": "t",
            "strokeIds": [
                0,
                1
            ]
        }
    },
    {
        "prob": 0.9979002475738525,
        "relation": "R",
        "symChild": {
            "latex": "n",
            "strokeIds": [
                4
            ]
        },
        "symRoot": {
            "latex": "=",
            "strokeIds": [
                2,
                3
            ]
        }
    },
    {
        "prob": 0.9997401833534241,
        "relation": "R",
        "symChild": {
            "latex": "+",
            "strokeIds": [
                5,
                6
            ]
        },
        "symRoot": {
            "latex": "n",
            "strokeIds": [
                4
            ]
        }
    },
    {
        "prob": 0.9999493360519409,
        "relation": "Sup",
        "symChild": {
            "latex": "2",
            "strokeIds": [
                8
            ]
        },
        "symRoot": {
            "latex": "n",
            "strokeIds": [
                4
            ]
        }
    },
    {
        "prob": 0.9999756813049316,
        "relation": "R",
        "symChild": {
            "latex": "3",
            "strokeIds": [
                7
            ]
        },
        "symRoot": {
            "latex": "+",
            "strokeIds": [
                5,
                6
            ]
        }
    }
]
