[
    {
        "prob": 0.9558257460594177,
        "relation": "R",
        "symChild": {
            "latex": "x",
            "strokeIds": [
                4,
                5
            ]
        },
        "symRoot": {
            "latex": "\\int",
            "strokeIds": [
                0
            ]
        }
    },
    {
        "prob": 0.9990946054458618,
        "relation": "Be",
        "symChild": {
            "latex": "0",
            "strokeIds": [
                1
            ]
        },
        "symRoot": {
            "latex": "\\int",
            "strokeIds": [
                0
            ]
        }
    },
    {
        "prob": 0.9774261116981506,
        "relation": "Ab",
        "symChild": {
            "latex": "\\infty",
            "strokeIds": [
                2
            ]
        },
        "symRoot": {
            "latex": "\\int",
            "strokeIds": [
                0
            ]
        }
    },
    {
        "prob": 0.8495277166366577,
        "relation": "R",
        "symChild": {
            "latex": "e",
            "strokeIds": [
                6
            ]
        },
        "symRoot": {
            "latex": "\\sqrt",
            "strokeIds": [
                3
            ]
        }
    },
    {
        "prob": 0.955979585647583,
        "relation": "R",
        "symChild": {
            "latex": "-",
            "strokeIds": [
                7
            ]
        },
        "symRoot": {
            "latex": "\\sqrt",
            "strokeIds": [
                3
            ]
        }
    },
    {
        "prob": 0.9988929629325867,
        "relation": "In",
        "symChild": {
            "latex": "x",
            "strokeIds": [
                4,
                5
            ]
        },
        "symRoot": {
            "latex": "\\sqrt",
            "strokeIds": [
                3
            ]
        }
    },
    {
        "prob": 0.6953360438346863,
        "relation": "R",
        "symChild": {
            "latex": "d",
            "strokeIds": [
                10
            ]
        },
        "symRoot": {
            "latex": "e",
            "strokeIds": [
                6
            ]
        }
    },
    {
        "prob": 0.998730480670929,
        "relation": "Sup",
        "symChild": {
            "latex": "-",
            "strokeIds": [
                7
            ]
        },
        "symRoot": {
            "latex": "e",
            "strokeIds": [
                6
            ]
        }
    },
    {
        "prob": 0.9959861636161804,
        "relation": "Sup",
        "symChild": {
            "latex": "x",
            "strokeIds": [
                8,
                9
            ]
        },
        "symRoot": {
            "latex": "e",
            "strokeIds": [
                6
            ]
        }
    },
    {
        "prob": 0.9999663829803467,
        "relation": "R",
        "symChild": {
            "latex": "x",
            "strokeIds": [
                8,
                9
            ]
        },
        "symRoot": {
            "latex": "-",
            "strokeIds": [
                7
            ]
        }
    },
    {
        "prob": 0.6724003553390503,
        "relation": "Be",
        "symChild": {
            "latex": "e",
            "strokeIds": [
                6
            ]
        },
        "symRoot": {
            "latex": "-",
            "strokeIds": [
                7
            ]
        }
    },
    {
        "prob": 0.9999121427536011,
        "relation": "R",
        "symChild": {
            "latex": "x",
            "strokeIds": [
                11,
                12
            ]
        },
        "symRoot": {
            "latex": "d",
            "strokeIds": [
                10
            ]
        }
    },
    {
        "prob": 0.9471027255058289,
        "relation": "R",
        "symChild": {
            "latex": "=",
            "strokeIds": [
                13,
                14
            ]
        },
        "symRoot": {
            "latex": "d",
            "strokeIds": [
                10
            ]
        }
    },
    {
        "prob": 0.9976050853729248,
        "relation": "R",
        "symChild": {
            "latex": "=",
            "strokeIds": [
                13,
                14
            ]
        },
        "symRoot": {
            "latex": "x",
            "strokeIds": [
                11,
                12
            ]
        }
    },
    {
        "prob": 0.9984440207481384,
        "relation": "R",
        "symChild": {
            "latex": "-",
            "strokeIds": [
                16
            ]
        },
        "symRoot": {
            "latex": "=",
            "strokeIds": [
                13,
                14
            ]
        }
    },
    {
        "prob": 0.8152874708175659,
        "relation": "R",
        "symChild": {
            "latex": "\\sqrt",
            "strokeIds": [
                18
            ]
        },
        "symRoot": {
            "latex": "=",
            "strokeIds": [
                13,
                14
            ]
        }
    },
    {
        "prob": 0.9999405145645142,
        "relation": "R",
        "symChild": {
            "latex": "\\sqrt",
            "strokeIds": [
                18
            ]
        },
        "symRoot": {
            "latex": "-",
            "strokeIds": [
                16
            ]
        }
    },
    {
        "prob": 0.5382263660430908,
        "relation": "R",
        "symChild": {
            "latex": "\\pi",
            "strokeIds": [
                19,
                20,
                21
            ]
        },
        "symRoot": {
            "latex": "-",
            "strokeIds": [
                16
            ]
        }
    },
    {
        "prob": 0.9999819993972778,
        "relation": "Be",
        "symChild": {
            "latex": "2",
            "strokeIds": [
                17
            ]
        },
        "symRoot": {
            "latex": "-",
            "strokeIds": [
                16
            ]
        }
    },
    {
        "prob": 0.9997352957725525,
        "relation": "Ab",
        "symChild": {
            "latex": "1",
            "strokeIds": [
                15
            ]
        },
        "symRoot": {
            "latex": "-",
            "strokeIds": [
                16
            ]
        }
    },
    {
        "prob": 0.9997988343238831,
        "relation": "In",
        "symChild": {
            "latex": "\\pi",
            "strokeIds": [
                19,
                20,
                21
            ]
        },
        "symRoot": {
            "latex": "\\sqrt",
            "strokeIds": [
                18
            ]
        }
    }
]
