[
    {
        "prob": 0.9996806383132935,
        "relation": "R",
        "symChild": {
            "latex": "=",
            "strokeIds": [
                2,
                3
            ]
        },
        "symRoot": {
            "latex": "x",
            "strokeIds": [
                0,
                1
            ]
        }
    },
    {
        "prob": 0.9893003106117249,
        "relation": "R",
        "symChild": {
            "latex": "a",
            "strokeIds": [
                4
            ]
        },
        "symRoot": {
            "latex": "x",
            "strokeIds": [
                0,
                1
            ]
        }
    },
    {
        "prob": 0.7888417840003967,
        "relation": "R",
        "symChild": {
            "latex": "\\times",
            "strokeIds": [
                5,
                6
            ]
        },
        "symRoot": {
            "latex": "x",
            "strokeIds": [
                0,
                1
            ]
        }
    },
    {
        "prob": 0.999956488609314,
        "relation": "R",
        "symChild": {
            "latex": "a",
            "strokeIds": [
                4
            ]
        },
        "symRoot": {
            "latex": "=",
            "strokeIds": [
                2,
                3
            ]
        }
    },
    {
        "prob": 0.9998610019683838,
        "relation": "R",
        "symChild": {
            "latex": "\\times",
            "strokeIds": [
                5,
                6
            ]
        },
        "symRoot": {
            "latex": "a",
            "strokeIds": [
                4
            ]
        }
    },
    {
        "prob": 0.598630428314209,
        "relation": "R",
        "symChild": {
            "latex": "b",
            "strokeIds": [
                7,
                8
            ]
        },
        "symRoot": {
            "latex": "a",
            "strokeIds": [
                4
            ]
        }
    },
    {
        "prob": 0.3203394412994385,
        "relation": "Sup",
        "symChild": {
            "latex": "b",
            "strokeIds": [
                7,
                8
            ]
        },
        "symRoot": {
            "latex": "a",
            "strokeIds": [
                4
            ]
        }
    },
    {
        "prob": 0.9975478053092957,
        "relation": "R",
        "symChild": {
            "latex": "b",
            "strokeIds": [
                7,
                8
            ]
        },
        "symRoot": {
            "latex": "\\times",
            "strokeIds": [
                5,
                6
            ]
        }
    }
]
