[
    {
        "prob": 0.987453281879425,
        "relation": "R",
        "symChild": {
            "latex": "+",
            "strokeIds": [
                1,
                2
            ]
        },
        "symRoot": {
            "latex": "\\alpha",
            "strokeIds": [
                0
            ]
        }
    },
    {
        "prob": 0.9154722690582275,
        "relation": "R",
        "symChild": {
            "latex": "b",
            "strokeIds": [
                3
            ]
        },
        "symRoot": {
            "latex": "\\alpha",
            "strokeIds": [
                0
            ]
        }
    },
    {
        "prob": 0.9999674558639526,
        "relation": "R",
        "symChild": {
            "latex": "b",
            "strokeIds": [
                3
            ]
        },
        "symRoot": {
            "latex": "+",
            "strokeIds": [
                1,
                2
            ]
        }
    },
    {
        "prob": 0.9917057752609253,
        "relation": "R",
        "symChild": {
            "latex": "=",
            "strokeIds": [
                4,
                5
            ]
        },
        "symRoot": {
            "latex": "+",
            "strokeIds": [
                1,
                2
            ]
        }
    },
    {
        "prob": 0.9999512434005737,
        "relation": "R",
        "symChild": {
            "latex": "=",
            "strokeIds": [
                4,
                5
            ]
        },
        "symRoot": {
            "latex": "b",
            "strokeIds": [
                3
            ]
        }
    },
    {
        "prob": 0.5779715776443481,
        "relation": "R",
        "symChild": {
            "latex": "c",
            "strokeIds": [
                6
            ]
        },
        "symRoot": {
            "latex": "b",
            "strokeIds": [
                3
            ]
        }
    },
    {
        "prob": 0.999354898929596,
        "relation": "R",
        "symChild": {
            "latex": "c",
            "strokeIds": [
                6
            ]
        },
        "symRoot": {
            "latex": "=",
            "strokeIds": [
                4,
                5
            ]
        }
    }
]
