[
    {
        "prob": 0.9997567534446716,
        "relation": "R",
        "symChild": {
            "latex": "+",
            "strokeIds": [
                2,
                3
            ]
        },
        "symRoot": {
            "latex": "a",
            "strokeIds": [
                0
            ]
        }
    },
    {
        "prob": 0.9646028876304626,
        "relation": "R",
        "symChild": {
            "latex": "a",
            "strokeIds": [
                4
            ]
        },
        "symRoot": {
            "latex": "a",
            "strokeIds": [
                0
            ]
        }
    },
    {
        "prob": 0.9999895095825195,
        "relation": "Sub",
        "symChild": {
            "latex": "1",
            "strokeIds": [
                1
            ]
        },
        "symRoot": {
            "latex": "a",
            "strokeIds": [
                0
            ]
        }
    },
    {
        "prob": 0.999717652797699,
        "relation": "R",
        "symChild": {
            "latex": "a",
            "strokeIds": [
                4
            ]
        },
        "symRoot": {
            "latex": "+",
            "strokeIds": [
                2,
                3
            ]
        }
    },
    {
        "prob": 0.9999692440032959,
        "relation": "Sub",
        "symChild": {
            "latex": "2",
            "strokeIds": [
                5
            ]
        },
        "symRoot": {
            "latex": "a",
            "strokeIds": [
                4
            ]
        }
    }
]
