[
    {
        "prob": 0.8233729004859924,
        "relation": "R",
        "symChild": {
            "latex": "(",
            "strokeIds": [
                1
            ]
        },
        "symRoot": {
            "latex": "h",
            "strokeIds": [
                0
            ]
        }
    },
    {
        "prob": 0.575664222240448,
        "relation": "R",
        "symChild": {
            "latex": "x",
            "strokeIds": [
                2,
                3
            ]
        },
        "symRoot": {
            "latex": "h",
            "strokeIds": [
                0
            ]
        }
    },
    {
        "prob": 0.3076438009738922,
        "relation": "R",
        "symChild": {
            "latex": "COMMA",
            "strokeIds": [
                4
            ]
        },
        "symRoot": {
            "latex": "h",
            "strokeIds": [
                0
            ]
        }
    },
    {
        "prob": 0.9949937462806702,
        "relation": "R",
        "symChild": {
            "latex": "x",
            "strokeIds": [
                2,
                3
            ]
        },
        "symRoot": {
            "latex": "(",
            "strokeIds": [
                1
            ]
        }
    },
    {
        "prob": 0.9941767454147339,
        "relation": "R",
        "symChild": {
            "latex": "COMMA",
            "strokeIds": [
                4
            ]
        },
        "symRoot": {
            "latex": "x",
            "strokeIds": [
                2,
                3
            ]
        }
    },
    {
        "prob": 0.923685610294342,
        "relation": "R",
        "symChild": {
            "latex": "y",
            "strokeIds": [
                5
            ]
        },
        "symRoot": {
            "latex": "x",
            "strokeIds": [
                2,
                3
            ]
        }
    },
    {
        "prob": 0.9999251365661621,
        "relation": "R",
        "symChild": {
            "latex": "y",
            "strokeIds": [
                5
            ]
        },
        "symRoot": {
            "latex": "COMMA",
            "strokeIds": [
                4
            ]
        }
    },
    {
        "prob": 0.9997071623802185,
        "relation": "R",
        "symChild": {
            "latex": ")",
            "strokeIds": [
                6
            ]
        },
        "symRoot": {
            "latex": "y",
            "strokeIds": [
                5
            ]
        }
    },
    {
        "prob": 0.8635266423225403,
        "relation": "R",
        "symChild": {
            "latex": "=",
            "strokeIds": [
                7,
                8
            ]
        },
        "symRoot": {
            "latex": "y",
            "strokeIds": [
                5
            ]
        }
    },
    {
        "prob": 0.9997531771659851,
        "relation": "R",
        "symChild": {
            "latex": "=",
            "strokeIds": [
                7,
                8
            ]
        },
        "symRoot": {
            "latex": ")",
            "strokeIds": [
                6
            ]
        }
    },
    {
        "prob": 0.9631263613700867,
        "relation": "R",
        "symChild": {
            "latex": "x",
            "strokeIds": [
                9,
                10
            ]
        },
        "symRoot": {
            "latex": "=",
            "strokeIds": [
                7,
                8
            ]
        }
    },
    {
        "prob": 0.9971457123756409,
        "relation": "Sup",
        "symChild": {
            "latex": "y",
            "strokeIds": [
                11
            ]
        },
        "symRoot": {
            "latex": "x",
            "strokeIds": [
                9,
                10
            ]
        }
    },
    {
        "prob": 0.9946109056472778,
        "relation": "R",
        "symChild": {
            "latex": "+",
            "strokeIds": [
                12,
                13
            ]
        },
        "symRoot": {
            "latex": "y",
            "strokeIds": [
                11
            ]
        }
    },
    {
        "prob": 0.9928317070007324,
        "relation": "R",
        "symChild": {
            "latex": "-",
            "strokeIds": [
                15
            ]
        },
        "symRoot": {
            "latex": "y",
            "strokeIds": [
                11
            ]
        }
    },
    {
        "prob": 0.9589924216270447,
        "relation": "R",
        "symChild": {
            "latex": "-",
            "strokeIds": [
                15
            ]
        },
        "symRoot": {
            "latex": "+",
            "strokeIds": [
                12,
                13
            ]
        }
    },
    {
        "prob": 0.9995478987693787,
        "relation": "Be",
        "symChild": {
            "latex": "y",
            "strokeIds": [
                16
            ]
        },
        "symRoot": {
            "latex": "-",
            "strokeIds": [
                15
            ]
        }
    },
    {
        "prob": 0.9995542168617249,
        "relation": "Ab",
        "symChild": {
            "latex": "1",
            "strokeIds": [
                14
            ]
        },
        "symRoot": {
            "latex": "-",
            "strokeIds": [
                15
            ]
        }
    }
]
