[
    {
        "prob": 0.9538041353225708,
        "relation": "R",
        "symChild": {
            "latex": "-",
            "strokeIds": [
                6
            ]
        },
        "symRoot": {
            "latex": "2",
            "strokeIds": [
                0
            ]
        }
    },
    {
        "prob": 0.9980224370956421,
        "relation": "Sup",
        "symChild": {
            "latex": "x",
            "strokeIds": [
                1,
                2
            ]
        },
        "symRoot": {
            "latex": "2",
            "strokeIds": [
                0
            ]
        }
    },
    {
        "prob": 0.9868213534355164,
        "relation": "R",
        "symChild": {
            "latex": "+",
            "strokeIds": [
                3,
                4
            ]
        },
        "symRoot": {
            "latex": "x",
            "strokeIds": [
                1,
                2
            ]
        }
    },
    {
        "prob": 0.6651034951210022,
        "relation": "R",
        "symChild": {
            "latex": "1",
            "strokeIds": [
                5
            ]
        },
        "symRoot": {
            "latex": "x",
            "strokeIds": [
                1,
                2
            ]
        }
    },
    {
        "prob": 0.30364111065864563,
        "relation": "R",
        "symChild": {
            "latex": "x",
            "strokeIds": [
                1,
                2
            ]
        },
        "symRoot": {
            "latex": "+",
            "strokeIds": [
                3,
                4
            ]
        }
    },
    {
        "prob": 0.9998546838760376,
        "relation": "R",
        "symChild": {
            "latex": "1",
            "strokeIds": [
                5
            ]
        },
        "symRoot": {
            "latex": "+",
            "strokeIds": [
                3,
                4
            ]
        }
    },
    {
        "prob": 0.9999603033065796,
        "relation": "R",
        "symChild": {
            "latex": "2",
            "strokeIds": [
                7
            ]
        },
        "symRoot": {
            "latex": "-",
            "strokeIds": [
                6
            ]
        }
    },
    {
        "prob": 0.9979825019836426,
        "relation": "R",
        "symChild": {
            "latex": "=",
            "strokeIds": [
                10,
                11
            ]
        },
        "symRoot": {
            "latex": "2",
            "strokeIds": [
                7
            ]
        }
    },
    {
        "prob": 0.9214922785758972,
        "relation": "R",
        "symChild": {
            "latex": "1",
            "strokeIds": [
                12
            ]
        },
        "symRoot": {
            "latex": "2",
            "strokeIds": [
                7
            ]
        }
    },
    {
        "prob": 0.9992695450782776,
        "relation": "Sup",
        "symChild": {
            "latex": "x",
            "strokeIds": [
                8,
                9
            ]
        },
        "symRoot": {
            "latex": "2",
            "strokeIds": [
                7
            ]
        }
    },
    {
        "prob": 0.9999179840087891,
        "relation": "R",
        "symChild": {
            "latex": "1",
            "strokeIds": [
                12
            ]
        },
        "symRoot": {
            "latex": "=",
            "strokeIds": [
                10,
                11
            ]
        }
    },
    {
        "prob": 0.9997171759605408,
        "relation": "R",
        "symChild": {
            "latex": "6",
            "strokeIds": [
                13,
                14
            ]
        },
        "symRoot": {
            "latex": "=",
            "strokeIds": [
                10,
                11
            ]
        }
    },
    {
        "prob": 0.9998881816864014,
        "relation": "R",
        "symChild": {
            "latex": "6",
            "strokeIds": [
                13,
                14
            ]
        },
        "symRoot": {
            "latex": "1",
            "strokeIds": [
                12
            ]
        }
    }
]
