[
    {
        "prob": 0.9983202815055847,
        "relation": "R",
        "symChild": {
            "latex": "+",
            "strokeIds": [
                3,
                4
            ]
        },
        "symRoot": {
            "latex": "x",
            "strokeIds": [
                0,
                1
            ]
        }
    },
    {
        "prob": 0.9815162420272827,
        "relation": "R",
        "symChild": {
            "latex": "y",
            "strokeIds": [
                5,
                6
            ]
        },
        "symRoot": {
            "latex": "x",
            "strokeIds": [
                0,
                1
            ]
        }
    },
    {
        "prob": 0.6726203560829163,
        "relation": "R",
        "symChild": {
            "latex": "\\lt",
            "strokeIds": [
                8
            ]
        },
        "symRoot": {
            "latex": "x",
            "strokeIds": [
                0,
                1
            ]
        }
    },
    {
        "prob": 0.9992638230323792,
        "relation": "Sup",
        "symChild": {
            "latex": "2",
            "strokeIds": [
                2
            ]
        },
        "symRoot": {
            "latex": "x",
            "strokeIds": [
                0,
                1
            ]
        }
    },
    {
        "prob": 0.9999653100967407,
        "relation": "R",
        "symChild": {
            "latex": "y",
            "strokeIds": [
                5,
                6
            ]
        },
        "symRoot": {
            "latex": "+",
            "strokeIds": [
                3,
                4
            ]
        }
    },
    {
        "prob": 0.9567779302597046,
        "relation": "R",
        "symChild": {
            "latex": "\\lt",
            "strokeIds": [
                8
            ]
        },
        "symRoot": {
            "latex": "y",
            "strokeIds": [
                5,
                6
            ]
        }
    },
    {
        "prob": 0.9998962879180908,
        "relation": "Sup",
        "symChild": {
            "latex": "2",
            "strokeIds": [
                7
            ]
        },
        "symRoot": {
            "latex": "y",
            "strokeIds": [
                5,
                6
            ]
        }
    },
    {
        "prob": 0.9831740260124207,
        "relation": "R",
        "symChild": {
            "latex": "1",
            "strokeIds": [
                9
            ]
        },
        "symRoot": {
            "latex": "\\lt",
            "strokeIds": [
                8
            ]
        }
    }
]
