[
    {
        "prob": 0.9987478256225586,
        "relation": "R",
        "symChild": {
            "latex": "\\theta",
            "strokeIds": [
                5
            ]
        },
        "symRoot": {
            "latex": "\\sin",
            "strokeIds": [
                0,
                1,
                2,
                3
            ]
        }
    },
    {
        "prob": 0.9994188547134399,
        "relation": "Sup",
        "symChild": {
            "latex": "2",
            "strokeIds": [
                4
            ]
        },
        "symRoot": {
            "latex": "\\sin",
            "strokeIds": [
                0,
                1,
                2,
                3
            ]
        }
    },
    {
        "prob": 0.9992803931236267,
        "relation": "R",
        "symChild": {
            "latex": "+",
            "strokeIds": [
                6,
                7
            ]
        },
        "symRoot": {
            "latex": "\\theta",
            "strokeIds": [
                5
            ]
        }
    },
    {
        "prob": 0.9898395538330078,
        "relation": "R",
        "symChild": {
            "latex": "\\cos",
            "strokeIds": [
                8,
                9,
                10
            ]
        },
        "symRoot": {
            "latex": "\\theta",
            "strokeIds": [
                5
            ]
        }
    },
    {
        "prob": 0.9999438524246216,
        "relation": "R",
        "symChild": {
            "latex": "\\cos",
            "strokeIds": [
                8,
                9,
                10
            ]
        },
        "symRoot": {
            "latex": "+",
            "strokeIds": [
                6,
                7
            ]
        }
    },
    {
        "prob": 0.9993707537651062,
        "relation": "R",
        "symChild": {
            "latex": "\\theta",
            "strokeIds": [
                12
            ]
        },
        "symRoot": {
            "latex": "\\cos",
            "strokeIds": [
                8,
                9,
                10
            ]
        }
    },
    {
        "prob": 0.9999216794967651,
        "relation": "Sup",
        "symChild": {
            "latex": "2",
            "strokeIds": [
                11
            ]
        },
        "symRoot": {
            "latex": "\\cos",
            "strokeIds": [
                8,
                9,
                10
            ]
        }
    },
    {
        "prob": 0.9997504353523254,
        "relation": "R",
        "symChild": {
            "latex": "=",
            "strokeIds": [
                13,
                14
            ]
        },
        "symRoot": {
            "latex": "\\theta",
            "strokeIds": [
                12
            ]
        }
    },
    {
        "prob": 0.9708200097084045,
        "relation": "R",
        "symChild": {
            "latex": "1",
            "strokeIds": [
                15
            ]
        },
        "symRoot": {
            "latex": "\\theta",
            "strokeIds": [
                12
            ]
        }
    },
    {
        "prob": 0.9984173774719238,
        "relation": "R",
        "symChild": {
            "latex": "1",
            "strokeIds": [
                15
            ]
        },
        "symRoot": {
            "latex": "=",
            "strokeIds": [
                13,
                14
            ]
        }
    }
]
