[
    {
        "prob": 0.9962882995605469,
        "relation": "R",
        "symChild": {
            "latex": "-",
            "strokeIds": [
                2
            ]
        },
        "symRoot": {
            "latex": "b",
            "strokeIds": [
                0
            ]
        }
    },
    {
        "prob": 0.9999045133590698,
        "relation": "Sup",
        "symChild": {
            "latex": "2",
            "strokeIds": [
                1
            ]
        },
        "symRoot": {
            "latex": "b",
            "strokeIds": [
                0
            ]
        }
    },
    {
        "prob": 0.9998973608016968,
        "relation": "R",
        "symChild": {
            "latex": "4",
            "strokeIds": [
                3,
                4
            ]
        },
        "symRoot": {
            "latex": "-",
            "strokeIds": [
                2
            ]
        }
    },
    {
        "prob": 0.5578035712242126,
        "relation": "R",
        "symChild": {
            "latex": "a",
            "strokeIds": [
                5
            ]
        },
        "symRoot": {
            "latex": "-",
            "strokeIds": [
                2
            ]
        }
    },
    {
        "prob": 0.9999669790267944,
        "relation": "R",
        "symChild": {
            "latex": "a",
            "strokeIds": [
                5
            ]
        },
        "symRoot": {
            "latex": "4",
            "strokeIds": [
                3,
                4
            ]
        }
    },
    {
        "prob": 0.8903093934059143,
        "relation": "R",
        "symChild": {
            "latex": "c",
            "strokeIds": [
                6
            ]
        },
        "symRoot": {
            "latex": "4",
            "strokeIds": [
                3,
                4
            ]
        }
    },
    {
        "prob": 0.9999924898147583,
        "relation": "R",
        "symChild": {
            "latex": "c",
            "strokeIds": [
                6
            ]
        },
        "symRoot": {
            "latex": "a",
            "strokeIds": [
                5
            ]
        }
    },
    {
        "prob": 0.9911295175552368,
        "relation": "In",
        "symChild": {
            "latex": "b",
            "strokeIds": [
                0
            ]
        },
        "symRoot": {
            "latex": "\\sqrt",
            "strokeIds": [
                7
            ]
        }
    },
    {
        "prob": 0.9967047572135925,
        "relation": "In",
        "symChild": {
            "latex": "-",
            "strokeIds": [
                2
            ]
        },
        "symRoot": {
            "latex": "\\sqrt",
            "strokeIds": [
                7
            ]
        }
    },
    {
        "prob": 0.9978258013725281,
        "relation": "In",
        "symChild": {
            "latex": "4",
            "strokeIds": [
                3,
                4
            ]
        },
        "symRoot": {
            "latex": "\\sqrt",
            "strokeIds": [
                7
            ]
        }
    },
    {
        "prob": 0.9989205598831177,
        "relation": "In",
        "symChild": {
            "latex": "a",
            "strokeIds": [
                5
            ]
        },
        "symRoot": {
            "latex": "\\sqrt",
            "strokeIds": [
                7
            ]
        }
    },
    {
        "prob": 0.9970309734344482,
        "relation": "In",
        "symChild": {
            "latex": "c",
            "strokeIds": [
                6
            ]
        },
        "symRoot": {
            "latex": "\\sqrt",
            "strokeIds": [
                7
            ]
        }
    }
]
