[
    {
        "prob": 0.9857688546180725,
        "relation": "R",
        "symChild": {
            "latex": "\\tan",
            "strokeIds": [
                15,
                16,
                17,
                18
            ]
        },
        "symRoot": {
            "latex": "\\lim",
            "strokeIds": [
                0,
                1,
                2,
                3
            ]
        }
    },
    {
        "prob": 0.9998629093170166,
        "relation": "Be",
        "symChild": {
            "latex": "x",
            "strokeIds": [
                4,
                5
            ]
        },
        "symRoot": {
            "latex": "\\lim",
            "strokeIds": [
                0,
                1,
                2,
                3
            ]
        }
    },
    {
        "prob": 0.9975302815437317,
        "relation": "Be",
        "symChild": {
            "latex": "\\rightarrow",
            "strokeIds": [
                6,
                7
            ]
        },
        "symRoot": {
            "latex": "\\lim",
            "strokeIds": [
                0,
                1,
                2,
                3
            ]
        }
    },
    {
        "prob": 0.9736348390579224,
        "relation": "Be",
        "symChild": {
            "latex": "-",
            "strokeIds": [
                10
            ]
        },
        "symRoot": {
            "latex": "\\lim",
            "strokeIds": [
                0,
                1,
                2,
                3
            ]
        }
    },
    {
        "prob": 0.9999871253967285,
        "relation": "R",
        "symChild": {
            "latex": "\\rightarrow",
            "strokeIds": [
                6,
                7
            ]
        },
        "symRoot": {
            "latex": "x",
            "strokeIds": [
                4,
                5
            ]
        }
    },
    {
        "prob": 0.9991089701652527,
        "relation": "R",
        "symChild": {
            "latex": "-",
            "strokeIds": [
                10
            ]
        },
        "symRoot": {
            "latex": "x",
            "strokeIds": [
                4,
                5
            ]
        }
    },
    {
        "prob": 0.9387840628623962,
        "relation": "R",
        "symChild": {
            "latex": "+",
            "strokeIds": [
                12,
                13
            ]
        },
        "symRoot": {
            "latex": "x",
            "strokeIds": [
                4,
                5
            ]
        }
    },
    {
        "prob": 0.8089810013771057,
        "relation": "R",
        "symChild": {
            "latex": "0",
            "strokeIds": [
                14
            ]
        },
        "symRoot": {
            "latex": "x",
            "strokeIds": [
                4,
                5
            ]
        }
    },
    {
        "prob": 0.4804404377937317,
        "relation": "Sub",
        "symChild": {
            "latex": "2",
            "strokeIds": [
                11
            ]
        },
        "symRoot": {
            "latex": "x",
            "strokeIds": [
                4,
                5
            ]
        }
    },
    {
        "prob": 0.9997579455375671,
        "relation": "R",
        "symChild": {
            "latex": "-",
            "strokeIds": [
                10
            ]
        },
        "symRoot": {
            "latex": "\\rightarrow",
            "strokeIds": [
                6,
                7
            ]
        }
    },
    {
        "prob": 0.9989519119262695,
        "relation": "R",
        "symChild": {
            "latex": "+",
            "strokeIds": [
                12,
                13
            ]
        },
        "symRoot": {
            "latex": "-",
            "strokeIds": [
                10
            ]
        }
    },
    {
        "prob": 0.9981915354728699,
        "relation": "R",
        "symChild": {
            "latex": "0",
            "strokeIds": [
                14
            ]
        },
        "symRoot": {
            "latex": "-",
            "strokeIds": [
                10
            ]
        }
    },
    {
        "prob": 0.9999606609344482,
        "relation": "Be",
        "symChild": {
            "latex": "2",
            "strokeIds": [
                11
            ]
        },
        "symRoot": {
            "latex": "-",
            "strokeIds": [
                10
            ]
        }
    },
    {
        "prob": 0.9994441866874695,
        "relation": "Ab",
        "symChild": {
            "latex": "\\pi",
            "strokeIds": [
                8,
                9
            ]
        },
        "symRoot": {
            "latex": "-",
            "strokeIds": [
                10
            ]
        }
    },
    {
        "prob": 0.9999814033508301,
        "relation": "R",
        "symChild": {
            "latex": "0",
            "strokeIds": [
                14
            ]
        },
        "symRoot": {
            "latex": "+",
            "strokeIds": [
                12,
                13
            ]
        }
    },
    {
        "prob": 0.9999707937240601,
        "relation": "R",
        "symChild": {
            "latex": "x",
            "strokeIds": [
                19,
                20
            ]
        },
        "symRoot": {
            "latex": "\\tan",
            "strokeIds": [
                15,
                16,
                17,
                18
            ]
        }
    },
    {
        "prob": 0.958293080329895,
        "relation": "R",
        "symChild": {
            "latex": "=",
            "strokeIds": [
                21,
                22
            ]
        },
        "symRoot": {
            "latex": "\\tan",
            "strokeIds": [
                15,
                16,
                17,
                18
            ]
        }
    },
    {
        "prob": 0.600160539150238,
        "relation": "R",
        "symChild": {
            "latex": "-",
            "strokeIds": [
                23
            ]
        },
        "symRoot": {
            "latex": "\\tan",
            "strokeIds": [
                15,
                16,
                17,
                18
            ]
        }
    },
    {
        "prob": 0.999289870262146,
        "relation": "R",
        "symChild": {
            "latex": "=",
            "strokeIds": [
                21,
                22
            ]
        },
        "symRoot": {
            "latex": "x",
            "strokeIds": [
                19,
                20
            ]
        }
    },
    {
        "prob": 0.9963405728340149,
        "relation": "R",
        "symChild": {
            "latex": "-",
            "strokeIds": [
                23
            ]
        },
        "symRoot": {
            "latex": "x",
            "strokeIds": [
                19,
                20
            ]
        }
    },
    {
        "prob": 0.9826610684394836,
        "relation": "R",
        "symChild": {
            "latex": "\\infty",
            "strokeIds": [
                24
            ]
        },
        "symRoot": {
            "latex": "x",
            "strokeIds": [
                19,
                20
            ]
        }
    },
    {
        "prob": 0.9989020824432373,
        "relation": "R",
        "symChild": {
            "latex": "-",
            "strokeIds": [
                23
            ]
        },
        "symRoot": {
            "latex": "=",
            "strokeIds": [
                21,
                22
            ]
        }
    },
    {
        "prob": 0.9993846416473389,
        "relation": "R",
        "symChild": {
            "latex": "\\infty",
            "strokeIds": [
                24
            ]
        },
        "symRoot": {
            "latex": "=",
            "strokeIds": [
                21,
                22
            ]
        }
    },
    {
        "prob": 0.9999949932098389,
        "relation": "R",
        "symChild": {
            "latex": "\\infty",
            "strokeIds": [
                24
            ]
        },
        "symRoot": {
            "latex": "-",
            "strokeIds": [
                23
            ]
        }
    }
]
