[
    {
        "prob": 0.9988666772842407,
        "relation": "In",
        "symChild": {
            "latex": "b",
            "strokeIds": [
                1
            ]
        },
        "symRoot": {
            "latex": "\\sqrt",
            "strokeIds": [
                0
            ]
        }
    },
    {
        "prob": 0.30890947580337524,
        "relation": "In",
        "symChild": {
            "latex": "2",
            "strokeIds": [
                2
            ]
        },
        "symRoot": {
            "latex": "\\sqrt",
            "strokeIds": [
                0
            ]
        }
    },
    {
        "prob": 0.9994578957557678,
        "relation": "In",
        "symChild": {
            "latex": "-",
            "strokeIds": [
                3
            ]
        },
        "symRoot": {
            "latex": "\\sqrt",
            "strokeIds": [
                0
            ]
        }
    },
    {
        "prob": 0.9998176693916321,
        "relation": "In",
        "symChild": {
            "latex": "4",
            "strokeIds": [
                4
            ]
        },
        "symRoot": {
            "latex": "\\sqrt",
            "strokeIds": [
                0
            ]
        }
    },
    {
        "prob": 0.998170018196106,
        "relation": "In",
        "symChild": {
            "latex": "a",
            "strokeIds": [
                5
            ]
        },
        "symRoot": {
            "latex": "\\sqrt",
            "strokeIds": [
                0
            ]
        }
    },
    {
        "prob": 0.9962244033813477,
        "relation": "In",
        "symChild": {
            "latex": "c",
            "strokeIds": [
                6
            ]
        },
        "symRoot": {
            "latex": "\\sqrt",
            "strokeIds": [
                0
            ]
        }
    },
    {
        "prob": 0.9942090511322021,
        "relation": "R",
        "symChild": {
            "latex": "-",
            "strokeIds": [
                3
            ]
        },
        "symRoot": {
            "latex": "b",
            "strokeIds": [
                1
            ]
        }
    },
    {
        "prob": 0.7671914100646973,
        "relation": "R",
        "symChild": {
            "latex": "4",
            "strokeIds": [
                4
            ]
        },
        "symRoot": {
            "latex": "b",
            "strokeIds": [
                1
            ]
        }
    },
    {
        "prob": 0.9999611377716064,
        "relation": "Sup",
        "symChild": {
            "latex": "2",
            "strokeIds": [
                2
            ]
        },
        "symRoot": {
            "latex": "b",
            "strokeIds": [
                1
            ]
        }
    },
    {
        "prob": 0.9999754428863525,
        "relation": "R",
        "symChild": {
            "latex": "4",
            "strokeIds": [
                4
            ]
        },
        "symRoot": {
            "latex": "-",
            "strokeIds": [
                3
            ]
        }
    },
    {
        "prob": 0.9999516010284424,
        "relation": "R",
        "symChild": {
            "latex": "a",
            "strokeIds": [
                5
            ]
        },
        "symRoot": {
            "latex": "4",
            "strokeIds": [
                4
            ]
        }
    },
    {
        "prob": 0.9898083806037903,
        "relation": "R",
        "symChild": {
            "latex": "c",
            "strokeIds": [
                6
            ]
        },
        "symRoot": {
            "latex": "4",
            "strokeIds": [
                4
            ]
        }
    },
    {
        "prob": 0.9999891519546509,
        "relation": "R",
        "symChild": {
            "latex": "c",
            "strokeIds": [
                6
            ]
        },
        "symRoot": {
            "latex": "a",
            "strokeIds": [
                5
            ]
        }
    }
]
