[
    {
        "prob": 0.9996160268783569,
        "relation": "R",
        "symChild": {
            "latex": "=",
            "strokeIds": [
                2,
                3
            ]
        },
        "symRoot": {
            "latex": "x",
            "strokeIds": [
                0,
                1
            ]
        }
    },
    {
        "prob": 0.9611679911613464,
        "relation": "R",
        "symChild": {
            "latex": "-",
            "strokeIds": [
                7
            ]
        },
        "symRoot": {
            "latex": "x",
            "strokeIds": [
                0,
                1
            ]
        }
    },
    {
        "prob": 0.961298406124115,
        "relation": "R",
        "symChild": {
            "latex": "-",
            "strokeIds": [
                4
            ]
        },
        "symRoot": {
            "latex": "x",
            "strokeIds": [
                0,
                1
            ]
        }
    },
    {
        "prob": 0.9245665669441223,
        "relation": "R",
        "symChild": {
            "latex": "b",
            "strokeIds": [
                8
            ]
        },
        "symRoot": {
            "latex": "x",
            "strokeIds": [
                0,
                1
            ]
        }
    },
    {
        "prob": 0.8836457133293152,
        "relation": "R",
        "symChild": {
            "latex": "\\pm",
            "strokeIds": [
                9,
                10,
                11
            ]
        },
        "symRoot": {
            "latex": "x",
            "strokeIds": [
                0,
                1
            ]
        }
    },
    {
        "prob": 0.9938957095146179,
        "relation": "R",
        "symChild": {
            "latex": "-",
            "strokeIds": [
                4
            ]
        },
        "symRoot": {
            "latex": "=",
            "strokeIds": [
                2,
                3
            ]
        }
    },
    {
        "prob": 0.9352726340293884,
        "relation": "R",
        "symChild": {
            "latex": "c",
            "strokeIds": [
                19
            ]
        },
        "symRoot": {
            "latex": "-",
            "strokeIds": [
                4
            ]
        }
    },
    {
        "prob": 0.9822081923484802,
        "relation": "Be",
        "symChild": {
            "latex": "2",
            "strokeIds": [
                5
            ]
        },
        "symRoot": {
            "latex": "-",
            "strokeIds": [
                4
            ]
        }
    },
    {
        "prob": 0.9413672089576721,
        "relation": "Be",
        "symChild": {
            "latex": "a",
            "strokeIds": [
                6
            ]
        },
        "symRoot": {
            "latex": "-",
            "strokeIds": [
                4
            ]
        }
    },
    {
        "prob": 0.998102605342865,
        "relation": "Ab",
        "symChild": {
            "latex": "-",
            "strokeIds": [
                7
            ]
        },
        "symRoot": {
            "latex": "-",
            "strokeIds": [
                4
            ]
        }
    },
    {
        "prob": 0.9953487515449524,
        "relation": "Ab",
        "symChild": {
            "latex": "b",
            "strokeIds": [
                8
            ]
        },
        "symRoot": {
            "latex": "-",
            "strokeIds": [
                4
            ]
        }
    },
    {
        "prob": 0.9815624952316284,
        "relation": "Ab",
        "symChild": {
            "latex": "\\pm",
            "strokeIds": [
                9,
                10,
                11
            ]
        },
        "symRoot": {
            "latex": "-",
            "strokeIds": [
                4
            ]
        }
    },
    {
        "prob": 0.993681788444519,
        "relation": "Ab",
        "symChild": {
            "latex": "\\sqrt",
            "strokeIds": [
                12
            ]
        },
        "symRoot": {
            "latex": "-",
            "strokeIds": [
                4
            ]
        }
    },
    {
        "prob": 0.9444006085395813,
        "relation": "Ab",
        "symChild": {
            "latex": "b",
            "strokeIds": [
                13
            ]
        },
        "symRoot": {
            "latex": "-",
            "strokeIds": [
                4
            ]
        }
    },
    {
        "prob": 0.627363383769989,
        "relation": "Ab",
        "symChild": {
            "latex": "2",
            "strokeIds": [
                14
            ]
        },
        "symRoot": {
            "latex": "-",
            "strokeIds": [
                4
            ]
        }
    },
    {
        "prob": 0.9453732371330261,
        "relation": "Ab",
        "symChild": {
            "latex": "-",
            "strokeIds": [
                15
            ]
        },
        "symRoot": {
            "latex": "-",
            "strokeIds": [
                4
            ]
        }
    },
    {
        "prob": 0.9664127826690674,
        "relation": "Ab",
        "symChild": {
            "latex": "4",
            "strokeIds": [
                16,
                17
            ]
        },
        "symRoot": {
            "latex": "-",
            "strokeIds": [
                4
            ]
        }
    },
    {
        "prob": 0.8506557941436768,
        "relation": "Ab",
        "symChild": {
            "latex": "a",
            "strokeIds": [
                18
            ]
        },
        "symRoot": {
            "latex": "-",
            "strokeIds": [
                4
            ]
        }
    },
    {
        "prob": 0.9999284744262695,
        "relation": "R",
        "symChild": {
            "latex": "a",
            "strokeIds": [
                6
            ]
        },
        "symRoot": {
            "latex": "2",
            "strokeIds": [
                5
            ]
        }
    },
    {
        "prob": 0.6533384919166565,
        "relation": "R",
        "symChild": {
            "latex": "-",
            "strokeIds": [
                4
            ]
        },
        "symRoot": {
            "latex": "-",
            "strokeIds": [
                7
            ]
        }
    },
    {
        "prob": 0.9999924898147583,
        "relation": "R",
        "symChild": {
            "latex": "b",
            "strokeIds": [
                8
            ]
        },
        "symRoot": {
            "latex": "-",
            "strokeIds": [
                7
            ]
        }
    },
    {
        "prob": 0.9995123147964478,
        "relation": "R",
        "symChild": {
            "latex": "\\pm",
            "strokeIds": [
                9,
                10,
                11
            ]
        },
        "symRoot": {
            "latex": "-",
            "strokeIds": [
                7
            ]
        }
    },
    {
        "prob": 0.9302585124969482,
        "relation": "R",
        "symChild": {
            "latex": "\\sqrt",
            "strokeIds": [
                12
            ]
        },
        "symRoot": {
            "latex": "-",
            "strokeIds": [
                7
            ]
        }
    },
    {
        "prob": 0.9999957084655762,
        "relation": "R",
        "symChild": {
            "latex": "\\pm",
            "strokeIds": [
                9,
                10,
                11
            ]
        },
        "symRoot": {
            "latex": "b",
            "strokeIds": [
                8
            ]
        }
    },
    {
        "prob": 0.9882956743240356,
        "relation": "R",
        "symChild": {
            "latex": "\\sqrt",
            "strokeIds": [
                12
            ]
        },
        "symRoot": {
            "latex": "b",
            "strokeIds": [
                8
            ]
        }
    },
    {
        "prob": 0.38137727975845337,
        "relation": "R",
        "symChild": {
            "latex": "b",
            "strokeIds": [
                13
            ]
        },
        "symRoot": {
            "latex": "b",
            "strokeIds": [
                8
            ]
        }
    },
    {
        "prob": 0.9951619505882263,
        "relation": "R",
        "symChild": {
            "latex": "\\sqrt",
            "strokeIds": [
                12
            ]
        },
        "symRoot": {
            "latex": "\\pm",
            "strokeIds": [
                9,
                10,
                11
            ]
        }
    },
    {
        "prob": 0.967272937297821,
        "relation": "R",
        "symChild": {
            "latex": "b",
            "strokeIds": [
                13
            ]
        },
        "symRoot": {
            "latex": "\\pm",
            "strokeIds": [
                9,
                10,
                11
            ]
        }
    },
    {
        "prob": 0.9995740056037903,
        "relation": "In",
        "symChild": {
            "latex": "b",
            "strokeIds": [
                13
            ]
        },
        "symRoot": {
            "latex": "\\sqrt",
            "strokeIds": [
                12
            ]
        }
    },
    {
        "prob": 0.9998829364776611,
        "relation": "In",
        "symChild": {
            "latex": "-",
            "strokeIds": [
                15
            ]
        },
        "symRoot": {
            "latex": "\\sqrt",
            "strokeIds": [
                12
            ]
        }
    },
    {
        "prob": 0.9998867511749268,
        "relation": "In",
        "symChild": {
            "latex": "4",
            "strokeIds": [
                16,
                17
            ]
        },
        "symRoot": {
            "latex": "\\sqrt",
            "strokeIds": [
                12
            ]
        }
    },
    {
        "prob": 0.9995729327201843,
        "relation": "In",
        "symChild": {
            "latex": "a",
            "strokeIds": [
                18
            ]
        },
        "symRoot": {
            "latex": "\\sqrt",
            "strokeIds": [
                12
            ]
        }
    },
    {
        "prob": 0.9987786412239075,
        "relation": "In",
        "symChild": {
            "latex": "c",
            "strokeIds": [
                19
            ]
        },
        "symRoot": {
            "latex": "\\sqrt",
            "strokeIds": [
                12
            ]
        }
    },
    {
        "prob": 0.9999265670776367,
        "relation": "R",
        "symChild": {
            "latex": "-",
            "strokeIds": [
                15
            ]
        },
        "symRoot": {
            "latex": "b",
            "strokeIds": [
                13
            ]
        }
    },
    {
        "prob": 0.892940104007721,
        "relation": "R",
        "symChild": {
            "latex": "4",
            "strokeIds": [
                16,
                17
            ]
        },
        "symRoot": {
            "latex": "b",
            "strokeIds": [
                13
            ]
        }
    },
    {
        "prob": 0.999984860420227,
        "relation": "Sup",
        "symChild": {
            "latex": "2",
            "strokeIds": [
                14
            ]
        },
        "symRoot": {
            "latex": "b",
            "strokeIds": [
                13
            ]
        }
    },
    {
        "prob": 0.9999943971633911,
        "relation": "R",
        "symChild": {
            "latex": "4",
            "strokeIds": [
                16,
                17
            ]
        },
        "symRoot": {
            "latex": "-",
            "strokeIds": [
                15
            ]
        }
    },
    {
        "prob": 0.6006948947906494,
        "relation": "R",
        "symChild": {
            "latex": "a",
            "strokeIds": [
                18
            ]
        },
        "symRoot": {
            "latex": "-",
            "strokeIds": [
                15
            ]
        }
    },
    {
        "prob": 0.372871071100235,
        "relation": "Ab",
        "symChild": {
            "latex": "2",
            "strokeIds": [
                14
            ]
        },
        "symRoot": {
            "latex": "-",
            "strokeIds": [
                15
            ]
        }
    },
    {
        "prob": 0.9999909400939941,
        "relation": "R",
        "symChild": {
            "latex": "a",
            "strokeIds": [
                18
            ]
        },
        "symRoot": {
            "latex": "4",
            "strokeIds": [
                16,
                17
            ]
        }
    },
    {
        "prob": 0.9804508686065674,
        "relation": "R",
        "symChild": {
            "latex": "c",
            "strokeIds": [
                19
            ]
        },
        "symRoot": {
            "latex": "4",
            "strokeIds": [
                16,
                17
            ]
        }
    },
    {
        "prob": 0.9999947547912598,
        "relation": "R",
        "symChild": {
            "latex": "c",
            "strokeIds": [
                19
            ]
        },
        "symRoot": {
            "latex": "a",
            "strokeIds": [
                18
            ]
        }
    }
]
