[
    {
        "prob": 0.9968823194503784,
        "relation": "R",
        "symChild": {
            "latex": "(",
            "strokeIds": [
                1
            ]
        },
        "symRoot": {
            "latex": "\\int",
            "strokeIds": [
                0
            ]
        }
    },
    {
        "prob": 0.6854369640350342,
        "relation": "R",
        "symChild": {
            "latex": "2",
            "strokeIds": [
                2
            ]
        },
        "symRoot": {
            "latex": "\\int",
            "strokeIds": [
                0
            ]
        }
    },
    {
        "prob": 0.4716062545776367,
        "relation": "R",
        "symChild": {
            "latex": "-",
            "strokeIds": [
                5
            ]
        },
        "symRoot": {
            "latex": "\\int",
            "strokeIds": [
                0
            ]
        }
    },
    {
        "prob": 0.9999675750732422,
        "relation": "R",
        "symChild": {
            "latex": "2",
            "strokeIds": [
                2
            ]
        },
        "symRoot": {
            "latex": "(",
            "strokeIds": [
                1
            ]
        }
    },
    {
        "prob": 0.9632573127746582,
        "relation": "R",
        "symChild": {
            "latex": "-",
            "strokeIds": [
                5
            ]
        },
        "symRoot": {
            "latex": "2",
            "strokeIds": [
                2
            ]
        }
    },
    {
        "prob": 0.9993785619735718,
        "relation": "Sup",
        "symChild": {
            "latex": "x",
            "strokeIds": [
                3,
                4
            ]
        },
        "symRoot": {
            "latex": "2",
            "strokeIds": [
                2
            ]
        }
    },
    {
        "prob": 0.999871015548706,
        "relation": "R",
        "symChild": {
            "latex": "3",
            "strokeIds": [
                6
            ]
        },
        "symRoot": {
            "latex": "-",
            "strokeIds": [
                5
            ]
        }
    },
    {
        "prob": 0.9987711310386658,
        "relation": "R",
        "symChild": {
            "latex": "e",
            "strokeIds": [
                7
            ]
        },
        "symRoot": {
            "latex": "-",
            "strokeIds": [
                5
            ]
        }
    },
    {
        "prob": 0.999955415725708,
        "relation": "R",
        "symChild": {
            "latex": "e",
            "strokeIds": [
                7
            ]
        },
        "symRoot": {
            "latex": "3",
            "strokeIds": [
                6
            ]
        }
    },
    {
        "prob": 0.9974892139434814,
        "relation": "R",
        "symChild": {
            "latex": ")",
            "strokeIds": [
                10
            ]
        },
        "symRoot": {
            "latex": "e",
            "strokeIds": [
                7
            ]
        }
    },
    {
        "prob": 0.992344319820404,
        "relation": "R",
        "symChild": {
            "latex": "d",
            "strokeIds": [
                11
            ]
        },
        "symRoot": {
            "latex": "e",
            "strokeIds": [
                7
            ]
        }
    },
    {
        "prob": 0.8726903796195984,
        "relation": "R",
        "symChild": {
            "latex": "x",
            "strokeIds": [
                12,
                13
            ]
        },
        "symRoot": {
            "latex": "e",
            "strokeIds": [
                7
            ]
        }
    },
    {
        "prob": 0.9998931884765625,
        "relation": "Sup",
        "symChild": {
            "latex": "x",
            "strokeIds": [
                8,
                9
            ]
        },
        "symRoot": {
            "latex": "e",
            "strokeIds": [
                7
            ]
        }
    },
    {
        "prob": 0.9993809461593628,
        "relation": "R",
        "symChild": {
            "latex": "d",
            "strokeIds": [
                11
            ]
        },
        "symRoot": {
            "latex": ")",
            "strokeIds": [
                10
            ]
        }
    },
    {
        "prob": 0.8900431990623474,
        "relation": "R",
        "symChild": {
            "latex": "x",
            "strokeIds": [
                12,
                13
            ]
        },
        "symRoot": {
            "latex": ")",
            "strokeIds": [
                10
            ]
        }
    },
    {
        "prob": 0.999992847442627,
        "relation": "R",
        "symChild": {
            "latex": "x",
            "strokeIds": [
                12,
                13
            ]
        },
        "symRoot": {
            "latex": "d",
            "strokeIds": [
                11
            ]
        }
    }
]
