[
    {
        "prob": 0.9411109089851379,
        "relation": "R",
        "symChild": {
            "latex": "\\pi",
            "strokeIds": [
                8,
                9,
                10
            ]
        },
        "symRoot": {
            "latex": "\\lim",
            "strokeIds": [
                0,
                1
            ]
        }
    },
    {
        "prob": 0.9520658850669861,
        "relation": "R",
        "symChild": {
            "latex": "-",
            "strokeIds": [
                7
            ]
        },
        "symRoot": {
            "latex": "\\lim",
            "strokeIds": [
                0,
                1
            ]
        }
    },
    {
        "prob": 0.7145013809204102,
        "relation": "R",
        "symChild": {
            "latex": "\\tan",
            "strokeIds": [
                11,
                12,
                13,
                14
            ]
        },
        "symRoot": {
            "latex": "\\lim",
            "strokeIds": [
                0,
                1
            ]
        }
    },
    {
        "prob": 0.999357283115387,
        "relation": "Be",
        "symChild": {
            "latex": "x",
            "strokeIds": [
                2,
                3
            ]
        },
        "symRoot": {
            "latex": "\\lim",
            "strokeIds": [
                0,
                1
            ]
        }
    },
    {
        "prob": 0.41834649443626404,
        "relation": "Be",
        "symChild": {
            "latex": "\\rightarrow",
            "strokeIds": [
                4,
                5
            ]
        },
        "symRoot": {
            "latex": "\\lim",
            "strokeIds": [
                0,
                1
            ]
        }
    },
    {
        "prob": 0.9997847676277161,
        "relation": "R",
        "symChild": {
            "latex": "\\rightarrow",
            "strokeIds": [
                4,
                5
            ]
        },
        "symRoot": {
            "latex": "x",
            "strokeIds": [
                2,
                3
            ]
        }
    },
    {
        "prob": 0.9803343415260315,
        "relation": "R",
        "symChild": {
            "latex": "-",
            "strokeIds": [
                7
            ]
        },
        "symRoot": {
            "latex": "\\rightarrow",
            "strokeIds": [
                4,
                5
            ]
        }
    },
    {
        "prob": 0.9967395663261414,
        "relation": "R",
        "symChild": {
            "latex": "+",
            "strokeIds": [
                21,
                22
            ]
        },
        "symRoot": {
            "latex": "-",
            "strokeIds": [
                7
            ]
        }
    },
    {
        "prob": 0.9999183416366577,
        "relation": "Be",
        "symChild": {
            "latex": "2",
            "strokeIds": [
                6
            ]
        },
        "symRoot": {
            "latex": "-",
            "strokeIds": [
                7
            ]
        }
    },
    {
        "prob": 0.9991279244422913,
        "relation": "Ab",
        "symChild": {
            "latex": "\\pi",
            "strokeIds": [
                8,
                9,
                10
            ]
        },
        "symRoot": {
            "latex": "-",
            "strokeIds": [
                7
            ]
        }
    },
    {
        "prob": 0.9999375343322754,
        "relation": "R",
        "symChild": {
            "latex": "x",
            "strokeIds": [
                15,
                16
            ]
        },
        "symRoot": {
            "latex": "\\tan",
            "strokeIds": [
                11,
                12,
                13,
                14
            ]
        }
    },
    {
        "prob": 0.8158535957336426,
        "relation": "R",
        "symChild": {
            "latex": "=",
            "strokeIds": [
                17,
                18
            ]
        },
        "symRoot": {
            "latex": "\\tan",
            "strokeIds": [
                11,
                12,
                13,
                14
            ]
        }
    },
    {
        "prob": 0.49878495931625366,
        "relation": "R",
        "symChild": {
            "latex": "-",
            "strokeIds": [
                19
            ]
        },
        "symRoot": {
            "latex": "\\tan",
            "strokeIds": [
                11,
                12,
                13,
                14
            ]
        }
    },
    {
        "prob": 0.9990038275718689,
        "relation": "R",
        "symChild": {
            "latex": "=",
            "strokeIds": [
                17,
                18
            ]
        },
        "symRoot": {
            "latex": "x",
            "strokeIds": [
                15,
                16
            ]
        }
    },
    {
        "prob": 0.9818934202194214,
        "relation": "R",
        "symChild": {
            "latex": "-",
            "strokeIds": [
                19
            ]
        },
        "symRoot": {
            "latex": "x",
            "strokeIds": [
                15,
                16
            ]
        }
    },
    {
        "prob": 0.9993932247161865,
        "relation": "R",
        "symChild": {
            "latex": "-",
            "strokeIds": [
                19
            ]
        },
        "symRoot": {
            "latex": "=",
            "strokeIds": [
                17,
                18
            ]
        }
    },
    {
        "prob": 0.9992976188659668,
        "relation": "R",
        "symChild": {
            "latex": "\\infty",
            "strokeIds": [
                20
            ]
        },
        "symRoot": {
            "latex": "-",
            "strokeIds": [
                19
            ]
        }
    },
    {
        "prob": 0.9999570846557617,
        "relation": "R",
        "symChild": {
            "latex": "0",
            "strokeIds": [
                23
            ]
        },
        "symRoot": {
            "latex": "+",
            "strokeIds": [
                21,
                22
            ]
        }
    }
]
