[
    {
        "prob": 0.9971804618835449,
        "relation": "R",
        "symChild": {
            "latex": "+",
            "strokeIds": [
                3,
                4
            ]
        },
        "symRoot": {
            "latex": "x",
            "strokeIds": [
                0,
                1
            ]
        }
    },
    {
        "prob": 0.9807959198951721,
        "relation": "R",
        "symChild": {
            "latex": "x",
            "strokeIds": [
                5,
                6
            ]
        },
        "symRoot": {
            "latex": "x",
            "strokeIds": [
                0,
                1
            ]
        }
    },
    {
        "prob": 0.9999058246612549,
        "relation": "Sub",
        "symChild": {
            "latex": "1",
            "strokeIds": [
                2
            ]
        },
        "symRoot": {
            "latex": "x",
            "strokeIds": [
                0,
                1
            ]
        }
    },
    {
        "prob": 0.9996019005775452,
        "relation": "R",
        "symChild": {
            "latex": "x",
            "strokeIds": [
                5,
                6
            ]
        },
        "symRoot": {
            "latex": "+",
            "strokeIds": [
                3,
                4
            ]
        }
    },
    {
        "prob": 0.9423141479492188,
        "relation": "R",
        "symChild": {
            "latex": "=",
            "strokeIds": [
                8,
                9
            ]
        },
        "symRoot": {
            "latex": "x",
            "strokeIds": [
                5,
                6
            ]
        }
    },
    {
        "prob": 0.5569109320640564,
        "relation": "R",
        "symChild": {
            "latex": "x",
            "strokeIds": [
                10,
                11
            ]
        },
        "symRoot": {
            "latex": "x",
            "strokeIds": [
                5,
                6
            ]
        }
    },
    {
        "prob": 0.999982476234436,
        "relation": "Sub",
        "symChild": {
            "latex": "2",
            "strokeIds": [
                7
            ]
        },
        "symRoot": {
            "latex": "x",
            "strokeIds": [
                5,
                6
            ]
        }
    },
    {
        "prob": 0.39264240860939026,
        "relation": "R",
        "symChild": {
            "latex": "x",
            "strokeIds": [
                10,
                11
            ]
        },
        "symRoot": {
            "latex": "2",
            "strokeIds": [
                7
            ]
        }
    },
    {
        "prob": 0.9998558759689331,
        "relation": "R",
        "symChild": {
            "latex": "x",
            "strokeIds": [
                10,
                11
            ]
        },
        "symRoot": {
            "latex": "=",
            "strokeIds": [
                8,
                9
            ]
        }
    },
    {
        "prob": 0.999990701675415,
        "relation": "Sub",
        "symChild": {
            "latex": "3",
            "strokeIds": [
                12
            ]
        },
        "symRoot": {
            "latex": "x",
            "strokeIds": [
                10,
                11
            ]
        }
    }
]
