[
    {
        "prob": 0.9991415739059448,
        "relation": "R",
        "symChild": {
            "latex": "+",
            "strokeIds": [
                2,
                3
            ]
        },
        "symRoot": {
            "latex": "x",
            "strokeIds": [
                0
            ]
        }
    },
    {
        "prob": 0.9693631529808044,
        "relation": "R",
        "symChild": {
            "latex": "x",
            "strokeIds": [
                4,
                5
            ]
        },
        "symRoot": {
            "latex": "x",
            "strokeIds": [
                0
            ]
        }
    },
    {
        "prob": 0.9999850988388062,
        "relation": "Sub",
        "symChild": {
            "latex": "1",
            "strokeIds": [
                1
            ]
        },
        "symRoot": {
            "latex": "x",
            "strokeIds": [
                0
            ]
        }
    },
    {
        "prob": 0.9998986721038818,
        "relation": "R",
        "symChild": {
            "latex": "x",
            "strokeIds": [
                4,
                5
            ]
        },
        "symRoot": {
            "latex": "+",
            "strokeIds": [
                2,
                3
            ]
        }
    },
    {
        "prob": 0.9964483976364136,
        "relation": "R",
        "symChild": {
            "latex": "=",
            "strokeIds": [
                7,
                8
            ]
        },
        "symRoot": {
            "latex": "x",
            "strokeIds": [
                4,
                5
            ]
        }
    },
    {
        "prob": 0.9306105375289917,
        "relation": "R",
        "symChild": {
            "latex": "x",
            "strokeIds": [
                9,
                10
            ]
        },
        "symRoot": {
            "latex": "x",
            "strokeIds": [
                4,
                5
            ]
        }
    },
    {
        "prob": 0.9999856948852539,
        "relation": "Sub",
        "symChild": {
            "latex": "2",
            "strokeIds": [
                6
            ]
        },
        "symRoot": {
            "latex": "x",
            "strokeIds": [
                4,
                5
            ]
        }
    },
    {
        "prob": 0.9997192025184631,
        "relation": "R",
        "symChild": {
            "latex": "x",
            "strokeIds": [
                9,
                10
            ]
        },
        "symRoot": {
            "latex": "=",
            "strokeIds": [
                7,
                8
            ]
        }
    },
    {
        "prob": 0.9999847412109375,
        "relation": "Sub",
        "symChild": {
            "latex": "3",
            "strokeIds": [
                11
            ]
        },
        "symRoot": {
            "latex": "x",
            "strokeIds": [
                9,
                10
            ]
        }
    }
]
