[
    {
        "prob": 0.47720301151275635,
        "relation": "R",
        "symChild": {
            "latex": "-",
            "strokeIds": [
                11
            ]
        },
        "symRoot": {
            "latex": "\\tan",
            "strokeIds": [
                0,
                1,
                2,
                3
            ]
        }
    },
    {
        "prob": 0.9978544116020203,
        "relation": "R",
        "symChild": {
            "latex": "\\alpha",
            "strokeIds": [
                4
            ]
        },
        "symRoot": {
            "latex": "\\tan",
            "strokeIds": [
                0,
                1,
                2,
                3
            ]
        }
    },
    {
        "prob": 0.9998251795768738,
        "relation": "R",
        "symChild": {
            "latex": "-",
            "strokeIds": [
                5
            ]
        },
        "symRoot": {
            "latex": "\\alpha",
            "strokeIds": [
                4
            ]
        }
    },
    {
        "prob": 0.42875006794929504,
        "relation": "R",
        "symChild": {
            "latex": "\\tan",
            "strokeIds": [
                6,
                7,
                8,
                9
            ]
        },
        "symRoot": {
            "latex": "\\alpha",
            "strokeIds": [
                4
            ]
        }
    },
    {
        "prob": 0.9746338129043579,
        "relation": "R",
        "symChild": {
            "latex": "\\tan",
            "strokeIds": [
                6,
                7,
                8,
                9
            ]
        },
        "symRoot": {
            "latex": "-",
            "strokeIds": [
                5
            ]
        }
    },
    {
        "prob": 0.9994361996650696,
        "relation": "R",
        "symChild": {
            "latex": "\\beta",
            "strokeIds": [
                10
            ]
        },
        "symRoot": {
            "latex": "\\tan",
            "strokeIds": [
                6,
                7,
                8,
                9
            ]
        }
    },
    {
        "prob": 0.9876750707626343,
        "relation": "Be",
        "symChild": {
            "latex": "1",
            "strokeIds": [
                12
            ]
        },
        "symRoot": {
            "latex": "-",
            "strokeIds": [
                11
            ]
        }
    },
    {
        "prob": 0.6159323453903198,
        "relation": "Be",
        "symChild": {
            "latex": "+",
            "strokeIds": [
                13,
                14
            ]
        },
        "symRoot": {
            "latex": "-",
            "strokeIds": [
                11
            ]
        }
    },
    {
        "prob": 0.9978419542312622,
        "relation": "Be",
        "symChild": {
            "latex": "\\tan",
            "strokeIds": [
                15,
                16,
                17,
                18
            ]
        },
        "symRoot": {
            "latex": "-",
            "strokeIds": [
                11
            ]
        }
    },
    {
        "prob": 0.9988195300102234,
        "relation": "Be",
        "symChild": {
            "latex": "\\alpha",
            "strokeIds": [
                19
            ]
        },
        "symRoot": {
            "latex": "-",
            "strokeIds": [
                11
            ]
        }
    },
    {
        "prob": 0.977387011051178,
        "relation": "Be",
        "symChild": {
            "latex": "\\tan",
            "strokeIds": [
                20,
                21,
                22,
                23
            ]
        },
        "symRoot": {
            "latex": "-",
            "strokeIds": [
                11
            ]
        }
    },
    {
        "prob": 0.9640020728111267,
        "relation": "Be",
        "symChild": {
            "latex": "\\beta",
            "strokeIds": [
                24
            ]
        },
        "symRoot": {
            "latex": "-",
            "strokeIds": [
                11
            ]
        }
    },
    {
        "prob": 0.9976342916488647,
        "relation": "Ab",
        "symChild": {
            "latex": "\\tan",
            "strokeIds": [
                0,
                1,
                2,
                3
            ]
        },
        "symRoot": {
            "latex": "-",
            "strokeIds": [
                11
            ]
        }
    },
    {
        "prob": 0.9646983742713928,
        "relation": "Ab",
        "symChild": {
            "latex": "\\alpha",
            "strokeIds": [
                4
            ]
        },
        "symRoot": {
            "latex": "-",
            "strokeIds": [
                11
            ]
        }
    },
    {
        "prob": 0.8039993047714233,
        "relation": "Ab",
        "symChild": {
            "latex": "-",
            "strokeIds": [
                5
            ]
        },
        "symRoot": {
            "latex": "-",
            "strokeIds": [
                11
            ]
        }
    },
    {
        "prob": 0.9939814209938049,
        "relation": "Ab",
        "symChild": {
            "latex": "\\tan",
            "strokeIds": [
                6,
                7,
                8,
                9
            ]
        },
        "symRoot": {
            "latex": "-",
            "strokeIds": [
                11
            ]
        }
    },
    {
        "prob": 0.9838896989822388,
        "relation": "Ab",
        "symChild": {
            "latex": "\\beta",
            "strokeIds": [
                10
            ]
        },
        "symRoot": {
            "latex": "-",
            "strokeIds": [
                11
            ]
        }
    },
    {
        "prob": 0.9998200535774231,
        "relation": "R",
        "symChild": {
            "latex": "+",
            "strokeIds": [
                13,
                14
            ]
        },
        "symRoot": {
            "latex": "1",
            "strokeIds": [
                12
            ]
        }
    },
    {
        "prob": 0.9999706745147705,
        "relation": "R",
        "symChild": {
            "latex": "\\tan",
            "strokeIds": [
                15,
                16,
                17,
                18
            ]
        },
        "symRoot": {
            "latex": "+",
            "strokeIds": [
                13,
                14
            ]
        }
    },
    {
        "prob": 0.9996824264526367,
        "relation": "R",
        "symChild": {
            "latex": "\\alpha",
            "strokeIds": [
                19
            ]
        },
        "symRoot": {
            "latex": "\\tan",
            "strokeIds": [
                15,
                16,
                17,
                18
            ]
        }
    },
    {
        "prob": 0.7614941596984863,
        "relation": "R",
        "symChild": {
            "latex": "\\tan",
            "strokeIds": [
                20,
                21,
                22,
                23
            ]
        },
        "symRoot": {
            "latex": "\\tan",
            "strokeIds": [
                15,
                16,
                17,
                18
            ]
        }
    },
    {
        "prob": 0.9996905326843262,
        "relation": "R",
        "symChild": {
            "latex": "\\tan",
            "strokeIds": [
                20,
                21,
                22,
                23
            ]
        },
        "symRoot": {
            "latex": "\\alpha",
            "strokeIds": [
                19
            ]
        }
    },
    {
        "prob": 0.9148217439651489,
        "relation": "R",
        "symChild": {
            "latex": "\\beta",
            "strokeIds": [
                24
            ]
        },
        "symRoot": {
            "latex": "\\alpha",
            "strokeIds": [
                19
            ]
        }
    },
    {
        "prob": 0.9998953342437744,
        "relation": "R",
        "symChild": {
            "latex": "\\beta",
            "strokeIds": [
                24
            ]
        },
        "symRoot": {
            "latex": "\\tan",
            "strokeIds": [
                20,
                21,
                22,
                23
            ]
        }
    }
]
