[
    {
        "prob": 0.9990504384040833,
        "relation": "R",
        "symChild": {
            "latex": "+",
            "strokeIds": [
                3,
                4
            ]
        },
        "symRoot": {
            "latex": "x",
            "strokeIds": [
                0,
                1
            ]
        }
    },
    {
        "prob": 0.9292353391647339,
        "relation": "R",
        "symChild": {
            "latex": "y",
            "strokeIds": [
                5
            ]
        },
        "symRoot": {
            "latex": "x",
            "strokeIds": [
                0,
                1
            ]
        }
    },
    {
        "prob": 0.9009197354316711,
        "relation": "R",
        "symChild": {
            "latex": "\\lt",
            "strokeIds": [
                7
            ]
        },
        "symRoot": {
            "latex": "x",
            "strokeIds": [
                0,
                1
            ]
        }
    },
    {
        "prob": 0.9997519850730896,
        "relation": "Sup",
        "symChild": {
            "latex": "2",
            "strokeIds": [
                2
            ]
        },
        "symRoot": {
            "latex": "x",
            "strokeIds": [
                0,
                1
            ]
        }
    },
    {
        "prob": 0.9999535083770752,
        "relation": "R",
        "symChild": {
            "latex": "y",
            "strokeIds": [
                5
            ]
        },
        "symRoot": {
            "latex": "+",
            "strokeIds": [
                3,
                4
            ]
        }
    },
    {
        "prob": 0.9990705847740173,
        "relation": "R",
        "symChild": {
            "latex": "\\lt",
            "strokeIds": [
                7
            ]
        },
        "symRoot": {
            "latex": "y",
            "strokeIds": [
                5
            ]
        }
    },
    {
        "prob": 0.9584795236587524,
        "relation": "R",
        "symChild": {
            "latex": "1",
            "strokeIds": [
                8
            ]
        },
        "symRoot": {
            "latex": "y",
            "strokeIds": [
                5
            ]
        }
    },
    {
        "prob": 0.9999821186065674,
        "relation": "Sup",
        "symChild": {
            "latex": "2",
            "strokeIds": [
                6
            ]
        },
        "symRoot": {
            "latex": "y",
            "strokeIds": [
                5
            ]
        }
    },
    {
        "prob": 0.9992308616638184,
        "relation": "R",
        "symChild": {
            "latex": "1",
            "strokeIds": [
                8
            ]
        },
        "symRoot": {
            "latex": "\\lt",
            "strokeIds": [
                7
            ]
        }
    }
]
